========================================
  CORRIGIR TODOS OS FORMULARIOS
========================================
  Modo: PARALELO (4 workers)

Pre-sweep: validando stub fwprogressbar.prg...
Pattern #116: fwprogressbar stub completo (Titulo/SubTitulo/Rodape/lblPercentage OK)

Arquivos encontrados:
  Forms: 308
  BOs:   304
  Total: 612

Enfileirando 612 arquivos em pool de 4 workers...
=== CORRETOR AUTOMATICO ===
=== CORRETOR AUTOMATICO ===
=== CORRETOR AUTOMATICO ===



=== CORRETOR AUTOMATICO ===
Arquivo: C:\4c\projeto\app\forms\cadastros\FormACE.prg


612 jobs enfileirados. Aguardando conclusao...
Arquivo: C:\4c\projeto\app\forms\cadastros\FormAcessoGrupo.prg

Arquivo: C:\4c\projeto\app\forms\cadastros\FormACJ.prg
Arquivo: C:\4c\projeto\app\forms\cadastros\Formacg.prg



Backup criado: C:\4c\projeto\app\forms\cadastros\FormACE.prg.bak
Backup criado: C:\4c\projeto\app\forms\cadastros\FormAcessoGrupo.prg.bak
Backup criado: C:\4c\projeto\app\forms\cadastros\Formacg.prg.bak
Backup criado: C:\4c\projeto\app\forms\cadastros\FormACJ.prg.bak
Linhas originais: 770

Linhas originais: 1505

Linhas originais: 1749

Aplicando correcoes...
Aplicando correcoes...
Linhas originais: 1316
Aplicando correcoes...

Aplicando correcoes...
  Schema BIT columns carregadas: 202 colunas
  Schema BIT columns carregadas: 202 colunas

Correcoes aplicadas: 2

Detalhes:
  Schema BIT columns carregadas: 202 colunas
  Linha 358: [CONTAINER_BOTOES_TRANSPARENTE]
    Original:  .BackStyle = 1
    Corrigido: .BackStyle = 0

  Linha 358: [CNT-OVERLAY-GRID-BACKSTYLE]
    Original:  .BackStyle = 0
    Corrigido: .BackStyle = 1


=== CORRECAO CONCLUIDA ===
2 correcao(oes) aplicada(s).
=== CORRETOR AUTOMATICO ===

Arquivo: C:\4c\projeto\app\forms\cadastros\Formacu.prg

Backup criado: C:\4c\projeto\app\forms\cadastros\Formacu.prg.bak
Linhas originais: 2668

Aplicando correcoes...
[  1/612] FormAcessoGrupo.prg                              8,7s  -> sem correcoes

Correcoes aplicadas: 0


  Schema BIT columns carregadas: 202 colunas
=== CORRECAO CONCLUIDA ===
Nenhuma correcao necessaria.
=== CORRETOR AUTOMATICO ===

Arquivo: C:\4c\projeto\app\forms\cadastros\FormAli.prg

Backup criado: C:\4c\projeto\app\forms\cadastros\FormAli.prg.bak
Linhas originais: 1270

Aplicando correcoes...
[  2/612] FormACE.prg                                      9,3s  -> sem correcoes

Correcoes aplicadas: 0


=== CORRECAO CONCLUIDA ===
Nenhuma correcao necessaria.
=== CORRETOR AUTOMATICO ===

Arquivo: C:\4c\projeto\app\forms\cadastros\FormARV.prg

Backup criado: C:\4c\projeto\app\forms\cadastros\FormARV.prg.bak
Linhas originais: 1306

Aplicando correcoes...
[  3/612] FormACJ.prg                                     10,9s  -> sem correcoes

Correcoes aplicadas: 0


=== CORRECAO CONCLUIDA ===
Nenhuma correcao necessaria.
=== CORRETOR AUTOMATICO ===

Arquivo: C:\4c\projeto\app\forms\cadastros\FormBAL.prg

Backup criado: C:\4c\projeto\app\forms\cadastros\FormBAL.prg.bak
Linhas originais: 4887

Aplicando correcoes...
[  4/612] Formacg.prg                                     12,7s  -> sem correcoes
  Schema BIT columns carregadas: 202 colunas

Correcoes aplicadas: 0


=== CORRECAO CONCLUIDA ===
Nenhuma correcao necessaria.
=== CORRETOR AUTOMATICO ===

Arquivo: C:\4c\projeto\app\forms\cadastros\FormBCC.prg

Backup criado: C:\4c\projeto\app\forms\cadastros\FormBCC.prg.bak
Linhas originais: 862

Aplicando correcoes...
[  5/612] FormAli.prg                                      6,8s  -> sem correcoes
  Schema BIT columns carregadas: 202 colunas

Correcoes aplicadas: 0


  Schema BIT columns carregadas: 202 colunas
=== CORRECAO CONCLUIDA ===
Nenhuma correcao necessaria.
=== CORRETOR AUTOMATICO ===

Arquivo: C:\4c\projeto\app\forms\cadastros\FormBch.prg

Backup criado: C:\4c\projeto\app\forms\cadastros\FormBch.prg.bak
[  6/612] FormARV.prg                                      8,7s  -> sem correcoes

Linhas originais: 2959
Correcoes aplicadas: 0



=== CORRECAO CONCLUIDA ===
Aplicando correcoes...
Nenhuma correcao necessaria.
[  7/612] FormBCC.prg                                      5,3s  -> sem correcoes
=== CORRETOR AUTOMATICO ===

Arquivo: C:\4c\projeto\app\forms\cadastros\FormBlq.prg

Backup criado: C:\4c\projeto\app\forms\cadastros\FormBlq.prg.bak
Linhas originais: 1142

Aplicando correcoes...
  Schema BIT columns carregadas: 202 colunas
  Schema BIT columns carregadas: 202 colunas

Correcoes aplicadas: 0


=== CORRECAO CONCLUIDA ===
Nenhuma correcao necessaria.
=== CORRETOR AUTOMATICO ===

Arquivo: C:\4c\projeto\app\forms\cadastros\FormCAD.prg

Backup criado: C:\4c\projeto\app\forms\cadastros\FormCAD.prg.bak
Linhas originais: 1075

Aplicando correcoes...
[  8/612] FormBlq.prg                                      5,9s  -> sem correcoes
  Schema BIT columns carregadas: 202 colunas

Correcoes aplicadas: 1

Detalhes:
  Linha 461: [ENCERRAR-CANONICO]
    Original:  (auto-fix)
    Corrigido: (auto-fix)


=== CORRECAO CONCLUIDA ===
1 correcao(oes) aplicada(s).
=== CORRETOR AUTOMATICO ===

Arquivo: C:\4c\projeto\app\forms\cadastros\FormCAF.prg

Backup criado: C:\4c\projeto\app\forms\cadastros\FormCAF.prg.bak
Linhas originais: 1496

Aplicando correcoes...
[  9/612] Formacu.prg                                     22,2s  -> sem correcoes

Correcoes aplicadas: 1

Detalhes:
  Linha 343: [CNT-SAIDA-CANONICO]
    Original:  (auto-fix)
    Corrigido: (auto-fix)


=== CORRECAO CONCLUIDA ===
1 correcao(oes) aplicada(s).
=== CORRETOR AUTOMATICO ===

Arquivo: C:\4c\projeto\app\forms\cadastros\FormCargo.prg

Backup criado: C:\4c\projeto\app\forms\cadastros\FormCargo.prg.bak
Linhas originais: 3303

Aplicando correcoes...
[ 10/612] FormCAD.prg                                      4,5s  -> sem correcoes
  Schema BIT columns carregadas: 202 colunas
  Schema BIT columns carregadas: 202 colunas

Correcoes aplicadas: 0


=== CORRECAO CONCLUIDA ===
Nenhuma correcao necessaria.
[ 11/612] FormCAF.prg                                      7,2s  -> sem correcoes
=== CORRETOR AUTOMATICO ===

Arquivo: C:\4c\projeto\app\forms\cadastros\FormCat.prg

Backup criado: C:\4c\projeto\app\forms\cadastros\FormCat.prg.bak
Linhas originais: 1235

Aplicando correcoes...
  Schema BIT columns carregadas: 202 colunas

Correcoes aplicadas: 0


=== CORRECAO CONCLUIDA ===
Nenhuma correcao necessaria.
=== CORRETOR AUTOMATICO ===

Arquivo: C:\4c\projeto\app\forms\cadastros\FormCCJ.prg

Backup criado: C:\4c\projeto\app\forms\cadastros\FormCCJ.prg.bak
Linhas originais: 1844

Aplicando correcoes...
[ 12/612] FormCat.prg                                      5,9s  -> sem correcoes

Correcoes aplicadas: 0


=== CORRECAO CONCLUIDA ===
Nenhuma correcao necessaria.
=== CORRETOR AUTOMATICO ===

Arquivo: C:\4c\projeto\app\forms\cadastros\FormCco.prg

Backup criado: C:\4c\projeto\app\forms\cadastros\FormCco.prg.bak
Linhas originais: 1663

Aplicando correcoes...
[ 13/612] FormBch.prg                                     25,6s  -> sem correcoes
  Schema BIT columns carregadas: 202 colunas
  Schema BIT columns carregadas: 202 colunas
  Schema BIT columns carregadas: 202 colunas

Correcoes aplicadas: 0


=== CORRECAO CONCLUIDA ===
Nenhuma correcao necessaria.
=== CORRETOR AUTOMATICO ===

Arquivo: C:\4c\projeto\app\forms\cadastros\Formccr.prg

Backup criado: C:\4c\projeto\app\forms\cadastros\Formccr.prg.bak
Linhas originais: 6823

Aplicando correcoes...
[ 14/612] FormCCJ.prg                                     10,6s  -> sem correcoes
  Schema BIT columns carregadas: 202 colunas

Correcoes aplicadas: 0


=== CORRECAO CONCLUIDA ===
Nenhuma correcao necessaria.
=== CORRETOR AUTOMATICO ===

Arquivo: C:\4c\projeto\app\forms\cadastros\FormCec.prg

Backup criado: C:\4c\projeto\app\forms\cadastros\FormCec.prg.bak
Linhas originais: 1384

Aplicando correcoes...
[ 15/612] FormCco.prg                                      9,7s  -> sem correcoes
  Schema BIT columns carregadas: 202 colunas

Correcoes aplicadas: 0


=== CORRECAO CONCLUIDA ===
Nenhuma correcao necessaria.
[ 16/612] FormCargo.prg                                   28,8s  -> sem correcoes
=== CORRETOR AUTOMATICO ===

Arquivo: C:\4c\projeto\app\forms\cadastros\FormCeg.prg

Backup criado: C:\4c\projeto\app\forms\cadastros\FormCeg.prg.bak
Linhas originais: 1573

Aplicando correcoes...

Correcoes aplicadas: 0


=== CORRECAO CONCLUIDA ===
Nenhuma correcao necessaria.
=== CORRETOR AUTOMATICO ===

Arquivo: C:\4c\projeto\app\forms\cadastros\FormCEP.prg

Backup criado: C:\4c\projeto\app\forms\cadastros\FormCEP.prg.bak
Linhas originais: 1477

Aplicando correcoes...
[ 17/612] FormCec.prg                                      6,2s  -> sem correcoes
  Schema BIT columns carregadas: 202 colunas
  Schema BIT columns carregadas: 202 colunas

Correcoes aplicadas: 0


=== CORRECAO CONCLUIDA ===
Nenhuma correcao necessaria.
=== CORRETOR AUTOMATICO ===

Arquivo: C:\4c\projeto\app\forms\cadastros\FormCES.prg

Backup criado: C:\4c\projeto\app\forms\cadastros\FormCES.prg.bak
Linhas originais: 1195

Aplicando correcoes...
[ 18/612] FormCEP.prg                                      7,1s  -> sem correcoes

Correcoes aplicadas: 0


=== CORRECAO CONCLUIDA ===
Nenhuma correcao necessaria.
=== CORRETOR AUTOMATICO ===

Arquivo: C:\4c\projeto\app\forms\cadastros\FormCfb.prg

Backup criado: C:\4c\projeto\app\forms\cadastros\FormCfb.prg.bak
Linhas originais: 2562

Aplicando correcoes...
[ 19/612] FormCeg.prg                                      8,2s  -> sem correcoes
  Schema BIT columns carregadas: 202 colunas

Correcoes aplicadas: 0


=== CORRECAO CONCLUIDA ===
Nenhuma correcao necessaria.
=== CORRETOR AUTOMATICO ===

Arquivo: C:\4c\projeto\app\forms\cadastros\Formcfi.prg

Backup criado: C:\4c\projeto\app\forms\cadastros\Formcfi.prg.bak
Linhas originais: 1765

Aplicando correcoes...
[ 20/612] FormCES.prg                                      5,0s  -> sem correcoes

Correcoes aplicadas: 0


=== CORRECAO CONCLUIDA ===
Nenhuma correcao necessaria.
=== CORRETOR AUTOMATICO ===

Arquivo: C:\4c\projeto\app\forms\cadastros\Formcfo.prg

Backup criado: C:\4c\projeto\app\forms\cadastros\Formcfo.prg.bak
Linhas originais: 3916

Aplicando correcoes...
[ 21/612] FormBAL.prg                                     62,0s  -> sem correcoes
  Schema BIT columns carregadas: 202 colunas
  Schema BIT columns carregadas: 202 colunas

Correcoes aplicadas: 0


=== CORRECAO CONCLUIDA ===
Nenhuma correcao necessaria.
=== CORRETOR AUTOMATICO ===

Arquivo: C:\4c\projeto\app\forms\cadastros\Formche.prg

Backup criado: C:\4c\projeto\app\forms\cadastros\Formche.prg.bak
Linhas originais: 3335

Aplicando correcoes...
[ 22/612] Formcfi.prg                                      9,0s  -> sem correcoes

Correcoes aplicadas: 0


=== CORRECAO CONCLUIDA ===
Nenhuma correcao necessaria.
=== CORRETOR AUTOMATICO ===

Arquivo: C:\4c\projeto\app\forms\cadastros\FormCHM.prg

Backup criado: C:\4c\projeto\app\forms\cadastros\FormCHM.prg.bak
Linhas originais: 1605

Aplicando correcoes...
[ 23/612] FormCfb.prg                                     16,2s  -> sem correcoes
  Schema BIT columns carregadas: 202 colunas

Correcoes aplicadas: 0


=== CORRECAO CONCLUIDA ===
Nenhuma correcao necessaria.
=== CORRETOR AUTOMATICO ===

Arquivo: C:\4c\projeto\app\forms\cadastros\FormCla.prg

Backup criado: C:\4c\projeto\app\forms\cadastros\FormCla.prg.bak
Linhas originais: 1568

Aplicando correcoes...
[ 24/612] FormCHM.prg                                      7,2s  -> sem correcoes
  Schema BIT columns carregadas: 202 colunas
  Schema BIT columns carregadas: 202 colunas
  Schema BIT columns carregadas: 202 colunas

Correcoes aplicadas: 0


=== CORRECAO CONCLUIDA ===
Nenhuma correcao necessaria.
=== CORRETOR AUTOMATICO ===

Arquivo: C:\4c\projeto\app\forms\cadastros\FormCLC.prg

Backup criado: C:\4c\projeto\app\forms\cadastros\FormCLC.prg.bak
Linhas originais: 2775

Aplicando correcoes...
[ 25/612] FormCla.prg                                      7,1s  -> sem correcoes

Correcoes aplicadas: 0


=== CORRECAO CONCLUIDA ===
Nenhuma correcao necessaria.
=== CORRETOR AUTOMATICO ===

Arquivo: C:\4c\projeto\app\forms\cadastros\FormClf.prg

Backup criado: C:\4c\projeto\app\forms\cadastros\FormClf.prg.bak
Linhas originais: 2523

Aplicando correcoes...
[ 26/612] Formche.prg                                     27,5s  -> sem correcoes

Correcoes aplicadas: 1

Detalhes:
  Linha 299: [ENCERRAR-CANONICO]
    Original:  (auto-fix)
    Corrigido: (auto-fix)


=== CORRECAO CONCLUIDA ===
1 correcao(oes) aplicada(s).
=== CORRETOR AUTOMATICO ===

Arquivo: C:\4c\projeto\app\forms\cadastros\Formcmp.prg

Backup criado: C:\4c\projeto\app\forms\cadastros\Formcmp.prg.bak
Linhas originais: 995

Aplicando correcoes...
[ 27/612] Formcfo.prg                                     36,0s  -> sem correcoes
  Schema BIT columns carregadas: 202 colunas
  Schema BIT columns carregadas: 202 colunas

Correcoes aplicadas: 0


=== CORRECAO CONCLUIDA ===
Nenhuma correcao necessaria.
=== CORRETOR AUTOMATICO ===

Arquivo: C:\4c\projeto\app\forms\cadastros\FormCmr.prg

Backup criado: C:\4c\projeto\app\forms\cadastros\FormCmr.prg.bak
Linhas originais: 2475

Aplicando correcoes...
[ 28/612] Formcmp.prg                                      4,3s  -> sem correcoes
  Schema BIT columns carregadas: 202 colunas

Correcoes aplicadas: 0


=== CORRECAO CONCLUIDA ===
Nenhuma correcao necessaria.
=== CORRETOR AUTOMATICO ===

Arquivo: C:\4c\projeto\app\forms\cadastros\FormCNF.prg

Backup criado: C:\4c\projeto\app\forms\cadastros\FormCNF.prg.bak
Linhas originais: 2795
[ 29/612] FormCLC.prg                                     20,6s  -> sem correcoes

Aplicando correcoes...
  Schema BIT columns carregadas: 202 colunas
  Schema BIT columns carregadas: 202 colunas

Correcoes aplicadas: 2

Detalhes:
  Linha 337: [CONTAINER_BOTOES_TRANSPARENTE]
    Original:  .BackStyle = 1
    Corrigido: .BackStyle = 0

  Linha 337: [CNT-OVERLAY-GRID-BACKSTYLE]
    Original:  .BackStyle = 0
    Corrigido: .BackStyle = 1


=== CORRECAO CONCLUIDA ===
2 correcao(oes) aplicada(s).
[ 30/612] FormClf.prg                                     20,9s  -> sem correcoes
=== CORRETOR AUTOMATICO ===

Arquivo: C:\4c\projeto\app\forms\cadastros\Formcnl.prg

Backup criado: C:\4c\projeto\app\forms\cadastros\Formcnl.prg.bak
Linhas originais: 1989

Aplicando correcoes...

Correcoes aplicadas: 2

Detalhes:
  Linha 448: [CONTAINER_BOTOES_TRANSPARENTE]
    Original:  .BackStyle = 1
    Corrigido: .BackStyle = 0

  Linha 448: [CNT-OVERLAY-GRID-BACKSTYLE]
    Original:  .BackStyle = 0
    Corrigido: .BackStyle = 1


=== CORRECAO CONCLUIDA ===
2 correcao(oes) aplicada(s).
=== CORRETOR AUTOMATICO ===

Arquivo: C:\4c\projeto\app\forms\cadastros\FormCNQ.prg

Backup criado: C:\4c\projeto\app\forms\cadastros\FormCNQ.prg.bak
Linhas originais: 1052

Aplicando correcoes...
  Schema BIT columns carregadas: 202 colunas
[ 31/612] FormCmr.prg                                     22,4s  -> sem correcoes
  Schema BIT columns carregadas: 202 colunas
  Schema BIT columns carregadas: 202 colunas

Correcoes aplicadas: 0


=== CORRECAO CONCLUIDA ===
Nenhuma correcao necessaria.
=== CORRETOR AUTOMATICO ===

Arquivo: C:\4c\projeto\app\forms\cadastros\FormCOC.prg

Backup criado: C:\4c\projeto\app\forms\cadastros\FormCOC.prg.bak
Linhas originais: 1503

Aplicando correcoes...
[ 32/612] FormCNQ.prg                                      6,5s  -> sem correcoes

Correcoes aplicadas: 3


Detalhes:
  Linha 998: [NVL_BIT_FIELD_WARN]
Correcoes aplicadas: 0


    Original:  IF NVL(cursor_4c_Dados.correcs, 0) = 0
    Corrigido: (revisar manualmente)

=== CORRECAO CONCLUIDA ===
Nenhuma correcao necessaria.
  Linha 1044: [NVL_BIT_FIELD_WARN]
    Original:  IF NVL(cursor_4c_Dados.correcs, 0) = 0
=== CORRETOR AUTOMATICO ===

    Corrigido: (revisar manualmente)

Arquivo: C:\4c\projeto\app\forms\cadastros\FormCol.prg
  Linha 2698: [NVL_BIT_FIELD_WARN]

    Original:  IF NVL(cursor_4c_Dados.correcs, 0) = 0
    Corrigido: (revisar manualmente)


Backup criado: C:\4c\projeto\app\forms\cadastros\FormCol.prg.bak
=== CORRECAO CONCLUIDA ===
3 correcao(oes) aplicada(s).
Linhas originais: 1232

Aplicando correcoes...
=== CORRETOR AUTOMATICO ===

Arquivo: C:\4c\projeto\app\forms\cadastros\FormCOM.prg

Backup criado: C:\4c\projeto\app\forms\cadastros\FormCOM.prg.bak
Linhas originais: 2243

Aplicando correcoes...
[ 33/612] FormCNF.prg                                     29,3s  -> sem correcoes
[ 34/612] Formcnl.prg                                     18,6s  -> sem correcoes
  Schema BIT columns carregadas: 202 colunas
  Schema BIT columns carregadas: 202 colunas

Correcoes aplicadas: 0


=== CORRECAO CONCLUIDA ===
Nenhuma correcao necessaria.
=== CORRETOR AUTOMATICO ===

Arquivo: C:\4c\projeto\app\forms\cadastros\FormCor.prg

Backup criado: C:\4c\projeto\app\forms\cadastros\FormCor.prg.bak
Linhas originais: 1199

Aplicando correcoes...
[ 35/612] FormCOC.prg                                     11,5s  -> sem correcoes

Correcoes aplicadas: 1

Detalhes:
  Linha 292: [CNT-SAIDA-CANONICO]
    Original:  (auto-fix)
    Corrigido: (auto-fix)


=== CORRECAO CONCLUIDA ===
1 correcao(oes) aplicada(s).
=== CORRETOR AUTOMATICO ===

Arquivo: C:\4c\projeto\app\forms\cadastros\FormCRC.prg

Backup criado: C:\4c\projeto\app\forms\cadastros\FormCRC.prg.bak
Linhas originais: 1267

Aplicando correcoes...
[ 36/612] FormCol.prg                                      7,7s  -> sem correcoes
  Schema BIT columns carregadas: 202 colunas
  Schema BIT columns carregadas: 202 colunas
  Schema BIT columns carregadas: 202 colunas

Correcoes aplicadas: 2

Detalhes:
  Linha 385: [CONTAINER_BOTOES_TRANSPARENTE]
    Original:  .BackStyle = 1
    Corrigido: .BackStyle = 0

  Linha 385: [CNT-OVERLAY-GRID-BACKSTYLE]
    Original:  .BackStyle = 0
    Corrigido: .BackStyle = 1


=== CORRECAO CONCLUIDA ===
2 correcao(oes) aplicada(s).
=== CORRETOR AUTOMATICO ===

Arquivo: C:\4c\projeto\app\forms\cadastros\Formcrf.prg

Backup criado: C:\4c\projeto\app\forms\cadastros\Formcrf.prg.bak
Linhas originais: 1803

Aplicando correcoes...
[ 37/612] FormCor.prg                                      7,2s  -> sem correcoes

Correcoes aplicadas: 0


=== CORRECAO CONCLUIDA ===
Nenhuma correcao necessaria.
=== CORRETOR AUTOMATICO ===

Arquivo: C:\4c\projeto\app\forms\cadastros\Formcrp.prg

Backup criado: C:\4c\projeto\app\forms\cadastros\Formcrp.prg.bak
Linhas originais: 1286

Aplicando correcoes...
[ 38/612] FormCRC.prg                                      7,9s  -> sem correcoes

Correcoes aplicadas: 0


=== CORRECAO CONCLUIDA ===
Nenhuma correcao necessaria.
=== CORRETOR AUTOMATICO ===

Arquivo: C:\4c\projeto\app\forms\cadastros\FormCrt.prg

Backup criado: C:\4c\projeto\app\forms\cadastros\FormCrt.prg.bak
Linhas originais: 1111

Aplicando correcoes...
[ 39/612] Formccr.prg                                    112,6s  -> sem correcoes

Correcoes aplicadas: 1

Detalhes:
  Linha 336: [CNT-SAIDA-CANONICO]
    Original:  (auto-fix)
    Corrigido: (auto-fix)


=== CORRECAO CONCLUIDA ===
1 correcao(oes) aplicada(s).
=== CORRETOR AUTOMATICO ===

Arquivo: C:\4c\projeto\app\forms\cadastros\FormCsi.prg

Backup criado: C:\4c\projeto\app\forms\cadastros\FormCsi.prg.bak
Linhas originais: 885

Aplicando correcoes...
[ 40/612] FormCOM.prg                                     19,2s  -> sem correcoes
  Schema BIT columns carregadas: 202 colunas
  Schema BIT columns carregadas: 202 colunas
  Schema BIT columns carregadas: 202 colunas
  Schema BIT columns carregadas: 202 colunas

Correcoes aplicadas: 0


=== CORRECAO CONCLUIDA ===
Nenhuma correcao necessaria.
=== CORRETOR AUTOMATICO ===

Arquivo: C:\4c\projeto\app\forms\cadastros\FormCst.prg

Backup criado: C:\4c\projeto\app\forms\cadastros\FormCst.prg.bak
Linhas originais: 1131

Aplicando correcoes...
[ 41/612] Formcrp.prg                                      7,4s  -> sem correcoes

Correcoes aplicadas: 0


=== CORRECAO CONCLUIDA ===
Nenhuma correcao necessaria.
=== CORRETOR AUTOMATICO ===

Arquivo: C:\4c\projeto\app\forms\cadastros\FormCTA.prg

Backup criado: C:\4c\projeto\app\forms\cadastros\FormCTA.prg.bak
Linhas originais: 6076

Aplicando correcoes...
[ 42/612] FormCsi.prg                                      4,3s  -> sem correcoes

Correcoes aplicadas: 2

Detalhes:
  Linha 399: [CONTAINER_BOTOES_TRANSPARENTE]
    Original:  .BackStyle = 1
    Corrigido: .BackStyle = 0

  Linha 399: [CNT-OVERLAY-GRID-BACKSTYLE]
    Original:  .BackStyle = 0
    Corrigido: .BackStyle = 1


=== CORRECAO CONCLUIDA ===
2 correcao(oes) aplicada(s).
=== CORRETOR AUTOMATICO ===

Arquivo: C:\4c\projeto\app\forms\cadastros\FormCtg.prg

Backup criado: C:\4c\projeto\app\forms\cadastros\FormCtg.prg.bak
Linhas originais: 1001

Aplicando correcoes...
[ 43/612] FormCrt.prg                                      6,2s  -> sem correcoes

Correcoes aplicadas: 1

Detalhes:
  Linha 312: [ENCERRAR-CANONICO]
    Original:  (auto-fix)
    Corrigido: (auto-fix)


=== CORRECAO CONCLUIDA ===
1 correcao(oes) aplicada(s).
=== CORRETOR AUTOMATICO ===

Arquivo: C:\4c\projeto\app\forms\cadastros\FormCVE.prg

Backup criado: C:\4c\projeto\app\forms\cadastros\FormCVE.prg.bak
Linhas originais: 1967

Aplicando correcoes...
[ 44/612] Formcrf.prg                                     12,4s  -> sem correcoes
  Schema BIT columns carregadas: 202 colunas
  Schema BIT columns carregadas: 202 colunas

Correcoes aplicadas: 2

Detalhes:
  Linha 386: [CONTAINER_BOTOES_TRANSPARENTE]
    Original:  .BackStyle = 1
    Corrigido: .BackStyle = 0

  Linha 386: [CNT-OVERLAY-GRID-BACKSTYLE]
    Original:  .BackStyle = 0
    Corrigido: .BackStyle = 1


=== CORRECAO CONCLUIDA ===
2 correcao(oes) aplicada(s).
=== CORRETOR AUTOMATICO ===

Arquivo: C:\4c\projeto\app\forms\cadastros\FormCVI.prg

[ 45/612] FormCtg.prg                                      5,2s  -> sem correcoes
Backup criado: C:\4c\projeto\app\forms\cadastros\FormCVI.prg.bak
Linhas originais: 1957

Aplicando correcoes...

Correcoes aplicadas: 1

Detalhes:
  Linha 300: [ENCERRAR-CANONICO]
    Original:  (auto-fix)
    Corrigido: (auto-fix)


=== CORRECAO CONCLUIDA ===
1 correcao(oes) aplicada(s).
=== CORRETOR AUTOMATICO ===

Arquivo: C:\4c\projeto\app\forms\cadastros\FormDepartamento.prg

Backup criado: C:\4c\projeto\app\forms\cadastros\FormDepartamento.prg.bak
Linhas originais: 1286

Aplicando correcoes...
[ 46/612] FormCst.prg                                      6,8s  -> sem correcoes
  Schema BIT columns carregadas: 202 colunas
  Schema BIT columns carregadas: 202 colunas

Correcoes aplicadas: 0


=== CORRECAO CONCLUIDA ===
Nenhuma correcao necessaria.
=== CORRETOR AUTOMATICO ===

Arquivo: C:\4c\projeto\app\forms\cadastros\FormDES.prg

Backup criado: C:\4c\projeto\app\forms\cadastros\FormDES.prg.bak
Linhas originais: 1502

Aplicando correcoes...
[ 47/612] FormDepartamento.prg                             7,9s  -> sem correcoes
  Schema BIT columns carregadas: 202 colunas

Correcoes aplicadas: 1

Detalhes:
  Linha 335: [ENCERRAR-CANONICO]
    Original:  (auto-fix)
    Corrigido: (auto-fix)


=== CORRECAO CONCLUIDA ===
1 correcao(oes) aplicada(s).
=== CORRETOR AUTOMATICO ===

Arquivo: C:\4c\projeto\app\forms\cadastros\FormDIC.prg

Backup criado: C:\4c\projeto\app\forms\cadastros\FormDIC.prg.bak
Linhas originais: 909

Aplicando correcoes...
[ 48/612] FormCVE.prg                                     16,4s  -> sem correcoes
  Schema BIT columns carregadas: 202 colunas

Correcoes aplicadas: 0


=== CORRECAO CONCLUIDA ===
Nenhuma correcao necessaria.
=== CORRETOR AUTOMATICO ===

Arquivo: C:\4c\projeto\app\forms\cadastros\FormDpi.prg

Backup criado: C:\4c\projeto\app\forms\cadastros\FormDpi.prg.bak
Linhas originais: 880

Aplicando correcoes...
[ 49/612] FormCVI.prg                                     15,1s  -> sem correcoes
  Schema BIT columns carregadas: 202 colunas

Correcoes aplicadas: 1

Detalhes:
  Linha 289: [ENCERRAR-CANONICO]
    Original:  (auto-fix)
    Corrigido: (auto-fix)


=== CORRECAO CONCLUIDA ===
1 correcao(oes) aplicada(s).
=== CORRETOR AUTOMATICO ===

Arquivo: C:\4c\projeto\app\forms\cadastros\FormDrs.prg

Backup criado: C:\4c\projeto\app\forms\cadastros\FormDrs.prg.bak
[ 50/612] FormDIC.prg                                      4,8s  -> sem correcoes
Linhas originais: 1692

Aplicando correcoes...

Correcoes aplicadas: 0


=== CORRECAO CONCLUIDA ===
Nenhuma correcao necessaria.
  Schema BIT columns carregadas: 202 colunas
=== CORRETOR AUTOMATICO ===

Arquivo: C:\4c\projeto\app\forms\cadastros\FormDsp.prg

Backup criado: C:\4c\projeto\app\forms\cadastros\FormDsp.prg.bak
Linhas originais: 1194

Aplicando correcoes...
[ 51/612] FormDES.prg                                     10,3s  -> sem correcoes

Correcoes aplicadas: 2

Detalhes:
  Linha 374: [CONTAINER_BOTOES_TRANSPARENTE]
    Original:  .BackStyle = 1
    Corrigido: .BackStyle = 0

  Linha 374: [CNT-OVERLAY-GRID-BACKSTYLE]
    Original:  .BackStyle = 0
    Corrigido: .BackStyle = 1


=== CORRECAO CONCLUIDA ===
2 correcao(oes) aplicada(s).
=== CORRETOR AUTOMATICO ===

Arquivo: C:\4c\projeto\app\forms\cadastros\FormDup.prg

Backup criado: C:\4c\projeto\app\forms\cadastros\FormDup.prg.bak
Linhas originais: 2902

Aplicando correcoes...
[ 52/612] FormDpi.prg                                      4,9s  -> sem correcoes
  Schema BIT columns carregadas: 202 colunas

Correcoes aplicadas: 0


=== CORRECAO CONCLUIDA ===
Nenhuma correcao necessaria.
=== CORRETOR AUTOMATICO ===

Arquivo: C:\4c\projeto\app\forms\cadastros\Formema.prg

Backup criado: C:\4c\projeto\app\forms\cadastros\Formema.prg.bak
Linhas originais: 926

Aplicando correcoes...
[ 53/612] FormDsp.prg                                      7,6s  -> sem correcoes
  Schema BIT columns carregadas: 202 colunas
  Schema BIT columns carregadas: 202 colunas

Correcoes aplicadas: 2

Detalhes:
  Linha 573: [PAGE-WIDTH-STRIP]
    Original:  (auto-fix)
    Corrigido: (auto-fix)

  Linha 514: [BOTAO-SAIDA-CANONICO]
    Original:  (auto-fix)
    Corrigido: (auto-fix)


=== CORRECAO CONCLUIDA ===
2 correcao(oes) aplicada(s).
=== CORRETOR AUTOMATICO ===

Arquivo: C:\4c\projeto\app\forms\cadastros\FormEmb.prg

Backup criado: C:\4c\projeto\app\forms\cadastros\FormEmb.prg.bak
Linhas originais: 1094

Aplicando correcoes...
[ 54/612] FormDrs.prg                                     13,1s  -> sem correcoes

Correcoes aplicadas: 0


=== CORRECAO CONCLUIDA ===
Nenhuma correcao necessaria.
=== CORRETOR AUTOMATICO ===

Arquivo: C:\4c\projeto\app\forms\cadastros\FormEmn.prg

Backup criado: C:\4c\projeto\app\forms\cadastros\FormEmn.prg.bak
Linhas originais: 2319

Aplicando correcoes...
[ 55/612] Formema.prg                                      4,8s  -> sem correcoes
  Schema BIT columns carregadas: 202 colunas

Correcoes aplicadas: 0


=== CORRECAO CONCLUIDA ===
Nenhuma correcao necessaria.
=== CORRETOR AUTOMATICO ===

Arquivo: C:\4c\projeto\app\forms\cadastros\Formemp.prg

Backup criado: C:\4c\projeto\app\forms\cadastros\Formemp.prg.bak
Linhas originais: 6198

Aplicando correcoes...
[ 56/612] FormEmb.prg                                      5,5s  -> sem correcoes
  Schema BIT columns carregadas: 202 colunas
  Schema BIT columns carregadas: 202 colunas

Correcoes aplicadas: 1

Detalhes:
  Linha 303: [CNT-SAIDA-CANONICO]
    Original:  (auto-fix)
    Corrigido: (auto-fix)


=== CORRECAO CONCLUIDA ===
1 correcao(oes) aplicada(s).
=== CORRETOR AUTOMATICO ===

Arquivo: C:\4c\projeto\app\forms\cadastros\FormENR.prg

Backup criado: C:\4c\projeto\app\forms\cadastros\FormENR.prg.bak
Linhas originais: 1082

Aplicando correcoes...
[ 57/612] FormDup.prg                                     29,9s  -> sem correcoes

Correcoes aplicadas: 0


=== CORRECAO CONCLUIDA ===
Nenhuma correcao necessaria.
=== CORRETOR AUTOMATICO ===

[ 58/612] FormEmn.prg                                     19,7s  -> sem correcoes
Arquivo: C:\4c\projeto\app\forms\cadastros\Formepd.prg

Backup criado: C:\4c\projeto\app\forms\cadastros\Formepd.prg.bak
Linhas originais: 2283

Aplicando correcoes...
  Schema BIT columns carregadas: 202 colunas

Correcoes aplicadas: 0


=== CORRECAO CONCLUIDA ===
Nenhuma correcao necessaria.
=== CORRETOR AUTOMATICO ===

Arquivo: C:\4c\projeto\app\forms\cadastros\FormEsp.prg

Backup criado: C:\4c\projeto\app\forms\cadastros\FormEsp.prg.bak
Linhas originais: 1100

Aplicando correcoes...
[ 59/612] FormENR.prg                                      5,4s  -> sem correcoes
  Schema BIT columns carregadas: 202 colunas

Correcoes aplicadas: 0


=== CORRECAO CONCLUIDA ===
Nenhuma correcao necessaria.
=== CORRETOR AUTOMATICO ===

Arquivo: C:\4c\projeto\app\forms\cadastros\FormEVE.prg

Backup criado: C:\4c\projeto\app\forms\cadastros\FormEVE.prg.bak
Linhas originais: 1287

Aplicando correcoes...
[ 60/612] FormEsp.prg                                      5,4s  -> sem correcoes
  Schema BIT columns carregadas: 202 colunas
  Schema BIT columns carregadas: 202 colunas
  Schema BIT columns carregadas: 202 colunas

Correcoes aplicadas: 0


=== CORRECAO CONCLUIDA ===
Nenhuma correcao necessaria.
=== CORRETOR AUTOMATICO ===

Arquivo: C:\4c\projeto\app\forms\cadastros\FormEvt.prg

Backup criado: C:\4c\projeto\app\forms\cadastros\FormEvt.prg.bak
Linhas originais: 937

Aplicando correcoes...
[ 61/612] FormEVE.prg                                      7,3s  -> sem correcoes

Correcoes aplicadas: 0


=== CORRECAO CONCLUIDA ===
Nenhuma correcao necessaria.
=== CORRETOR AUTOMATICO ===

[ 62/612] Formepd.prg                                     19,0s  -> sem correcoes
Arquivo: C:\4c\projeto\app\forms\cadastros\FormFap.prg

Backup criado: C:\4c\projeto\app\forms\cadastros\FormFap.prg.bak
Linhas originais: 2863

Aplicando correcoes...
  Schema BIT columns carregadas: 202 colunas

Correcoes aplicadas: 0


=== CORRECAO CONCLUIDA ===
Nenhuma correcao necessaria.
=== CORRETOR AUTOMATICO ===

Arquivo: C:\4c\projeto\app\forms\cadastros\FormFBI.prg

Backup criado: C:\4c\projeto\app\forms\cadastros\FormFBI.prg.bak
Linhas originais: 2218

Aplicando correcoes...
[ 63/612] FormEvt.prg                                      4,2s  -> sem correcoes
  Schema BIT columns carregadas: 202 colunas
  Schema BIT columns carregadas: 202 colunas

Correcoes aplicadas: 0


=== CORRECAO CONCLUIDA ===
Nenhuma correcao necessaria.
=== CORRETOR AUTOMATICO ===

Arquivo: C:\4c\projeto\app\forms\cadastros\FormFct.prg

Backup criado: C:\4c\projeto\app\forms\cadastros\FormFct.prg.bak
Linhas originais: 1989

Aplicando correcoes...
[ 64/612] FormFBI.prg                                     18,4s  -> sem correcoes

Correcoes aplicadas: 0


=== CORRECAO CONCLUIDA ===
Nenhuma correcao necessaria.
=== CORRETOR AUTOMATICO ===

Arquivo: C:\4c\projeto\app\forms\cadastros\FormFea.prg

Backup criado: C:\4c\projeto\app\forms\cadastros\FormFea.prg.bak
Linhas originais: 5382

Aplicando correcoes...
[ 65/612] FormFap.prg                                     26,9s  -> sem correcoes
  Schema BIT columns carregadas: 202 colunas

Correcoes aplicadas: 1

Detalhes:
  Linha 297: [CNT-SAIDA-CANONICO]
    Original:  (auto-fix)
    Corrigido: (auto-fix)


=== CORRECAO CONCLUIDA ===
1 correcao(oes) aplicada(s).
=== CORRETOR AUTOMATICO ===

Arquivo: C:\4c\projeto\app\forms\cadastros\Formpgr.prg

Backup criado: C:\4c\projeto\app\forms\cadastros\Formpgr.prg.bak
Linhas originais: 5847

Aplicando correcoes...
[ 66/612] FormFct.prg                                     15,0s  -> sem correcoes

Correcoes aplicadas: 0


=== CORRECAO CONCLUIDA ===
Nenhuma correcao necessaria.
=== CORRETOR AUTOMATICO ===

Arquivo: C:\4c\projeto\app\forms\cadastros\FormProduto.prg

Backup criado: C:\4c\projeto\app\forms\cadastros\FormProduto.prg.bak
Linhas originais: 13853

Aplicando correcoes...
[ 67/612] FormCTA.prg                                    113,7s  -> sem correcoes
  Schema BIT columns carregadas: 202 colunas

Correcoes aplicadas: 0


=== CORRECAO CONCLUIDA ===
Nenhuma correcao necessaria.
=== CORRETOR AUTOMATICO ===

Arquivo: C:\4c\projeto\app\forms\cadastros\FormSigAcCcr.prg

Backup criado: C:\4c\projeto\app\forms\cadastros\FormSigAcCcr.prg.bak
Linhas originais: 1664

Aplicando correcoes...
[ 68/612] Formemp.prg                                    116,9s  -> sem correcoes
  Schema BIT columns carregadas: 202 colunas
  Schema BIT columns carregadas: 202 colunas

Correcoes aplicadas: 2

Detalhes:
  Linha 338: [CONTAINER_BOTOES_TRANSPARENTE]
    Original:  .BackStyle = 1
    Corrigido: .BackStyle = 0

  Linha 338: [CNT-OVERLAY-GRID-BACKSTYLE]
    Original:  .BackStyle = 0
    Corrigido: .BackStyle = 1


=== CORRECAO CONCLUIDA ===
2 correcao(oes) aplicada(s).
=== CORRETOR AUTOMATICO ===

Arquivo: C:\4c\projeto\app\forms\cadastros\formsigacgct.prg

Backup criado: C:\4c\projeto\app\forms\cadastros\formsigacgct.prg.bak
Linhas originais: 1907

Aplicando correcoes...
[ 69/612] FormSigAcCcr.prg                                11,4s  -> sem correcoes
  Schema BIT columns carregadas: 202 colunas
  Schema BIT columns carregadas: 202 colunas

Correcoes aplicadas: 2

Detalhes:
  Linha 380: [CONTAINER_BOTOES_TRANSPARENTE]
    Original:  .BackStyle = 1
    Corrigido: .BackStyle = 0

  Linha 380: [CNT-OVERLAY-GRID-BACKSTYLE]
    Original:  .BackStyle = 0
    Corrigido: .BackStyle = 1


=== CORRECAO CONCLUIDA ===
2 correcao(oes) aplicada(s).
=== CORRETOR AUTOMATICO ===

Arquivo: C:\4c\projeto\app\forms\cadastros\Formsigmvcab.prg

Backup criado: C:\4c\projeto\app\forms\cadastros\Formsigmvcab.prg.bak
Linhas originais: 1966

Aplicando correcoes...
[ 70/612] formsigacgct.prg                                14,8s  -> sem correcoes
  Schema BIT columns carregadas: 202 colunas

Correcoes aplicadas: 0


=== CORRECAO CONCLUIDA ===
Nenhuma correcao necessaria.
=== CORRETOR AUTOMATICO ===

Arquivo: C:\4c\projeto\app\forms\cadastros\Formsigmvccr.prg

Backup criado: C:\4c\projeto\app\forms\cadastros\Formsigmvccr.prg.bak
Linhas originais: 2998

Aplicando correcoes...
[ 71/612] FormFea.prg                                     96,6s  -> sem correcoes

Correcoes aplicadas: 6

Detalhes:
  Linha 237: [CONTAINER_BOTOES_TRANSPARENTE]
    Original:  .BackStyle = 1
    Corrigido: .BackStyle = 0

  Linha 335: [CONTAINER_BOTOES_TRANSPARENTE]
    Original:  .BackStyle = 1
    Corrigido: .BackStyle = 0

  Linha 748: [CONTAINER_BOTOES_TRANSPARENTE]
    Original:  .BackStyle = 1
    Corrigido: .BackStyle = 0

  Linha 237: [CNT-OVERLAY-GRID-BACKSTYLE]
    Original:  .BackStyle = 0
    Corrigido: .BackStyle = 1

  Linha 335: [CNT-OVERLAY-GRID-BACKSTYLE]
    Original:  .BackStyle = 0
    Corrigido: .BackStyle = 1

  Linha 748: [CNT-OVERLAY-GRID-BACKSTYLE]
    Original:  .BackStyle = 0
    Corrigido: .BackStyle = 1


=== CORRECAO CONCLUIDA ===
6 correcao(oes) aplicada(s).
=== CORRETOR AUTOMATICO ===

Arquivo: C:\4c\projeto\app\forms\cadastros\Formsigpdmp6.prg

Backup criado: C:\4c\projeto\app\forms\cadastros\Formsigpdmp6.prg.bak
Linhas originais: 3992

[ 72/612] Formsigmvcab.prg                                16,5s  -> sem correcoes
Aplicando correcoes...

Correcoes aplicadas: 6

Detalhes:
  Linha 208: [CONTAINER_BOTOES_TRANSPARENTE]
    Original:  .BackStyle = 1
    Corrigido: .BackStyle = 0

  Linha 323: [CONTAINER_BOTOES_TRANSPARENTE]
    Original:  .BackStyle = 1
    Corrigido: .BackStyle = 0

  Linha 588: [CONTAINER_BOTOES_TRANSPARENTE]
    Original:  .BackStyle = 1
    Corrigido: .BackStyle = 0

  Linha 208: [CNT-OVERLAY-GRID-BACKSTYLE]
    Original:  .BackStyle = 0
    Corrigido: .BackStyle = 1

  Linha 323: [CNT-OVERLAY-GRID-BACKSTYLE]
    Original:  .BackStyle = 0
    Corrigido: .BackStyle = 1

  Linha 588: [CNT-OVERLAY-GRID-BACKSTYLE]
    Original:  .BackStyle = 0
    Corrigido: .BackStyle = 1


=== CORRECAO CONCLUIDA ===
6 correcao(oes) aplicada(s).
=== CORRETOR AUTOMATICO ===

Arquivo: C:\4c\projeto\app\forms\cadastros\Formsigpdmp7.prg

Backup criado: C:\4c\projeto\app\forms\cadastros\Formsigpdmp7.prg.bak
Linhas originais: 2091

Aplicando correcoes...
[ 73/612] Formpgr.prg                                    111,8s  -> sem correcoes
  Schema BIT columns carregadas: 202 colunas

Correcoes aplicadas: 1

Detalhes:
  Linha 332: [CNT-SAIDA-CANONICO]
    Original:  (auto-fix)
    Corrigido: (auto-fix)


=== CORRECAO CONCLUIDA ===
1 correcao(oes) aplicada(s).
=== CORRETOR AUTOMATICO ===

Arquivo: C:\4c\projeto\app\forms\cadastros\Formsigprcom.prg

Backup criado: C:\4c\projeto\app\forms\cadastros\Formsigprcom.prg.bak
Linhas originais: 2464

Aplicando correcoes...
[ 74/612] Formsigmvccr.prg                                36,0s  -> sem correcoes
  Schema BIT columns carregadas: 202 colunas

Correcoes aplicadas: 6

Detalhes:
  Linha 220: [CONTAINER_BOTOES_TRANSPARENTE]
    Original:  .BackStyle = 1
    Corrigido: .BackStyle = 0

  Linha 319: [CONTAINER_BOTOES_TRANSPARENTE]
    Original:  .BackStyle = 1
    Corrigido: .BackStyle = 0

  Linha 663: [CONTAINER_BOTOES_TRANSPARENTE]
    Original:  .BackStyle = 1
    Corrigido: .BackStyle = 0

  Linha 220: [CNT-OVERLAY-GRID-BACKSTYLE]
    Original:  .BackStyle = 0
    Corrigido: .BackStyle = 1

  Linha 319: [CNT-OVERLAY-GRID-BACKSTYLE]
    Original:  .BackStyle = 0
    Corrigido: .BackStyle = 1

  Linha 663: [CNT-OVERLAY-GRID-BACKSTYLE]
    Original:  .BackStyle = 0
    Corrigido: .BackStyle = 1


=== CORRECAO CONCLUIDA ===
6 correcao(oes) aplicada(s).
=== CORRETOR AUTOMATICO ===

Arquivo: C:\4c\projeto\app\forms\cadastros\FormSigPrCtc.prg

Backup criado: C:\4c\projeto\app\forms\cadastros\FormSigPrCtc.prg.bak
Linhas originais: 1400

Aplicando correcoes...
[ 75/612] Formsigpdmp7.prg                                17,8s  -> sem correcoes
  Schema BIT columns carregadas: 202 colunas
  Schema BIT columns carregadas: 202 colunas

Correcoes aplicadas: 0


=== CORRECAO CONCLUIDA ===
Nenhuma correcao necessaria.
=== CORRETOR AUTOMATICO ===

Arquivo: C:\4c\projeto\app\forms\cadastros\FormSigPrCtr.prg

Backup criado: C:\4c\projeto\app\forms\cadastros\FormSigPrCtr.prg.bak
Linhas originais: 3781

Aplicando correcoes...
[ 76/612] FormSigPrCtc.prg                                 9,8s  -> sem correcoes
  Schema BIT columns carregadas: 202 colunas

Correcoes aplicadas: 0


=== CORRECAO CONCLUIDA ===
Nenhuma correcao necessaria.
=== CORRETOR AUTOMATICO ===

Arquivo: C:\4c\projeto\app\forms\cadastros\Formsigpres2.prg

Backup criado: C:\4c\projeto\app\forms\cadastros\Formsigpres2.prg.bak
Linhas originais: 2037

Aplicando correcoes...
[ 77/612] Formsigprcom.prg                                24,9s  -> sem correcoes

Correcoes aplicadas: 6

Detalhes:
  Linha 216: [CONTAINER_BOTOES_TRANSPARENTE]
    Original:  .BackStyle = 1
    Corrigido: .BackStyle = 0

  Linha 320: [CONTAINER_BOTOES_TRANSPARENTE]
    Original:  .BackStyle = 1
    Corrigido: .BackStyle = 0

  Linha 744: [CONTAINER_BOTOES_TRANSPARENTE]
    Original:  .BackStyle = 1
    Corrigido: .BackStyle = 0

  Linha 216: [CNT-OVERLAY-GRID-BACKSTYLE]
    Original:  .BackStyle = 0
    Corrigido: .BackStyle = 1

  Linha 320: [CNT-OVERLAY-GRID-BACKSTYLE]
    Original:  .BackStyle = 0
    Corrigido: .BackStyle = 1

  Linha 744: [CNT-OVERLAY-GRID-BACKSTYLE]
    Original:  .BackStyle = 0
    Corrigido: .BackStyle = 1


=== CORRECAO CONCLUIDA ===
6 correcao(oes) aplicada(s).
=== CORRETOR AUTOMATICO ===

Arquivo: C:\4c\projeto\app\forms\cadastros\FormSIGPRINT.prg

Backup criado: C:\4c\projeto\app\forms\cadastros\FormSIGPRINT.prg.bak
Linhas originais: 1112

Aplicando correcoes...
[ 78/612] Formsigpdmp6.prg                                60,9s  -> sem correcoes
  Schema BIT columns carregadas: 202 colunas

Correcoes aplicadas: 1

Detalhes:
  Linha 291: [ENCERRAR-CANONICO]
    Original:  (auto-fix)
    Corrigido: (auto-fix)


=== CORRECAO CONCLUIDA ===
1 correcao(oes) aplicada(s).
=== CORRETOR AUTOMATICO ===

Arquivo: C:\4c\projeto\app\forms\cadastros\FormSIGPRLNC.prg

Backup criado: C:\4c\projeto\app\forms\cadastros\FormSIGPRLNC.prg.bak
Linhas originais: 1618

[ 79/612] FormSIGPRINT.prg                                 6,6s  -> sem correcoes
Aplicando correcoes...
  Schema BIT columns carregadas: 202 colunas

Correcoes aplicadas: 1

Detalhes:
  Linha 231: [ENCERRAR-CANONICO]
    Original:  (auto-fix)
    Corrigido: (auto-fix)


=== CORRECAO CONCLUIDA ===
1 correcao(oes) aplicada(s).
=== CORRETOR AUTOMATICO ===

Arquivo: C:\4c\projeto\app\forms\cadastros\Formsigprpre.prg

Backup criado: C:\4c\projeto\app\forms\cadastros\Formsigprpre.prg.bak
Linhas originais: 1509

Aplicando correcoes...
[ 80/612] Formsigpres2.prg                                16,7s  -> sem correcoes
  Schema BIT columns carregadas: 202 colunas

Correcoes aplicadas: 2

Detalhes:
  Linha 373: [CONTAINER_BOTOES_TRANSPARENTE]
    Original:  .BackStyle = 1
    Corrigido: .BackStyle = 0

  Linha 373: [CNT-OVERLAY-GRID-BACKSTYLE]
    Original:  .BackStyle = 0
    Corrigido: .BackStyle = 1


=== CORRECAO CONCLUIDA ===
2 correcao(oes) aplicada(s).
=== CORRETOR AUTOMATICO ===

Arquivo: C:\4c\projeto\app\forms\cadastros\FormSrv.prg

Backup criado: C:\4c\projeto\app\forms\cadastros\FormSrv.prg.bak
Linhas originais: 4140

Aplicando correcoes...
[ 81/612] FormSIGPRLNC.prg                                12,0s  -> sem correcoes
  Schema BIT columns carregadas: 202 colunas
  Schema BIT columns carregadas: 202 colunas

Correcoes aplicadas: 0


=== CORRECAO CONCLUIDA ===
Nenhuma correcao necessaria.
=== CORRETOR AUTOMATICO ===

Arquivo: C:\4c\projeto\app\forms\cadastros\FormTam.prg

Backup criado: C:\4c\projeto\app\forms\cadastros\FormTam.prg.bak
Linhas originais: 924

Aplicando correcoes...
[ 82/612] Formsigprpre.prg                                11,3s  -> sem correcoes
  Schema BIT columns carregadas: 202 colunas

Correcoes aplicadas: 2

Detalhes:
  Linha 396: [CONTAINER_BOTOES_TRANSPARENTE]
    Original:  .BackStyle = 1
    Corrigido: .BackStyle = 0

  Linha 396: [CNT-OVERLAY-GRID-BACKSTYLE]
    Original:  .BackStyle = 0
    Corrigido: .BackStyle = 1


=== CORRECAO CONCLUIDA ===
2 correcao(oes) aplicada(s).
=== CORRETOR AUTOMATICO ===

Arquivo: C:\4c\projeto\app\forms\cadastros\FormUfs.prg

Backup criado: C:\4c\projeto\app\forms\cadastros\FormUfs.prg.bak
Linhas originais: 1952

Aplicando correcoes...
[ 83/612] FormTam.prg                                      5,3s  -> sem correcoes

Correcoes aplicadas: 0


=== CORRECAO CONCLUIDA ===
Nenhuma correcao necessaria.
=== CORRETOR AUTOMATICO ===

[ 84/612] FormSigPrCtr.prg                                52,0s  -> sem correcoes
Arquivo: C:\4c\projeto\app\forms\cadastros\RunnerFormProduto.prg

Backup criado: C:\4c\projeto\app\forms\cadastros\RunnerFormProduto.prg.bak
Linhas originais: 218

Aplicando correcoes...
  Schema BIT columns carregadas: 202 colunas
  Schema BIT columns carregadas: 202 colunas

Correcoes aplicadas: 0


=== CORRECAO CONCLUIDA ===
Nenhuma correcao necessaria.
=== CORRETOR AUTOMATICO ===

Arquivo: C:\4c\projeto\app\forms\cadastros\TesteFormAcessoGrupo.prg

Backup criado: C:\4c\projeto\app\forms\cadastros\TesteFormAcessoGrupo.prg.bak
Linhas originais: 46

Aplicando correcoes...
[ 85/612] RunnerFormProduto.prg                            1,4s  -> sem correcoes
  Schema BIT columns carregadas: 202 colunas

Correcoes aplicadas: 0


=== CORRECAO CONCLUIDA ===
Nenhuma correcao necessaria.
=== CORRETOR AUTOMATICO ===

Arquivo: C:\4c\projeto\app\forms\cadastros\TesteFormCargo.prg

Backup criado: C:\4c\projeto\app\forms\cadastros\TesteFormCargo.prg.bak
Linhas originais: 108

Aplicando correcoes...
[ 86/612] TesteFormAcessoGrupo.prg                         0,9s  -> sem correcoes
  Schema BIT columns carregadas: 202 colunas

Correcoes aplicadas: 0


=== CORRECAO CONCLUIDA ===
Nenhuma correcao necessaria.
=== CORRETOR AUTOMATICO ===

Arquivo: C:\4c\projeto\app\forms\cadastros\TesteFormProduto.prg

Backup criado: C:\4c\projeto\app\forms\cadastros\TesteFormProduto.prg.bak
Linhas originais: 48

Aplicando correcoes...
[ 87/612] TesteFormCargo.prg                               1,1s  -> sem correcoes
  Schema BIT columns carregadas: 202 colunas

Correcoes aplicadas: 0


=== CORRECAO CONCLUIDA ===
Nenhuma correcao necessaria.
=== CORRETOR AUTOMATICO ===

Arquivo: C:\4c\projeto\app\forms\cadastros\TesteFormProdutoDebug.prg

Backup criado: C:\4c\projeto\app\forms\cadastros\TesteFormProdutoDebug.prg.bak
Linhas originais: 110

Aplicando correcoes...
[ 88/612] TesteFormProduto.prg                             0,9s  -> sem correcoes
  Schema BIT columns carregadas: 202 colunas

Correcoes aplicadas: 0


=== CORRECAO CONCLUIDA ===
Nenhuma correcao necessaria.
=== CORRETOR AUTOMATICO ===

Arquivo: C:\4c\projeto\app\forms\cadastros\TesteFormsigregli.prg

Backup criado: C:\4c\projeto\app\forms\cadastros\TesteFormsigregli.prg.bak
Linhas originais: 35

Aplicando correcoes...
[ 89/612] TesteFormProdutoDebug.prg                        1,0s  -> sem correcoes
  Schema BIT columns carregadas: 202 colunas

Correcoes aplicadas: 0


=== CORRECAO CONCLUIDA ===
Nenhuma correcao necessaria.
=== CORRETOR AUTOMATICO ===

Arquivo: C:\4c\projeto\app\forms\cadastros\TestMinimal.prg

Backup criado: C:\4c\projeto\app\forms\cadastros\TestMinimal.prg.bak
Linhas originais: 13

Aplicando correcoes...
[ 90/612] TesteFormsigregli.prg                            0,8s  -> sem correcoes

Correcoes aplicadas: 0


=== CORRECAO CONCLUIDA ===
Nenhuma correcao necessaria.
=== CORRETOR AUTOMATICO ===

Arquivo: C:\4c\projeto\app\forms\cadastros\TestUltraMinimal.prg

Backup criado: C:\4c\projeto\app\forms\cadastros\TestUltraMinimal.prg.bak
Linhas originais: 8

Aplicando correcoes...
[ 91/612] FormUfs.prg                                     16,1s  -> sem correcoes
  Schema BIT columns carregadas: 202 colunas

Correcoes aplicadas: 0


=== CORRECAO CONCLUIDA ===
Nenhuma correcao necessaria.
[ 92/612] TestMinimal.prg                                  0,7s  -> sem correcoes
=== CORRETOR AUTOMATICO ===

Arquivo: C:\4c\projeto\app\forms\operacionais\Formale.prg

Backup criado: C:\4c\projeto\app\forms\operacionais\Formale.prg.bak
Linhas originais: 963

Aplicando correcoes...
  Schema BIT columns carregadas: 202 colunas

Correcoes aplicadas: 0


=== CORRECAO CONCLUIDA ===
Nenhuma correcao necessaria.
=== CORRETOR AUTOMATICO ===

Arquivo: C:\4c\projeto\app\forms\operacionais\FormCliente.prg

Backup criado: C:\4c\projeto\app\forms\operacionais\FormCliente.prg.bak
Linhas originais: 1973

Aplicando correcoes...
[ 93/612] TestUltraMinimal.prg                             0,9s  -> sem correcoes
  Schema BIT columns carregadas: 202 colunas

Correcoes aplicadas: 0


=== CORRECAO CONCLUIDA ===
Nenhuma correcao necessaria.
=== CORRETOR AUTOMATICO ===

Arquivo: C:\4c\projeto\app\forms\operacionais\FormDCC.prg

Backup criado: C:\4c\projeto\app\forms\operacionais\FormDCC.prg.bak
Linhas originais: 1048

Aplicando correcoes...
[ 94/612] Formale.prg                                      5,4s  -> sem correcoes
  Schema BIT columns carregadas: 202 colunas
  Schema BIT columns carregadas: 202 colunas
  Schema BIT columns carregadas: 202 colunas

Correcoes aplicadas: 0


=== CORRECAO CONCLUIDA ===
Nenhuma correcao necessaria.
=== CORRETOR AUTOMATICO ===

Arquivo: C:\4c\projeto\app\forms\operacionais\Formdmo.prg

Backup criado: C:\4c\projeto\app\forms\operacionais\Formdmo.prg.bak
Linhas originais: 2388

Aplicando correcoes...
[ 95/612] FormDCC.prg                                      5,2s  -> sem correcoes

Correcoes aplicadas: 0


=== CORRECAO CONCLUIDA ===
Nenhuma correcao necessaria.
=== CORRETOR AUTOMATICO ===

Arquivo: C:\4c\projeto\app\forms\operacionais\FormEnd.prg

Backup criado: C:\4c\projeto\app\forms\operacionais\FormEnd.prg.bak
Linhas originais: 2040

Aplicando correcoes...
[ 96/612] FormCliente.prg                                 14,9s  -> sem correcoes
  Schema BIT columns carregadas: 202 colunas
  Schema BIT columns carregadas: 202 colunas

Correcoes aplicadas: 0


=== CORRECAO CONCLUIDA ===
Nenhuma correcao necessaria.
=== CORRETOR AUTOMATICO ===

Arquivo: C:\4c\projeto\app\forms\operacionais\FormFAPF.prg

Backup criado: C:\4c\projeto\app\forms\operacionais\FormFAPF.prg.bak
Linhas originais: 811

Aplicando correcoes...
[ 97/612] FormSrv.prg                                     61,7s  -> sem correcoes

Correcoes aplicadas: 0


=== CORRECAO CONCLUIDA ===
Nenhuma correcao necessaria.
=== CORRETOR AUTOMATICO ===

Arquivo: C:\4c\projeto\app\forms\operacionais\FormFAPP.prg

Backup criado: C:\4c\projeto\app\forms\operacionais\FormFAPP.prg.bak
Linhas originais: 791

Aplicando correcoes...
[ 98/612] FormEnd.prg                                     19,1s  -> sem correcoes
  Schema BIT columns carregadas: 202 colunas

Correcoes aplicadas: 1

Detalhes:
  Linha 351: [CNT-SAIDA-CANONICO]
    Original:  (auto-fix)
    Corrigido: (auto-fix)


=== CORRECAO CONCLUIDA ===
1 correcao(oes) aplicada(s).
=== CORRETOR AUTOMATICO ===

[ 99/612] Formdmo.prg                                     24,7s  -> sem correcoes
Arquivo: C:\4c\projeto\app\forms\operacionais\FormSIGBLCTA.prg

Backup criado: C:\4c\projeto\app\forms\operacionais\FormSIGBLCTA.prg.bak
Linhas originais: 789

Aplicando correcoes...

Correcoes aplicadas: 1

Detalhes:
  Linha 178: [CNT-SAIDA-CANONICO]
    Original:  (auto-fix)
    Corrigido: (auto-fix)


=== CORRECAO CONCLUIDA ===
1 correcao(oes) aplicada(s).
=== CORRETOR AUTOMATICO ===

Arquivo: C:\4c\projeto\app\forms\operacionais\FormSIGMDETQ.prg

Backup criado: C:\4c\projeto\app\forms\operacionais\FormSIGMDETQ.prg.bak
Linhas originais: 929

Aplicando correcoes...
[100/612] FormFAPF.prg                                     3,2s  -> sem correcoes
  Schema BIT columns carregadas: 202 colunas

Correcoes aplicadas: 1

Detalhes:
  Linha 179: [CNT-SAIDA-CANONICO]
    Original:  (auto-fix)
    Corrigido: (auto-fix)


=== CORRECAO CONCLUIDA ===
1 correcao(oes) aplicada(s).
=== CORRETOR AUTOMATICO ===

Arquivo: C:\4c\projeto\app\forms\operacionais\Formsigopcgp.prg

Backup criado: C:\4c\projeto\app\forms\operacionais\Formsigopcgp.prg.bak
Linhas originais: 5002

Aplicando correcoes...
[101/612] FormFAPP.prg                                     3,1s  -> sem correcoes
  Schema BIT columns carregadas: 202 colunas

Correcoes aplicadas: 0


=== CORRECAO CONCLUIDA ===
Nenhuma correcao necessaria.
=== CORRETOR AUTOMATICO ===

Arquivo: C:\4c\projeto\app\forms\operacionais\Formsigopdiv.prg

Backup criado: C:\4c\projeto\app\forms\operacionais\Formsigopdiv.prg.bak
Linhas originais: 1548

Aplicando correcoes...
[102/612] FormSIGBLCTA.prg                                 3,4s  -> sem correcoes
  Schema BIT columns carregadas: 202 colunas

Correcoes aplicadas: 0


=== CORRECAO CONCLUIDA ===
Nenhuma correcao necessaria.
=== CORRETOR AUTOMATICO ===

Arquivo: C:\4c\projeto\app\forms\operacionais\Formsigopind.prg

Backup criado: C:\4c\projeto\app\forms\operacionais\Formsigopind.prg.bak
Linhas originais: 6088

Aplicando correcoes...
[103/612] FormSIGMDETQ.prg                                 4,3s  -> sem correcoes
  Schema BIT columns carregadas: 202 colunas

Correcoes aplicadas: 0


=== CORRECAO CONCLUIDA ===
Nenhuma correcao necessaria.
=== CORRETOR AUTOMATICO ===

Arquivo: C:\4c\projeto\app\forms\operacionais\FormSigPdAco.prg

Backup criado: C:\4c\projeto\app\forms\operacionais\FormSigPdAco.prg.bak
Linhas originais: 1159

Aplicando correcoes...
[104/612] Formsigopdiv.prg                                 9,9s  -> sem correcoes
  Schema BIT columns carregadas: 202 colunas

Correcoes aplicadas: 0


=== CORRECAO CONCLUIDA ===
Nenhuma correcao necessaria.
=== CORRETOR AUTOMATICO ===

Arquivo: C:\4c\projeto\app\forms\operacionais\FormSigPdM10.prg

Backup criado: C:\4c\projeto\app\forms\operacionais\FormSigPdM10.prg.bak
Linhas originais: 2187

Aplicando correcoes...
[105/612] FormSigPdAco.prg                                 6,6s  -> sem correcoes
  Schema BIT columns carregadas: 202 colunas

Correcoes aplicadas: 0


=== CORRECAO CONCLUIDA ===
Nenhuma correcao necessaria.
=== CORRETOR AUTOMATICO ===

Arquivo: C:\4c\projeto\app\forms\operacionais\FormSigPdM11.prg

Backup criado: C:\4c\projeto\app\forms\operacionais\FormSigPdM11.prg.bak
Linhas originais: 1594

Aplicando correcoes...
[106/612] FormSigPdM10.prg                                18,3s  -> sem correcoes
  Schema BIT columns carregadas: 202 colunas

Correcoes aplicadas: 0


=== CORRECAO CONCLUIDA ===
Nenhuma correcao necessaria.
=== CORRETOR AUTOMATICO ===

Arquivo: C:\4c\projeto\app\forms\operacionais\FormSigPdM12.prg

Backup criado: C:\4c\projeto\app\forms\operacionais\FormSigPdM12.prg.bak
Linhas originais: 758

Aplicando correcoes...
[107/612] FormSigPdM11.prg                                10,4s  -> sem correcoes
  Schema BIT columns carregadas: 202 colunas

Correcoes aplicadas: 0


=== CORRECAO CONCLUIDA ===
Nenhuma correcao necessaria.
=== CORRETOR AUTOMATICO ===

[108/612] FormSigPdM12.prg                                 3,4s  -> sem correcoes
Arquivo: C:\4c\projeto\app\forms\operacionais\FormSigPdM13.prg

Backup criado: C:\4c\projeto\app\forms\operacionais\FormSigPdM13.prg.bak
Linhas originais: 719

Aplicando correcoes...
  Schema BIT columns carregadas: 202 colunas
  Schema BIT columns carregadas: 202 colunas

Correcoes aplicadas: 0


=== CORRECAO CONCLUIDA ===
Nenhuma correcao necessaria.
=== CORRETOR AUTOMATICO ===

Arquivo: C:\4c\projeto\app\forms\operacionais\FormSigPdM14.prg

Backup criado: C:\4c\projeto\app\forms\operacionais\FormSigPdM14.prg.bak
Linhas originais: 1395

Aplicando correcoes...
[109/612] FormSigPdM13.prg                                 3,2s  -> sem correcoes
  Schema BIT columns carregadas: 202 colunas

Correcoes aplicadas: 0


=== CORRECAO CONCLUIDA ===
Nenhuma correcao necessaria.
=== CORRETOR AUTOMATICO ===

Arquivo: C:\4c\projeto\app\forms\operacionais\FormSigPdMen.prg

Backup criado: C:\4c\projeto\app\forms\operacionais\FormSigPdMen.prg.bak
Linhas originais: 573

Aplicando correcoes...
[110/612] FormSigPdM14.prg                                 8,7s  -> sem correcoes
  Schema BIT columns carregadas: 202 colunas

Correcoes aplicadas: 0


=== CORRECAO CONCLUIDA ===
Nenhuma correcao necessaria.
=== CORRETOR AUTOMATICO ===

Arquivo: C:\4c\projeto\app\forms\operacionais\FormSigPdMfa.prg

Backup criado: C:\4c\projeto\app\forms\operacionais\FormSigPdMfa.prg.bak
[111/612] FormSigPdMen.prg                                 2,3s  -> sem correcoes
Linhas originais: 1359

Aplicando correcoes...
  Schema BIT columns carregadas: 202 colunas

Correcoes aplicadas: 0


=== CORRECAO CONCLUIDA ===
Nenhuma correcao necessaria.
=== CORRETOR AUTOMATICO ===

Arquivo: C:\4c\projeto\app\forms\operacionais\FormSigPdMp1.prg

Backup criado: C:\4c\projeto\app\forms\operacionais\FormSigPdMp1.prg.bak
Linhas originais: 1071
[112/612] FormSigPdMfa.prg                                 8,8s  -> sem correcoes

Aplicando correcoes...
  Schema BIT columns carregadas: 202 colunas

Correcoes aplicadas: 0


=== CORRECAO CONCLUIDA ===
Nenhuma correcao necessaria.
=== CORRETOR AUTOMATICO ===

Arquivo: C:\4c\projeto\app\forms\operacionais\Formsigpdmp2.prg

Backup criado: C:\4c\projeto\app\forms\operacionais\Formsigpdmp2.prg.bak
Linhas originais: 2998

Aplicando correcoes...
[113/612] Formsigopcgp.prg                                78,0s  -> sem correcoes

Correcoes aplicadas: 0


=== CORRECAO CONCLUIDA ===
Nenhuma correcao necessaria.
=== CORRETOR AUTOMATICO ===

Arquivo: C:\4c\projeto\app\forms\operacionais\FormSigPdMp3.prg

Backup criado: C:\4c\projeto\app\forms\operacionais\FormSigPdMp3.prg.bak
Linhas originais: 2884

[114/612] FormSigPdMp1.prg                                 5,9s  -> sem correcoes
Aplicando correcoes...
  Schema BIT columns carregadas: 202 colunas
  Schema BIT columns carregadas: 202 colunas
  Schema BIT columns carregadas: 202 colunas

Correcoes aplicadas: 2

Detalhes:
  Linha 605: [NVL_BIT_FIELD_WARN]
    Original:  IF (NVL(xNensi.ServAuto, 0) = 1 AND NVL(xNensi.Fators, 0) = 0) ;
    Corrigido: (revisar manualmente)

  Linha 1193: [NVL_BIT_FIELD_WARN]
    Original:  AND NVL(crSigCdOpd.GrOdns, 0) = 1)
    Corrigido: (revisar manualmente)


=== CORRECAO CONCLUIDA ===
2 correcao(oes) aplicada(s).
=== CORRETOR AUTOMATICO ===

Arquivo: C:\4c\projeto\app\forms\operacionais\FormSigPdMp4.prg

Backup criado: C:\4c\projeto\app\forms\operacionais\FormSigPdMp4.prg.bak
Linhas originais: 1470

Aplicando correcoes...
[115/612] Formsigpdmp2.prg                                36,0s  -> sem correcoes

Correcoes aplicadas: 0


=== CORRECAO CONCLUIDA ===
Nenhuma correcao necessaria.
=== CORRETOR AUTOMATICO ===

Arquivo: C:\4c\projeto\app\forms\operacionais\FormSigPdMp5.prg

Backup criado: C:\4c\projeto\app\forms\operacionais\FormSigPdMp5.prg.bak
Linhas originais: 1416

[116/612] FormSigPdMp3.prg                                41,2s  -> sem correcoes
Aplicando correcoes...
  Schema BIT columns carregadas: 202 colunas

Correcoes aplicadas: 1

Detalhes:
  Linha 1082: [NVL_BIT_FIELD_WARN]
    Original:  IF NVL(CrSigCdPam.BalPortas, 0) = 0
    Corrigido: (revisar manualmente)


=== CORRECAO CONCLUIDA ===
1 correcao(oes) aplicada(s).
=== CORRETOR AUTOMATICO ===

Arquivo: C:\4c\projeto\app\forms\operacionais\FormSigPdMp8.prg

Backup criado: C:\4c\projeto\app\forms\operacionais\FormSigPdMp8.prg.bak
Linhas originais: 1519

Aplicando correcoes...
[117/612] FormSigPdMp4.prg                                 9,4s  -> sem correcoes

Correcoes aplicadas: 0


=== CORRECAO CONCLUIDA ===
Nenhuma correcao necessaria.
=== CORRETOR AUTOMATICO ===

Arquivo: C:\4c\projeto\app\forms\operacionais\FormSigPdMp9.prg

Backup criado: C:\4c\projeto\app\forms\operacionais\FormSigPdMp9.prg.bak
Linhas originais: 3020

Aplicando correcoes...
[118/612] Formsigopind.prg                               122,1s  -> sem correcoes
  Schema BIT columns carregadas: 202 colunas

Correcoes aplicadas: 0


=== CORRECAO CONCLUIDA ===
Nenhuma correcao necessaria.
=== CORRETOR AUTOMATICO ===

Arquivo: C:\4c\projeto\app\forms\operacionais\FormSigPdMpf.prg

Backup criado: C:\4c\projeto\app\forms\operacionais\FormSigPdMpf.prg.bak
Linhas originais: 1344

Aplicando correcoes...
[119/612] FormSigPdMp5.prg                                 9,1s  -> sem correcoes
  Schema BIT columns carregadas: 202 colunas

Correcoes aplicadas: 0


=== CORRECAO CONCLUIDA ===
Nenhuma correcao necessaria.
=== CORRETOR AUTOMATICO ===

Arquivo: C:\4c\projeto\app\forms\operacionais\FormSIGPDPNS.prg

Backup criado: C:\4c\projeto\app\forms\operacionais\FormSIGPDPNS.prg.bak
Linhas originais: 1008

Aplicando correcoes...
[120/612] FormSigPdMp8.prg                                10,2s  -> sem correcoes
  Schema BIT columns carregadas: 202 colunas

Correcoes aplicadas: 0

  Schema BIT columns carregadas: 202 colunas

=== CORRECAO CONCLUIDA ===
Nenhuma correcao necessaria.
=== CORRETOR AUTOMATICO ===

Arquivo: C:\4c\projeto\app\forms\operacionais\FormSIGPGCNB.prg

Backup criado: C:\4c\projeto\app\forms\operacionais\FormSIGPGCNB.prg.bak
Linhas originais: 3898

Aplicando correcoes...
[121/612] FormSigPdMpf.prg                                 8,6s  -> sem correcoes

Correcoes aplicadas: 0


=== CORRECAO CONCLUIDA ===
Nenhuma correcao necessaria.
[122/612] FormSIGPDPNS.prg                                 5,5s  -> sem correcoes
=== CORRETOR AUTOMATICO ===

Arquivo: C:\4c\projeto\app\forms\operacionais\FormSIGPRALE.prg

Backup criado: C:\4c\projeto\app\forms\operacionais\FormSIGPRALE.prg.bak
Linhas originais: 483

Aplicando correcoes...
  Schema BIT columns carregadas: 202 colunas

Correcoes aplicadas: 0


=== CORRECAO CONCLUIDA ===
Nenhuma correcao necessaria.
=== CORRETOR AUTOMATICO ===

Arquivo: C:\4c\projeto\app\forms\operacionais\FormSigPrAop.prg

Backup criado: C:\4c\projeto\app\forms\operacionais\FormSigPrAop.prg.bak
Linhas originais: 961

Aplicando correcoes...
[123/612] FormSIGPRALE.prg                                 2,7s  -> sem correcoes
  Schema BIT columns carregadas: 202 colunas

Correcoes aplicadas: 0


=== CORRECAO CONCLUIDA ===
Nenhuma correcao necessaria.
=== CORRETOR AUTOMATICO ===

Arquivo: C:\4c\projeto\app\forms\operacionais\FormSigPrApr.prg

Backup criado: C:\4c\projeto\app\forms\operacionais\FormSigPrApr.prg.bak
Linhas originais: 2178

Aplicando correcoes...
[124/612] FormSigPrAop.prg                                 4,5s  -> sem correcoes
  Schema BIT columns carregadas: 202 colunas
  Schema BIT columns carregadas: 202 colunas
  Schema BIT columns carregadas: 202 colunas

Correcoes aplicadas: 8

Detalhes:
  Linha 181: [GROUP_FONTNAME]
    Original:  .FontName        = "Comic Sans MS"
    Corrigido: (removido)

  Linha 182: [GROUP_FONTSIZE]
    Original:  .FontSize        = 8
    Corrigido: (removido)

  Linha 318: [GROUP_FONTNAME]
    Original:  .FontName        = "Comic Sans MS"
    Corrigido: (removido)

  Linha 319: [GROUP_FONTSIZE]
    Original:  .FontSize        = 8
    Corrigido: (removido)

  Linha 1145: [NVL_BIT_FIELD_WARN]
    Original:  COUNT FOR NVL(lMarca, 0) = 1 TO loc_nRemovidos
    Corrigido: (revisar manualmente)

  Linha 1159: [NVL_BIT_FIELD_WARN]
    Original:  DELETE FOR NVL(lMarca, 0) = 1
    Corrigido: (revisar manualmente)

  Linha 173: [REPORT-BTN-FONT-MISSING]
    Original:  Buttons(N) REPORT sem FontName/FontSize
    Corrigido: FontName='Comic Sans MS' + FontSize=8 injetados apos .Caption

  Linha 316: [REPORT-BTN-FONT-MISSING]
    Original:  Buttons(N) REPORT sem FontName/FontSize
    Corrigido: FontName='Comic Sans MS' + FontSize=8 injetados apos .Caption


=== CORRECAO CONCLUIDA ===
8 correcao(oes) aplicada(s).
=== CORRETOR AUTOMATICO ===

Arquivo: C:\4c\projeto\app\forms\operacionais\FormSigPrCar.prg

Backup criado: C:\4c\projeto\app\forms\operacionais\FormSigPrCar.prg.bak
Linhas originais: 1067

Aplicando correcoes...
[125/612] FormSigPrApr.prg                                23,1s  -> sem correcoes

Correcoes aplicadas: 11

Detalhes:
  Linha 1072: [NVL_BIT_FIELD_WARN]
    Original:  IF NVL(crSigCdPam.BalPortas, 0) = 0
    Corrigido: (revisar manualmente)

  Linha 1349: [NVL_BIT_FIELD_WARN]
    Original:  RETURN NVL(crSigCdPam.LibObss, 0) = 1
    Corrigido: (revisar manualmente)

  Linha 1768: [NVL_BIT_FIELD_WARN]
    Original:  IF USED("crSigCdPam") AND NVL(crSigCdPam.LibObss, 0) = 1
    Corrigido: (revisar manualmente)

  Linha 1920: [NVL_BIT_FIELD_WARN]
    Original:  IF USED("crSigCdPam") AND NVL(crSigCdPam.LibObss, 0) = 1
    Corrigido: (revisar manualmente)

  Linha 1941: [NVL_BIT_FIELD_WARN]
    Original:  RETURN NVL(crSigCdPam.LibObss, 0) = 1
    Corrigido: (revisar manualmente)

  Linha 2256: [NVL_BIT_FIELD_WARN]
    Original:  IF NVL(Peso, 0) = 0
    Corrigido: (revisar manualmente)

  Linha 2487: [NVL_BIT_FIELD_WARN]
    Original:  IF !EOF() AND NVL(Fators,0)=0 AND ALLTRIM(NVL(QtEqualPs,""))<>"S"
    Corrigido: (revisar manualmente)

  Linha 2496: [NVL_BIT_FIELD_WARN]
    Original:  IF NVL(TpAlts, 0) = 0
    Corrigido: (revisar manualmente)

  Linha 2575: [NVL_BIT_FIELD_WARN]
    Original:  IF NVL(TpAlts, 0) = 0
    Corrigido: (revisar manualmente)

  Linha 2645: [NVL_BIT_FIELD_WARN]
    Original:  IF NVL(TpAlts, 0) = 0
    Corrigido: (revisar manualmente)

  Linha 2653: [NVL_BIT_FIELD_WARN]
    Original:  IF NVL(CEstoqs, 0) = 1 AND NVL(ImpOps, 0) = 1
    Corrigido: (revisar manualmente)


=== CORRECAO CONCLUIDA ===
11 correcao(oes) aplicada(s).
=== CORRETOR AUTOMATICO ===

[126/612] FormSigPdMp9.prg                                46,1s  -> sem correcoes
Arquivo: C:\4c\projeto\app\forms\operacionais\FormSigPrCcc.prg

Backup criado: C:\4c\projeto\app\forms\operacionais\FormSigPrCcc.prg.bak
Linhas originais: 2065

Aplicando correcoes...
  Schema BIT columns carregadas: 202 colunas
  Schema BIT columns carregadas: 202 colunas

Correcoes aplicadas: 0


=== CORRECAO CONCLUIDA ===
Nenhuma correcao necessaria.
=== CORRETOR AUTOMATICO ===

Arquivo: C:\4c\projeto\app\forms\operacionais\Formsigprccp.prg

Backup criado: C:\4c\projeto\app\forms\operacionais\Formsigprccp.prg.bak
Linhas originais: 3084

Aplicando correcoes...
[127/612] FormSigPrCar.prg                                 6,0s  -> sem correcoes
  Schema BIT columns carregadas: 202 colunas

Correcoes aplicadas: 0


=== CORRECAO CONCLUIDA ===
Nenhuma correcao necessaria.
=== CORRETOR AUTOMATICO ===

Arquivo: C:\4c\projeto\app\forms\operacionais\FormSigPrCfn.prg

Backup criado: C:\4c\projeto\app\forms\operacionais\FormSigPrCfn.prg.bak
Linhas originais: 1658

Aplicando correcoes...
[128/612] FormSigPrCcc.prg                                17,5s  -> sem correcoes

Correcoes aplicadas: 0


=== CORRECAO CONCLUIDA ===
Nenhuma correcao necessaria.
=== CORRETOR AUTOMATICO ===

Arquivo: C:\4c\projeto\app\forms\operacionais\FormSigPrChr.prg

Backup criado: C:\4c\projeto\app\forms\operacionais\FormSigPrChr.prg.bak
Linhas originais: 2625

Aplicando correcoes...
[129/612] FormSIGPGCNB.prg                                54,9s  -> sem correcoes
  Schema BIT columns carregadas: 202 colunas
  Schema BIT columns carregadas: 202 colunas

Correcoes aplicadas: 0


=== CORRECAO CONCLUIDA ===
Nenhuma correcao necessaria.
=== CORRETOR AUTOMATICO ===

Arquivo: C:\4c\projeto\app\forms\operacionais\FormSIGPRCIC.prg

Backup criado: C:\4c\projeto\app\forms\operacionais\FormSIGPRCIC.prg.bak
Linhas originais: 701

Aplicando correcoes...
[130/612] FormSigPrCfn.prg                                12,3s  -> sem correcoes
  Schema BIT columns carregadas: 202 colunas

Correcoes aplicadas: 0


=== CORRECAO CONCLUIDA ===
Nenhuma correcao necessaria.
=== CORRETOR AUTOMATICO ===

Arquivo: C:\4c\projeto\app\forms\operacionais\FormSIGPRCNB.prg

Backup criado: C:\4c\projeto\app\forms\operacionais\FormSIGPRCNB.prg.bak
Linhas originais: 2814

Aplicando correcoes...
[131/612] FormSIGPRCIC.prg                                 3,4s  -> sem correcoes

Correcoes aplicadas: 18

Detalhes:
  Linha 190: [GROUP_FONTNAME]
    Original:  .FontName        = "Comic Sans MS"
    Corrigido: (removido)

  Linha 191: [GROUP_FONTSIZE]
    Original:  .FontSize        = 8
    Corrigido: (removido)

  Linha 839: [GROUP_FONTNAME]
    Original:  .FontName        = "Comic Sans MS"
    Corrigido: (removido)
  Schema BIT columns carregadas: 202 colunas

  Linha 840: [GROUP_FONTSIZE]
    Original:  .FontSize        = 8
    Corrigido: (removido)

  Linha 934: [GROUP_FONTNAME]
    Original:  .FontName        = "Comic Sans MS"
    Corrigido: (removido)

  Linha 935: [GROUP_FONTSIZE]
    Original:  .FontSize        = 8
    Corrigido: (removido)

  Linha 993: [GROUP_FONTNAME]
    Original:  .FontName        = "Comic Sans MS"
    Corrigido: (removido)

  Linha 994: [GROUP_FONTSIZE]
    Original:  .FontSize        = 8
    Corrigido: (removido)

  Linha 1069: [GROUP_FONTNAME]
    Original:  .FontName        = "Comic Sans MS"
    Corrigido: (removido)

  Linha 1070: [GROUP_FONTSIZE]
    Original:  .FontSize        = 8
    Corrigido: (removido)

  Linha 1257: [GROUP_FONTNAME]
    Original:  .FontName        = "Comic Sans MS"
    Corrigido: (removido)

  Linha 1258: [GROUP_FONTSIZE]
    Original:  .FontSize        = 8
    Corrigido: (removido)

  Linha 182: [REPORT-BTN-FONT-MISSING]
    Original:  Buttons(N) REPORT sem FontName/FontSize
    Corrigido: FontName='Comic Sans MS' + FontSize=8 injetados apos .Caption

  Linha 837: [REPORT-BTN-FONT-MISSING]
    Original:  Buttons(N) REPORT sem FontName/FontSize
    Corrigido: FontName='Comic Sans MS' + FontSize=8 injetados apos .Caption

  Linha 932: [REPORT-BTN-FONT-MISSING]
    Original:  Buttons(N) REPORT sem FontName/FontSize
    Corrigido: FontName='Comic Sans MS' + FontSize=8 injetados apos .Caption

  Linha 991: [REPORT-BTN-FONT-MISSING]
    Original:  Buttons(N) REPORT sem FontName/FontSize
    Corrigido: FontName='Comic Sans MS' + FontSize=8 injetados apos .Caption

  Linha 1067: [REPORT-BTN-FONT-MISSING]
    Original:  Buttons(N) REPORT sem FontName/FontSize
    Corrigido: FontName='Comic Sans MS' + FontSize=8 injetados apos .Caption

  Linha 1255: [REPORT-BTN-FONT-MISSING]
    Original:  Buttons(N) REPORT sem FontName/FontSize
    Corrigido: FontName='Comic Sans MS' + FontSize=8 injetados apos .Caption


=== CORRECAO CONCLUIDA ===
18 correcao(oes) aplicada(s).
=== CORRETOR AUTOMATICO ===

Arquivo: C:\4c\projeto\app\forms\operacionais\FormSIGPRCOT.prg

Backup criado: C:\4c\projeto\app\forms\operacionais\FormSIGPRCOT.prg.bak
Linhas originais: 882

[132/612] Formsigprccp.prg                                35,4s  -> sem correcoes
Aplicando correcoes...
  Schema BIT columns carregadas: 202 colunas

Correcoes aplicadas: 0


=== CORRECAO CONCLUIDA ===
Nenhuma correcao necessaria.
=== CORRETOR AUTOMATICO ===

[133/612] FormSIGPRCOT.prg                                 4,2s  -> sem correcoes
Arquivo: C:\4c\projeto\app\forms\operacionais\Formsigprcpd.prg

Backup criado: C:\4c\projeto\app\forms\operacionais\Formsigprcpd.prg.bak
Linhas originais: 1095

Aplicando correcoes...
  Schema BIT columns carregadas: 202 colunas

Correcoes aplicadas: 0


=== CORRECAO CONCLUIDA ===
Nenhuma correcao necessaria.
=== CORRETOR AUTOMATICO ===

Arquivo: C:\4c\projeto\app\forms\operacionais\FormSIGPRCPR.prg

Backup criado: C:\4c\projeto\app\forms\operacionais\FormSIGPRCPR.prg.bak
Linhas originais: 907

Aplicando correcoes...
[134/612] FormSigPrChr.prg                                27,6s  -> sem correcoes

Correcoes aplicadas: 0


=== CORRECAO CONCLUIDA ===
Nenhuma correcao necessaria.
=== CORRETOR AUTOMATICO ===

Arquivo: C:\4c\projeto\app\forms\operacionais\Formsigprdft.prg

Backup criado: C:\4c\projeto\app\forms\operacionais\Formsigprdft.prg.bak
Linhas originais: 2125

Aplicando correcoes...
[135/612] Formsigprcpd.prg                                 6,4s  -> sem correcoes
  Schema BIT columns carregadas: 202 colunas
  Schema BIT columns carregadas: 202 colunas

Correcoes aplicadas: 0


=== CORRECAO CONCLUIDA ===
Nenhuma correcao necessaria.
=== CORRETOR AUTOMATICO ===

Arquivo: C:\4c\projeto\app\forms\operacionais\Formsigprdis.prg

Backup criado: C:\4c\projeto\app\forms\operacionais\Formsigprdis.prg.bak
Linhas originais: 2361

Aplicando correcoes...
[136/612] FormSIGPRCPR.prg                                 4,3s  -> sem correcoes
  Schema BIT columns carregadas: 202 colunas

Correcoes aplicadas: 0


=== CORRECAO CONCLUIDA ===
Nenhuma correcao necessaria.
=== CORRETOR AUTOMATICO ===

Arquivo: C:\4c\projeto\app\forms\operacionais\FormSigPrDsc.prg

Backup criado: C:\4c\projeto\app\forms\operacionais\FormSigPrDsc.prg.bak
Linhas originais: 1041

Aplicando correcoes...
[137/612] FormSIGPRCNB.prg                                29,9s  -> sem correcoes
  Schema BIT columns carregadas: 202 colunas

  Schema BIT columns carregadas: 202 colunas
Correcoes aplicadas: 0


=== CORRECAO CONCLUIDA ===
Nenhuma correcao necessaria.
=== CORRETOR AUTOMATICO ===

Arquivo: C:\4c\projeto\app\forms\operacionais\Formsigprema.prg

Backup criado: C:\4c\projeto\app\forms\operacionais\Formsigprema.prg.bak
Linhas originais: 777

Aplicando correcoes...

Correcoes aplicadas: 0


=== CORRECAO CONCLUIDA ===
Nenhuma correcao necessaria.
=== CORRETOR AUTOMATICO ===

Arquivo: C:\4c\projeto\app\forms\operacionais\FormSigPrEml.prg

Backup criado: C:\4c\projeto\app\forms\operacionais\FormSigPrEml.prg.bak
Linhas originais: 801

Aplicando correcoes...
[138/612] Formsigprdft.prg                                18,4s  -> sem correcoes
[139/612] FormSigPrDsc.prg                                 5,8s  -> sem correcoes
  Schema BIT columns carregadas: 202 colunas
  Schema BIT columns carregadas: 202 colunas

Correcoes aplicadas: 0


=== CORRECAO CONCLUIDA ===
Nenhuma correcao necessaria.
=== CORRETOR AUTOMATICO ===

Arquivo: C:\4c\projeto\app\forms\operacionais\Formsigprenv.prg

Backup criado: C:\4c\projeto\app\forms\operacionais\Formsigprenv.prg.bak
Linhas originais: 1030

Aplicando correcoes...

[140/612] Formsigprema.prg                                 3,6s  -> sem correcoes
Correcoes aplicadas: 1

Detalhes:
  Linha 264: [CNT-SAIDA-CANONICO]
    Original:  (auto-fix)
    Corrigido: (auto-fix)


=== CORRECAO CONCLUIDA ===
1 correcao(oes) aplicada(s).
=== CORRETOR AUTOMATICO ===

Arquivo: C:\4c\projeto\app\forms\operacionais\FormSigPrEop.prg

Backup criado: C:\4c\projeto\app\forms\operacionais\FormSigPrEop.prg.bak
Linhas originais: 874

Aplicando correcoes...
[141/612] FormSigPrEml.prg                                 3,7s  -> sem correcoes
  Schema BIT columns carregadas: 202 colunas

Correcoes aplicadas: 2

Detalhes:
  Linha 290: [CONTAINER_BOTOES_TRANSPARENTE]
    Original:  .BackStyle = 1
    Corrigido: .BackStyle = 0

  Linha 290: [CNT-OVERLAY-GRID-BACKSTYLE]
    Original:  .BackStyle = 0
    Corrigido: .BackStyle = 1


=== CORRECAO CONCLUIDA ===
2 correcao(oes) aplicada(s).
=== CORRETOR AUTOMATICO ===

Arquivo: C:\4c\projeto\app\forms\operacionais\FormSigPrEs1.prg

Backup criado: C:\4c\projeto\app\forms\operacionais\FormSigPrEs1.prg.bak
Linhas originais: 2130

Aplicando correcoes...
[142/612] Formsigprdis.prg                                22,6s  -> sem correcoes
  Schema BIT columns carregadas: 202 colunas

Correcoes aplicadas: 0


=== CORRECAO CONCLUIDA ===
Nenhuma correcao necessaria.
=== CORRETOR AUTOMATICO ===

Arquivo: C:\4c\projeto\app\forms\operacionais\FormSIGPREST.prg

Backup criado: C:\4c\projeto\app\forms\operacionais\FormSIGPREST.prg.bak
Linhas originais: 461

Aplicando correcoes...
[143/612] FormSigPrEop.prg                                 4,4s  -> sem correcoes

Correcoes aplicadas: 0


=== CORRECAO CONCLUIDA ===
Nenhuma correcao necessaria.
=== CORRETOR AUTOMATICO ===

Arquivo: C:\4c\projeto\app\forms\operacionais\FormSigPrEtq.prg

Backup criado: C:\4c\projeto\app\forms\operacionais\FormSigPrEtq.prg.bak
Linhas originais: 2577

Aplicando correcoes...
[144/612] Formsigprenv.prg                                 5,7s  -> sem correcoes
  Schema BIT columns carregadas: 202 colunas

Correcoes aplicadas: 0


=== CORRECAO CONCLUIDA ===
Nenhuma correcao necessaria.
=== CORRETOR AUTOMATICO ===

Arquivo: C:\4c\projeto\app\forms\operacionais\Formsigprftp.prg

Backup criado: C:\4c\projeto\app\forms\operacionais\Formsigprftp.prg.bak
Linhas originais: 2651

Aplicando correcoes...
[145/612] FormSIGPREST.prg                                 1,9s  -> sem correcoes
  Schema BIT columns carregadas: 202 colunas
  Schema BIT columns carregadas: 202 colunas

Correcoes aplicadas: 0


=== CORRECAO CONCLUIDA ===
Nenhuma correcao necessaria.
=== CORRETOR AUTOMATICO ===

Arquivo: C:\4c\projeto\app\forms\operacionais\FormSigPrGf1.prg

Backup criado: C:\4c\projeto\app\forms\operacionais\FormSigPrGf1.prg.bak
Linhas originais: 771

[146/612] FormSigPrEs1.prg                                18,4s  -> sem correcoes
Aplicando correcoes...
  Schema BIT columns carregadas: 202 colunas
  Schema BIT columns carregadas: 202 colunas

Correcoes aplicadas: 0


=== CORRECAO CONCLUIDA ===
Nenhuma correcao necessaria.
=== CORRETOR AUTOMATICO ===

Arquivo: C:\4c\projeto\app\forms\operacionais\FormSigPrGf2.prg

Backup criado: C:\4c\projeto\app\forms\operacionais\FormSigPrGf2.prg.bak
Linhas originais: 1105

Aplicando correcoes...
[147/612] FormSigPrGf1.prg                                 4,1s  -> sem correcoes

Correcoes aplicadas: 0


=== CORRECAO CONCLUIDA ===
Nenhuma correcao necessaria.
=== CORRETOR AUTOMATICO ===

[148/612] FormSigPrEtq.prg                                24,4s  -> sem correcoes
Arquivo: C:\4c\projeto\app\forms\operacionais\FormSigPrGl2.prg

Backup criado: C:\4c\projeto\app\forms\operacionais\FormSigPrGl2.prg.bak
Linhas originais: 1503

Aplicando correcoes...
  Schema BIT columns carregadas: 202 colunas

Correcoes aplicadas: 0


=== CORRECAO CONCLUIDA ===
Nenhuma correcao necessaria.
=== CORRETOR AUTOMATICO ===

Arquivo: C:\4c\projeto\app\forms\operacionais\FormSigPrGlo.prg

Backup criado: C:\4c\projeto\app\forms\operacionais\FormSigPrGlo.prg.bak
Linhas originais: 1734

Aplicando correcoes...
[149/612] Formsigprftp.prg                                25,7s  -> sem correcoes

Correcoes aplicadas: 0


=== CORRECAO CONCLUIDA ===
Nenhuma correcao necessaria.
=== CORRETOR AUTOMATICO ===

Arquivo: C:\4c\projeto\app\forms\operacionais\FormSigPrGloT.prg

Backup criado: C:\4c\projeto\app\forms\operacionais\FormSigPrGloT.prg.bak
Linhas originais: 1782

Aplicando correcoes...
[150/612] FormSigPrGf2.prg                                 6,8s  -> sem correcoes
  Schema BIT columns carregadas: 202 colunas

Correcoes aplicadas: 0


=== CORRECAO CONCLUIDA ===
Nenhuma correcao necessaria.
=== CORRETOR AUTOMATICO ===

Arquivo: C:\4c\projeto\app\forms\operacionais\FormSigPrGlp.prg

Backup criado: C:\4c\projeto\app\forms\operacionais\FormSigPrGlp.prg.bak
Linhas originais: 2862

Aplicando correcoes...
[151/612] FormSigPrGl2.prg                                 9,9s  -> sem correcoes
  Schema BIT columns carregadas: 202 colunas
  Schema BIT columns carregadas: 202 colunas

Correcoes aplicadas: 0


=== CORRECAO CONCLUIDA ===
Nenhuma correcao necessaria.
=== CORRETOR AUTOMATICO ===

Arquivo: C:\4c\projeto\app\forms\operacionais\FormSigPrGlx.prg

Backup criado: C:\4c\projeto\app\forms\operacionais\FormSigPrGlx.prg.bak
Linhas originais: 3955

Aplicando correcoes...
[152/612] FormSigPrGlo.prg                                13,4s  -> sem correcoes

Correcoes aplicadas: 0


=== CORRECAO CONCLUIDA ===
Nenhuma correcao necessaria.
=== CORRETOR AUTOMATICO ===

Arquivo: C:\4c\projeto\app\forms\operacionais\FormSigPrGmi.prg

Backup criado: C:\4c\projeto\app\forms\operacionais\FormSigPrGmi.prg.bak
Linhas originais: 1182

Aplicando correcoes...
[153/612] FormSigPrGloT.prg                               13,8s  -> sem correcoes
  Schema BIT columns carregadas: 202 colunas

Correcoes aplicadas: 0


=== CORRECAO CONCLUIDA ===
Nenhuma correcao necessaria.
=== CORRETOR AUTOMATICO ===

Arquivo: C:\4c\projeto\app\forms\operacionais\FormSigPrGst.prg

Backup criado: C:\4c\projeto\app\forms\operacionais\FormSigPrGst.prg.bak
Linhas originais: 929

Aplicando correcoes...
[154/612] FormSigPrGmi.prg                                 7,5s  -> sem correcoes
  Schema BIT columns carregadas: 202 colunas

Correcoes aplicadas: 0


=== CORRECAO CONCLUIDA ===
Nenhuma correcao necessaria.
=== CORRETOR AUTOMATICO ===

Arquivo: C:\4c\projeto\app\forms\operacionais\FormSigPrHpr.prg

Backup criado: C:\4c\projeto\app\forms\operacionais\FormSigPrHpr.prg.bak
Linhas originais: 1189

Aplicando correcoes...
[155/612] FormSigPrGst.prg                                 4,4s  -> sem correcoes
  Schema BIT columns carregadas: 202 colunas
  Schema BIT columns carregadas: 202 colunas

Correcoes aplicadas: 1

Detalhes:
  Linha 271: [ENCERRAR-CANONICO]
    Original:  (auto-fix)
    Corrigido: (auto-fix)


=== CORRECAO CONCLUIDA ===
1 correcao(oes) aplicada(s).
=== CORRETOR AUTOMATICO ===

Arquivo: C:\4c\projeto\app\forms\operacionais\FormSigPrIbb.prg

Backup criado: C:\4c\projeto\app\forms\operacionais\FormSigPrIbb.prg.bak
Linhas originais: 953

Aplicando correcoes...
[156/612] FormSigPrHpr.prg                                 7,1s  -> sem correcoes
  Schema BIT columns carregadas: 202 colunas

Correcoes aplicadas: 0


=== CORRECAO CONCLUIDA ===
Nenhuma correcao necessaria.
=== CORRETOR AUTOMATICO ===

Arquivo: C:\4c\projeto\app\forms\operacionais\FormSIGPRIBL.prg

Backup criado: C:\4c\projeto\app\forms\operacionais\FormSIGPRIBL.prg.bak
Linhas originais: 1272

Aplicando correcoes...

Correcoes aplicadas: 0


=== CORRECAO CONCLUIDA ===
Nenhuma correcao necessaria.
=== CORRETOR AUTOMATICO ===

Arquivo: C:\4c\projeto\app\forms\operacionais\Formsigprico.prg

Backup criado: C:\4c\projeto\app\forms\operacionais\Formsigprico.prg.bak
Linhas originais: 726

Aplicando correcoes...
[157/612] FormSigPrGlp.prg                                30,8s  -> sem correcoes
[158/612] FormSigPrIbb.prg                                 5,1s  -> sem correcoes
  Schema BIT columns carregadas: 202 colunas

Correcoes aplicadas: 0


=== CORRECAO CONCLUIDA ===
Nenhuma correcao necessaria.
=== CORRETOR AUTOMATICO ===

Arquivo: C:\4c\projeto\app\forms\operacionais\FormSigPrIct.prg

Backup criado: C:\4c\projeto\app\forms\operacionais\FormSigPrIct.prg.bak
Linhas originais: 811

Aplicando correcoes...
[159/612] Formsigprico.prg                                 4,0s  -> sem correcoes
  Schema BIT columns carregadas: 202 colunas
  Schema BIT columns carregadas: 202 colunas

Correcoes aplicadas: 0


=== CORRECAO CONCLUIDA ===
Nenhuma correcao necessaria.
=== CORRETOR AUTOMATICO ===

[160/612] FormSigPrIct.prg                                 4,5s  -> sem correcoes
Arquivo: C:\4c\projeto\app\forms\operacionais\FormSIGPRIFF.prg

Backup criado: C:\4c\projeto\app\forms\operacionais\FormSIGPRIFF.prg.bak
Linhas originais: 506

Aplicando correcoes...

Correcoes aplicadas: 3

Detalhes:
  Linha 636: [NVL_BIT_FIELD_WARN]
    Original:  IF NVL(cursor_4c_Config.nTamFontes, 0) = 0
    Corrigido: (revisar manualmente)

  Linha 713: [NVL_BIT_FIELD_WARN]
    Original:  loc_cContaCli = IIF(NVL(cursor_4c_MvCab.Nfiscals, 0) = 1, ;
    Corrigido: (revisar manualmente)

  Linha 775: [NVL_BIT_FIELD_WARN]
    Original:  IF NVL(cursor_4c_OpFp.ImpNotas, 0) = 1
    Corrigido: (revisar manualmente)


=== CORRECAO CONCLUIDA ===
3 correcao(oes) aplicada(s).
=== CORRETOR AUTOMATICO ===

Arquivo: C:\4c\projeto\app\forms\operacionais\Formsigprila.prg

Backup criado: C:\4c\projeto\app\forms\operacionais\Formsigprila.prg.bak
Linhas originais: 979

Aplicando correcoes...
[161/612] FormSIGPRIBL.prg                                 9,1s  -> sem correcoes
  Schema BIT columns carregadas: 202 colunas
  Schema BIT columns carregadas: 202 colunas

Correcoes aplicadas: 0


=== CORRECAO CONCLUIDA ===
Nenhuma correcao necessaria.
=== CORRETOR AUTOMATICO ===

Arquivo: C:\4c\projeto\app\forms\operacionais\Formsigprima.prg

Backup criado: C:\4c\projeto\app\forms\operacionais\Formsigprima.prg.bak
Linhas originais: 851

Aplicando correcoes...
[162/612] FormSIGPRIFF.prg                                 2,5s  -> sem correcoes
  Schema BIT columns carregadas: 202 colunas
  Schema BIT columns carregadas: 202 colunas

Correcoes aplicadas: 0


=== CORRECAO CONCLUIDA ===
Nenhuma correcao necessaria.
=== CORRETOR AUTOMATICO ===

Arquivo: C:\4c\projeto\app\forms\operacionais\FormSIGPRIMP.prg

Backup criado: C:\4c\projeto\app\forms\operacionais\FormSIGPRIMP.prg.bak
Linhas originais: 775

Aplicando correcoes...
[163/612] Formsigprila.prg                                 5,2s  -> sem correcoes

Correcoes aplicadas: 0


=== CORRECAO CONCLUIDA ===
Nenhuma correcao necessaria.
=== CORRETOR AUTOMATICO ===

Arquivo: C:\4c\projeto\app\forms\operacionais\FormSigPrIns.prg

Backup criado: C:\4c\projeto\app\forms\operacionais\FormSigPrIns.prg.bak
Linhas originais: 481

Aplicando correcoes...
[164/612] Formsigprima.prg                                 4,2s  -> sem correcoes
  Schema BIT columns carregadas: 202 colunas
  Schema BIT columns carregadas: 202 colunas

Correcoes aplicadas: 0


=== CORRECAO CONCLUIDA ===
Nenhuma correcao necessaria.
=== CORRETOR AUTOMATICO ===

Arquivo: C:\4c\projeto\app\forms\operacionais\FormSigPrItb.prg

Backup criado: C:\4c\projeto\app\forms\operacionais\FormSigPrItb.prg.bak
Linhas originais: 1224

Aplicando correcoes...
[165/612] FormSigPrIns.prg                                 2,6s  -> sem correcoes

Correcoes aplicadas: 0


=== CORRECAO CONCLUIDA ===
Nenhuma correcao necessaria.
=== CORRETOR AUTOMATICO ===

Arquivo: C:\4c\projeto\app\forms\operacionais\Formsigprite.prg

Backup criado: C:\4c\projeto\app\forms\operacionais\Formsigprite.prg.bak
Linhas originais: 1585

Aplicando correcoes...
[166/612] FormSIGPRIMP.prg                                 4,2s  -> sem correcoes
  Schema BIT columns carregadas: 202 colunas

Correcoes aplicadas: 0


=== CORRECAO CONCLUIDA ===
Nenhuma correcao necessaria.
=== CORRETOR AUTOMATICO ===

Arquivo: C:\4c\projeto\app\forms\operacionais\FormSigPrMdc.prg

Backup criado: C:\4c\projeto\app\forms\operacionais\FormSigPrMdc.prg.bak
Linhas originais: 1197

Aplicando correcoes...
[167/612] FormSigPrItb.prg                                 8,5s  -> sem correcoes
  Schema BIT columns carregadas: 202 colunas

Correcoes aplicadas: 0


=== CORRECAO CONCLUIDA ===
Nenhuma correcao necessaria.
=== CORRETOR AUTOMATICO ===

Arquivo: C:\4c\projeto\app\forms\operacionais\Formsigprmdp.prg

Backup criado: C:\4c\projeto\app\forms\operacionais\Formsigprmdp.prg.bak
Linhas originais: 1379

Aplicando correcoes...
[168/612] FormSigPrGlx.prg                                54,9s  -> sem correcoes

Correcoes aplicadas: 0


=== CORRECAO CONCLUIDA ===
Nenhuma correcao necessaria.
[169/612] Formsigprite.prg                                12,5s  -> sem correcoes
=== CORRETOR AUTOMATICO ===

Arquivo: C:\4c\projeto\app\forms\operacionais\FormSIGPRMEI.prg

Backup criado: C:\4c\projeto\app\forms\operacionais\FormSIGPRMEI.prg.bak
Linhas originais: 705

Aplicando correcoes...
  Schema BIT columns carregadas: 202 colunas
  Schema BIT columns carregadas: 202 colunas

Correcoes aplicadas: 0


=== CORRECAO CONCLUIDA ===
Nenhuma correcao necessaria.
=== CORRETOR AUTOMATICO ===

Arquivo: C:\4c\projeto\app\forms\operacionais\FormSigPrMlu.prg

[170/612] FormSigPrMdc.prg                                 7,4s  -> sem correcoes
Backup criado: C:\4c\projeto\app\forms\operacionais\FormSigPrMlu.prg.bak
Linhas originais: 926

Aplicando correcoes...

Correcoes aplicadas: 0


=== CORRECAO CONCLUIDA ===
Nenhuma correcao necessaria.
=== CORRETOR AUTOMATICO ===

[171/612] FormSIGPRMEI.prg                                 5,0s  -> sem correcoes
Arquivo: C:\4c\projeto\app\forms\operacionais\Formsigprnfe.prg

  Schema BIT columns carregadas: 202 colunas
Backup criado: C:\4c\projeto\app\forms\operacionais\Formsigprnfe.prg.bak
Linhas originais: 2237

Aplicando correcoes...
  Schema BIT columns carregadas: 202 colunas

Correcoes aplicadas: 0


=== CORRECAO CONCLUIDA ===
Nenhuma correcao necessaria.
=== CORRETOR AUTOMATICO ===

Arquivo: C:\4c\projeto\app\forms\operacionais\FormSIGPRNSE.prg

Backup criado: C:\4c\projeto\app\forms\operacionais\FormSIGPRNSE.prg.bak
Linhas originais: 1422

Aplicando correcoes...
[172/612] FormSigPrMlu.prg                                 5,6s  -> sem correcoes

Correcoes aplicadas: 0


=== CORRECAO CONCLUIDA ===
Nenhuma correcao necessaria.
=== CORRETOR AUTOMATICO ===

Arquivo: C:\4c\projeto\app\forms\operacionais\Formsigproef.prg

Backup criado: C:\4c\projeto\app\forms\operacionais\Formsigproef.prg.bak
Linhas originais: 1224

Aplicando correcoes...
[173/612] Formsigprmdp.prg                                10,5s  -> sem correcoes
  Schema BIT columns carregadas: 202 colunas
  Schema BIT columns carregadas: 202 colunas

Correcoes aplicadas: 0


=== CORRECAO CONCLUIDA ===
Nenhuma correcao necessaria.
=== CORRETOR AUTOMATICO ===

Arquivo: C:\4c\projeto\app\forms\operacionais\Formsigproer.prg

Backup criado: C:\4c\projeto\app\forms\operacionais\Formsigproer.prg.bak
Linhas originais: 1018

Aplicando correcoes...
[174/612] Formsigproef.prg                                 7,8s  -> sem correcoes

Correcoes aplicadas: 0


=== CORRECAO CONCLUIDA ===
Nenhuma correcao necessaria.
=== CORRETOR AUTOMATICO ===

Arquivo: C:\4c\projeto\app\forms\operacionais\FormSigPrPcp.prg

Backup criado: C:\4c\projeto\app\forms\operacionais\FormSigPrPcp.prg.bak
Linhas originais: 1149

Aplicando correcoes...
[175/612] FormSIGPRNSE.prg                                10,2s  -> sem correcoes
  Schema BIT columns carregadas: 202 colunas
  Schema BIT columns carregadas: 202 colunas

Correcoes aplicadas: 0


=== CORRECAO CONCLUIDA ===
Nenhuma correcao necessaria.
=== CORRETOR AUTOMATICO ===

Arquivo: C:\4c\projeto\app\forms\operacionais\Formsigprpdf.prg

Backup criado: C:\4c\projeto\app\forms\operacionais\Formsigprpdf.prg.bak
Linhas originais: 1082

Aplicando correcoes...
[176/612] Formsigproer.prg                                 5,4s  -> sem correcoes
  Schema BIT columns carregadas: 202 colunas

Correcoes aplicadas: 1

Detalhes:
  Linha 1003: [NVL_BIT_FIELD_WARN]
    Original:  IF NVL(cursor_4c_Selecao.Priors, 0) = 0
    Corrigido: (revisar manualmente)


=== CORRECAO CONCLUIDA ===
1 correcao(oes) aplicada(s).
=== CORRETOR AUTOMATICO ===

Arquivo: C:\4c\projeto\app\forms\operacionais\FormSigPrPpc.prg

Backup criado: C:\4c\projeto\app\forms\operacionais\FormSigPrPpc.prg.bak
Linhas originais: 1046

[177/612] FormSigPrPcp.prg                                 6,4s  -> sem correcoes
Aplicando correcoes...
  Schema BIT columns carregadas: 202 colunas

Correcoes aplicadas: 0


=== CORRECAO CONCLUIDA ===
Nenhuma correcao necessaria.
=== CORRETOR AUTOMATICO ===

Arquivo: C:\4c\projeto\app\forms\operacionais\FormSIGPRPPP.prg

Backup criado: C:\4c\projeto\app\forms\operacionais\FormSIGPRPPP.prg.bak
Linhas originais: 831

Aplicando correcoes...
[178/612] Formsigprnfe.prg                                22,1s  -> sem correcoes

Correcoes aplicadas: 0


=== CORRECAO CONCLUIDA ===
Nenhuma correcao necessaria.
=== CORRETOR AUTOMATICO ===

Arquivo: C:\4c\projeto\app\forms\operacionais\FormSIGPRPRO.prg

Backup criado: C:\4c\projeto\app\forms\operacionais\FormSIGPRPRO.prg.bak
Linhas originais: 674

Aplicando correcoes...
[179/612] Formsigprpdf.prg                                 6,2s  -> sem correcoes
  Schema BIT columns carregadas: 202 colunas
  Schema BIT columns carregadas: 202 colunas

Correcoes aplicadas: 0


=== CORRECAO CONCLUIDA ===
Nenhuma correcao necessaria.
=== CORRETOR AUTOMATICO ===

Arquivo: C:\4c\projeto\app\forms\operacionais\Formsigprrcu.prg

Backup criado: C:\4c\projeto\app\forms\operacionais\Formsigprrcu.prg.bak
Linhas originais: 619

Aplicando correcoes...
  Schema BIT columns carregadas: 202 colunas

[180/612] FormSigPrPpc.prg                                 5,6s  -> sem correcoes
Correcoes aplicadas: 0


=== CORRECAO CONCLUIDA ===
Nenhuma correcao necessaria.
=== CORRETOR AUTOMATICO ===

Arquivo: C:\4c\projeto\app\forms\operacionais\FormSigPrRet.prg

Backup criado: C:\4c\projeto\app\forms\operacionais\FormSigPrRet.prg.bak
Linhas originais: 3332

Aplicando correcoes...
[181/612] FormSIGPRPPP.prg                                 3,6s  -> sem correcoes

Correcoes aplicadas: 0


=== CORRECAO CONCLUIDA ===
Nenhuma correcao necessaria.
=== CORRETOR AUTOMATICO ===

Arquivo: C:\4c\projeto\app\forms\operacionais\FormSigPrRsa.prg

Backup criado: C:\4c\projeto\app\forms\operacionais\FormSigPrRsa.prg.bak
Linhas originais: 597

Aplicando correcoes...
[182/612] FormSIGPRPRO.prg                                 2,8s  -> sem correcoes
  Schema BIT columns carregadas: 202 colunas

Correcoes aplicadas: 0


=== CORRECAO CONCLUIDA ===
Nenhuma correcao necessaria.
=== CORRETOR AUTOMATICO ===

Arquivo: C:\4c\projeto\app\forms\operacionais\FormSigPrRss.prg

Backup criado: C:\4c\projeto\app\forms\operacionais\FormSigPrRss.prg.bak
  Schema BIT columns carregadas: 202 colunas
Linhas originais: 634

Aplicando correcoes...
[183/612] Formsigprrcu.prg                                 2,9s  -> sem correcoes

Correcoes aplicadas: 0


=== CORRECAO CONCLUIDA ===
Nenhuma correcao necessaria.
=== CORRETOR AUTOMATICO ===

Arquivo: C:\4c\projeto\app\forms\operacionais\FormSigPrScn.prg

Backup criado: C:\4c\projeto\app\forms\operacionais\FormSigPrScn.prg.bak
Linhas originais: 473

Aplicando correcoes...
[184/612] FormSigPrRsa.prg                                 2,9s  -> sem correcoes
  Schema BIT columns carregadas: 202 colunas
  Schema BIT columns carregadas: 202 colunas

Correcoes aplicadas: 0


=== CORRECAO CONCLUIDA ===
Nenhuma correcao necessaria.
=== CORRETOR AUTOMATICO ===

Arquivo: C:\4c\projeto\app\forms\operacionais\FormSigPrSdd.prg

Backup criado: C:\4c\projeto\app\forms\operacionais\FormSigPrSdd.prg.bak
Linhas originais: 1690


Aplicando correcoes...
Correcoes aplicadas: 0
[185/612] FormSigPrScn.prg                                 2,2s  -> sem correcoes


=== CORRECAO CONCLUIDA ===
Nenhuma correcao necessaria.
=== CORRETOR AUTOMATICO ===

Arquivo: C:\4c\projeto\app\forms\operacionais\Formsigprsen.prg

Backup criado: C:\4c\projeto\app\forms\operacionais\Formsigprsen.prg.bak
Linhas originais: 557

Aplicando correcoes...
[186/612] FormSigPrRss.prg                                 3,1s  -> sem correcoes
  Schema BIT columns carregadas: 202 colunas

Correcoes aplicadas: 0


=== CORRECAO CONCLUIDA ===
Nenhuma correcao necessaria.
=== CORRETOR AUTOMATICO ===

Arquivo: C:\4c\projeto\app\forms\operacionais\FormSigPrSer.prg

Backup criado: C:\4c\projeto\app\forms\operacionais\FormSigPrSer.prg.bak
Linhas originais: 1359

Aplicando correcoes...
[187/612] Formsigprsen.prg                                 2,2s  -> sem correcoes

Correcoes aplicadas: 8

Detalhes:
  Linha 208: [CONTAINER_BOTOES_TRANSPARENTE]
    Original:  .BackStyle = 1
    Corrigido: .BackStyle = 0

  Linha 321: [CONTAINER_BOTOES_TRANSPARENTE]
    Original:  .BackStyle = 1
    Corrigido: .BackStyle = 0

  Linha 578: [CONTAINER_BOTOES_TRANSPARENTE]
    Original:  .BackStyle = 1
    Corrigido: .BackStyle = 0

  Linha 4376: [CONTAINER_BOTOES_TRANSPARENTE]
    Original:  .BackStyle = 1
    Corrigido: .BackStyle = 0

  Linha 208: [CNT-OVERLAY-GRID-BACKSTYLE]
    Original:  .BackStyle = 0
    Corrigido: .BackStyle = 1

  Linha 321: [CNT-OVERLAY-GRID-BACKSTYLE]
    Original:  .BackStyle = 0
    Corrigido: .BackStyle = 1

  Linha 578: [CNT-OVERLAY-GRID-BACKSTYLE]
    Original:  .BackStyle = 0
    Corrigido: .BackStyle = 1

  Linha 4376: [CNT-OVERLAY-GRID-BACKSTYLE]
    Original:  .BackStyle = 0
    Corrigido: .BackStyle = 1


=== CORRECAO CONCLUIDA ===
8 correcao(oes) aplicada(s).
=== CORRETOR AUTOMATICO ===

Arquivo: C:\4c\projeto\app\forms\operacionais\FormSigPrSlp.prg

Backup criado: C:\4c\projeto\app\forms\operacionais\FormSigPrSlp.prg.bak
Linhas originais: 967

Aplicando correcoes...
[188/612] FormProduto.prg                                620,0s  -> sem correcoes
  Schema BIT columns carregadas: 202 colunas
  Schema BIT columns carregadas: 202 colunas
  Schema BIT columns carregadas: 202 colunas

Correcoes aplicadas: 0


=== CORRECAO CONCLUIDA ===
Nenhuma correcao necessaria.
=== CORRETOR AUTOMATICO ===

Arquivo: C:\4c\projeto\app\forms\operacionais\FormSigPrSnd.prg

Backup criado: C:\4c\projeto\app\forms\operacionais\FormSigPrSnd.prg.bak
Linhas originais: 749

Aplicando correcoes...
[189/612] FormSigPrSlp.prg                                 4,2s  -> sem correcoes

Correcoes aplicadas: 0


=== CORRECAO CONCLUIDA ===
Nenhuma correcao necessaria.
=== CORRETOR AUTOMATICO ===

Arquivo: C:\4c\projeto\app\forms\operacionais\FormSIGPRSTF.prg

Backup criado: C:\4c\projeto\app\forms\operacionais\FormSIGPRSTF.prg.bak
Linhas originais: 512

Aplicando correcoes...
[190/612] FormSigPrSer.prg                                 7,3s  -> sem correcoes

Correcoes aplicadas: 0


=== CORRECAO CONCLUIDA ===
Nenhuma correcao necessaria.
=== CORRETOR AUTOMATICO ===

Arquivo: C:\4c\projeto\app\forms\operacionais\Formsigprtam.prg

Backup criado: C:\4c\projeto\app\forms\operacionais\Formsigprtam.prg.bak
Linhas originais: 1044

Aplicando correcoes...
  Schema BIT columns carregadas: 202 colunas
[191/612] FormSigPrSdd.prg                                10,8s  -> sem correcoes
  Schema BIT columns carregadas: 202 colunas

Correcoes aplicadas: 0


=== CORRECAO CONCLUIDA ===
Nenhuma correcao necessaria.
=== CORRETOR AUTOMATICO ===

Arquivo: C:\4c\projeto\app\forms\operacionais\FormSigPrTar.prg

Backup criado: C:\4c\projeto\app\forms\operacionais\FormSigPrTar.prg.bak
Linhas originais: 711

Aplicando correcoes...

[192/612] FormSIGPRSTF.prg                                 2,1s  -> sem correcoes
Correcoes aplicadas: 0


=== CORRECAO CONCLUIDA ===
Nenhuma correcao necessaria.
=== CORRETOR AUTOMATICO ===

Arquivo: C:\4c\projeto\app\forms\operacionais\Formsigprtef.prg

Backup criado: C:\4c\projeto\app\forms\operacionais\Formsigprtef.prg.bak
Linhas originais: 1511

Aplicando correcoes...
[193/612] FormSigPrSnd.prg                                 3,2s  -> sem correcoes
  Schema BIT columns carregadas: 202 colunas
  Schema BIT columns carregadas: 202 colunas

Correcoes aplicadas: 0


=== CORRECAO CONCLUIDA ===
Nenhuma correcao necessaria.
=== CORRETOR AUTOMATICO ===

Arquivo: C:\4c\projeto\app\forms\operacionais\FormSIGPRTFH.prg

Backup criado: C:\4c\projeto\app\forms\operacionais\FormSIGPRTFH.prg.bak
Linhas originais: 1016

Aplicando correcoes...
[194/612] FormSigPrTar.prg                                 3,4s  -> sem correcoes

Correcoes aplicadas: 0


=== CORRECAO CONCLUIDA ===
Nenhuma correcao necessaria.
=== CORRETOR AUTOMATICO ===

Arquivo: C:\4c\projeto\app\forms\operacionais\FormSIGPRTRF.prg

Backup criado: C:\4c\projeto\app\forms\operacionais\FormSIGPRTRF.prg.bak
Linhas originais: 952

Aplicando correcoes...
[195/612] Formsigprtam.prg                                 5,8s  -> sem correcoes
  Schema BIT columns carregadas: 202 colunas
  Schema BIT columns carregadas: 202 colunas
  Schema BIT columns carregadas: 202 colunas
  Schema BIT columns carregadas: 202 colunas

Correcoes aplicadas: 0


=== CORRECAO CONCLUIDA ===
Nenhuma correcao necessaria.
=== CORRETOR AUTOMATICO ===

Arquivo: C:\4c\projeto\app\forms\operacionais\FormSIGPRVTX.prg

Backup criado: C:\4c\projeto\app\forms\operacionais\FormSIGPRVTX.prg.bak
[196/612] FormSIGPRTFH.prg                                 5,6s  -> sem correcoes
Linhas originais: 949

Aplicando correcoes...

Correcoes aplicadas: 0


=== CORRECAO CONCLUIDA ===
Nenhuma correcao necessaria.
=== CORRETOR AUTOMATICO ===

Arquivo: C:\4c\projeto\app\forms\operacionais\FormSigReCmg.prg

Backup criado: C:\4c\projeto\app\forms\operacionais\FormSigReCmg.prg.bak
Linhas originais: 1601

Aplicando correcoes...
[197/612] FormSIGPRTRF.prg                                 5,3s  -> sem correcoes

Correcoes aplicadas: 0


=== CORRECAO CONCLUIDA ===
Nenhuma correcao necessaria.
=== CORRETOR AUTOMATICO ===

Arquivo: C:\4c\projeto\app\forms\operacionais\FormSigReEch.prg

Backup criado: C:\4c\projeto\app\forms\operacionais\FormSigReEch.prg.bak
Linhas originais: 1629

Aplicando correcoes...
[198/612] Formsigprtef.prg                                10,6s  -> sem correcoes
  Schema BIT columns carregadas: 202 colunas

Correcoes aplicadas: 0


=== CORRECAO CONCLUIDA ===
Nenhuma correcao necessaria.
=== CORRETOR AUTOMATICO ===

Arquivo: C:\4c\projeto\app\forms\operacionais\FormSigReEtp.prg

Backup criado: C:\4c\projeto\app\forms\operacionais\FormSigReEtp.prg.bak
Linhas originais: 802

Aplicando correcoes...
[199/612] FormSIGPRVTX.prg                                 5,4s  -> sem correcoes
  Schema BIT columns carregadas: 202 colunas
  Schema BIT columns carregadas: 202 colunas

Correcoes aplicadas: 0


=== CORRECAO CONCLUIDA ===
Nenhuma correcao necessaria.
=== CORRETOR AUTOMATICO ===

Arquivo: C:\4c\projeto\app\forms\operacionais\FormSigReGla.prg

Backup criado: C:\4c\projeto\app\forms\operacionais\FormSigReGla.prg.bak
Linhas originais: 768

Aplicando correcoes...
[200/612] FormSigReEtp.prg                                 4,0s  -> sem correcoes
  Schema BIT columns carregadas: 202 colunas


Correcoes aplicadas: 0
Correcoes aplicadas: 0




=== CORRECAO CONCLUIDA ===
=== CORRECAO CONCLUIDA ===
Nenhuma correcao necessaria.
Nenhuma correcao necessaria.
=== CORRETOR AUTOMATICO ===
=== CORRETOR AUTOMATICO ===


Arquivo: C:\4c\projeto\app\forms\operacionais\Formsigregli.prg
Arquivo: C:\4c\projeto\app\forms\operacionais\FormSigReJur.prg


Backup criado: C:\4c\projeto\app\forms\operacionais\Formsigregli.prg.bak
Backup criado: C:\4c\projeto\app\forms\operacionais\FormSigReJur.prg.bak
Linhas originais: 1682
Linhas originais: 2612


Aplicando correcoes...
Aplicando correcoes...
  Schema BIT columns carregadas: 202 colunas
[201/612] FormSigPrRet.prg                                38,8s  -> sem correcoes
[202/612] FormSigReCmg.prg                                11,1s  -> sem correcoes

Correcoes aplicadas: 0


=== CORRECAO CONCLUIDA ===
Nenhuma correcao necessaria.
=== CORRETOR AUTOMATICO ===

Arquivo: C:\4c\projeto\app\forms\operacionais\Formsigtosen.prg

Backup criado: C:\4c\projeto\app\forms\operacionais\Formsigtosen.prg.bak
Linhas originais: 1605

Aplicando correcoes...

Correcoes aplicadas: 2

Detalhes:
  Linha 368: [CONTAINER_BOTOES_TRANSPARENTE]
    Original:  .BackStyle = 1
    Corrigido: .BackStyle = 0

  Linha 368: [CNT-OVERLAY-GRID-BACKSTYLE]
    Original:  .BackStyle = 0
    Corrigido: .BackStyle = 1


=== CORRECAO CONCLUIDA ===
2 correcao(oes) aplicada(s).
=== CORRETOR AUTOMATICO ===

Arquivo: C:\4c\projeto\app\forms\relatorios\FormRelPlanoContas.prg

Backup criado: C:\4c\projeto\app\forms\relatorios\FormRelPlanoContas.prg.bak
Linhas originais: 587

Aplicando correcoes...
[203/612] FormSigReEch.prg                                11,6s  -> sem correcoes
[204/612] FormSigReGla.prg                                 4,0s  -> sem correcoes
  Schema BIT columns carregadas: 202 colunas

Correcoes aplicadas: 0


=== CORRECAO CONCLUIDA ===
Nenhuma correcao necessaria.
=== CORRETOR AUTOMATICO ===

Arquivo: C:\4c\projeto\app\forms\relatorios\Formsigatcrp.prg

Backup criado: C:\4c\projeto\app\forms\relatorios\Formsigatcrp.prg.bak
Linhas originais: 3399

Aplicando correcoes...
[205/612] FormRelPlanoContas.prg                           3,2s  -> sem correcoes
  Schema BIT columns carregadas: 202 colunas
  Schema BIT columns carregadas: 202 colunas

Correcoes aplicadas: 1

Detalhes:
  Linha 1058: [NVL_BIT_FIELD_WARN]
    Original:  loc_llNbr = (NVL(crsigcdusu1.ObrigSenhas, 0) = 1 AND ;
    Corrigido: (revisar manualmente)


=== CORRECAO CONCLUIDA ===
1 correcao(oes) aplicada(s).
=== CORRETOR AUTOMATICO ===

Arquivo: C:\4c\projeto\app\forms\relatorios\FormSIGPRCCR.prg

Backup criado: C:\4c\projeto\app\forms\relatorios\FormSIGPRCCR.prg.bak
Linhas originais: 574

Aplicando correcoes...

Correcoes aplicadas: 0


=== CORRECAO CONCLUIDA ===
Nenhuma correcao necessaria.
=== CORRETOR AUTOMATICO ===

Arquivo: C:\4c\projeto\app\forms\relatorios\FormSigReAac.prg

Backup criado: C:\4c\projeto\app\forms\relatorios\FormSigReAac.prg.bak
Linhas originais: 1190

Aplicando correcoes...
[206/612] FormSigReJur.prg                                12,8s  -> sem correcoes
[207/612] Formsigtosen.prg                                11,7s  -> sem correcoes
  Schema BIT columns carregadas: 202 colunas

Correcoes aplicadas: 3

Detalhes:
  Linha 231: [GROUP_FONTNAME]
    Original:  .FontName        = "Comic Sans MS"
    Corrigido: (removido)

  Linha 232: [GROUP_FONTSIZE]
    Original:  .FontSize        = 8
    Corrigido: (removido)

  Linha 225: [REPORT-BTN-FONT-MISSING]
    Original:  Buttons(N) REPORT sem FontName/FontSize
    Corrigido: FontName='Comic Sans MS' + FontSize=8 injetados apos .Caption


=== CORRECAO CONCLUIDA ===
3 correcao(oes) aplicada(s).
=== CORRETOR AUTOMATICO ===

[208/612] FormSIGPRCCR.prg                                 2,6s  -> sem correcoes
Arquivo: C:\4c\projeto\app\forms\relatorios\FormSIGREADS.prg

Backup criado: C:\4c\projeto\app\forms\relatorios\FormSIGREADS.prg.bak
Linhas originais: 2036

Aplicando correcoes...
  Schema BIT columns carregadas: 202 colunas
  Schema BIT columns carregadas: 202 colunas

Correcoes aplicadas: 3

Detalhes:
  Linha 175: [GROUP_FONTNAME]
    Original:  .FontName        = "Comic Sans MS"
    Corrigido: (removido)

  Linha 176: [GROUP_FONTSIZE]
    Original:  .FontSize        = 8
    Corrigido: (removido)

  Linha 169: [REPORT-BTN-FONT-MISSING]
    Original:  Buttons(N) REPORT sem FontName/FontSize
    Corrigido: FontName='Comic Sans MS' + FontSize=8 injetados apos .Caption


=== CORRECAO CONCLUIDA ===
3 correcao(oes) aplicada(s).
=== CORRETOR AUTOMATICO ===

Arquivo: C:\4c\projeto\app\forms\relatorios\FormSIGREAEG.prg

Backup criado: C:\4c\projeto\app\forms\relatorios\FormSIGREAEG.prg.bak
Linhas originais: 1332

Aplicando correcoes...
[209/612] FormSigReAac.prg                                 7,2s  -> sem correcoes
  Schema BIT columns carregadas: 202 colunas
  Schema BIT columns carregadas: 202 colunas

Correcoes aplicadas: 0


=== CORRECAO CONCLUIDA ===
Nenhuma correcao necessaria.
=== CORRETOR AUTOMATICO ===

Arquivo: C:\4c\projeto\app\forms\relatorios\FormSIGREAGV.prg

Backup criado: C:\4c\projeto\app\forms\relatorios\FormSIGREAGV.prg.bak
Linhas originais: 982

Aplicando correcoes...
[210/612] Formsigregli.prg                                26,7s  -> sem correcoes

Correcoes aplicadas: 0


=== CORRECAO CONCLUIDA ===
Nenhuma correcao necessaria.
=== CORRETOR AUTOMATICO ===

Arquivo: C:\4c\projeto\app\forms\relatorios\FormSigReAiv.prg

Backup criado: C:\4c\projeto\app\forms\relatorios\FormSigReAiv.prg.bak
Linhas originais: 1107

Aplicando correcoes...
[211/612] FormSIGREAEG.prg                                 8,7s  -> sem correcoes
  Schema BIT columns carregadas: 202 colunas
  Schema BIT columns carregadas: 202 colunas

Correcoes aplicadas: 0


=== CORRECAO CONCLUIDA ===
Nenhuma correcao necessaria.
=== CORRETOR AUTOMATICO ===

Arquivo: C:\4c\projeto\app\forms\relatorios\FormSigReAni.prg

Backup criado: C:\4c\projeto\app\forms\relatorios\FormSigReAni.prg.bak
Linhas originais: 673

Aplicando correcoes...

[212/612] FormSIGREAGV.prg                                 4,8s  -> sem correcoes
Correcoes aplicadas: 0


=== CORRECAO CONCLUIDA ===
Nenhuma correcao necessaria.
=== CORRETOR AUTOMATICO ===

Arquivo: C:\4c\projeto\app\forms\relatorios\Formsigreanr.prg

Backup criado: C:\4c\projeto\app\forms\relatorios\Formsigreanr.prg.bak
Linhas originais: 856

Aplicando correcoes...
[213/612] FormSIGREADS.prg                                16,5s  -> sem correcoes
  Schema BIT columns carregadas: 202 colunas
  Schema BIT columns carregadas: 202 colunas

Correcoes aplicadas: 3

Detalhes:
  Linha 175: [GROUP_FONTNAME]
    Original:  .FontName        = "Comic Sans MS"
    Corrigido: (removido)

  Linha 176: [GROUP_FONTSIZE]
    Original:  .FontSize        = 8
    Corrigido: (removido)

  Linha 169: [REPORT-BTN-FONT-MISSING]
    Original:  Buttons(N) REPORT sem FontName/FontSize
    Corrigido: FontName='Comic Sans MS' + FontSize=8 injetados apos .Caption


=== CORRECAO CONCLUIDA ===
3 correcao(oes) aplicada(s).
=== CORRETOR AUTOMATICO ===

Arquivo: C:\4c\projeto\app\forms\relatorios\Formsigreapp.prg

[214/612] FormSigReAni.prg                                 2,9s  -> sem correcoes
Backup criado: C:\4c\projeto\app\forms\relatorios\Formsigreapp.prg.bak
Linhas originais: 2248


Aplicando correcoes...
Correcoes aplicadas: 6

Detalhes:
  Linha 172: [GROUP_FONTNAME]
    Original:  .FontName        = "Comic Sans MS"
    Corrigido: (removido)

  Linha 173: [GROUP_FONTSIZE]
    Original:  .FontSize        = 8
    Corrigido: (removido)

  Linha 505: [GROUP_FONTNAME]
    Original:  .FontName        = "Comic Sans MS"
    Corrigido: (removido)

  Linha 506: [GROUP_FONTSIZE]
    Original:  .FontSize        = 8
    Corrigido: (removido)

  Linha 166: [REPORT-BTN-FONT-MISSING]
    Original:  Buttons(N) REPORT sem FontName/FontSize
    Corrigido: FontName='Comic Sans MS' + FontSize=8 injetados apos .Caption

  Linha 499: [REPORT-BTN-FONT-MISSING]
    Original:  Buttons(N) REPORT sem FontName/FontSize
    Corrigido: FontName='Comic Sans MS' + FontSize=8 injetados apos .Caption


=== CORRECAO CONCLUIDA ===
6 correcao(oes) aplicada(s).
=== CORRETOR AUTOMATICO ===

Arquivo: C:\4c\projeto\app\forms\relatorios\FormSIGREAPR.prg

Backup criado: C:\4c\projeto\app\forms\relatorios\FormSIGREAPR.prg.bak
Linhas originais: 1387

Aplicando correcoes...
  Schema BIT columns carregadas: 202 colunas
[215/612] FormSigReAiv.prg                                 5,8s  -> sem correcoes

Correcoes aplicadas: 0


=== CORRECAO CONCLUIDA ===
Nenhuma correcao necessaria.
=== CORRETOR AUTOMATICO ===

Arquivo: C:\4c\projeto\app\forms\relatorios\FormSigReAtm.prg

Backup criado: C:\4c\projeto\app\forms\relatorios\FormSigReAtm.prg.bak
Linhas originais: 2525

Aplicando correcoes...
[216/612] Formsigreanr.prg                                 4,1s  -> sem correcoes
  Schema BIT columns carregadas: 202 colunas

Correcoes aplicadas: 3

Detalhes:
  Linha 196: [GROUP_FONTNAME]
    Original:  .FontName        = "Comic Sans MS"
    Corrigido: (removido)

  Linha 197: [GROUP_FONTSIZE]
    Original:  .FontSize        = 8
    Corrigido: (removido)

  Linha 190: [REPORT-BTN-FONT-MISSING]
    Original:  Buttons(N) REPORT sem FontName/FontSize
    Corrigido: FontName='Comic Sans MS' + FontSize=8 injetados apos .Caption


=== CORRECAO CONCLUIDA ===
3 correcao(oes) aplicada(s).
=== CORRETOR AUTOMATICO ===

Arquivo: C:\4c\projeto\app\forms\relatorios\Formsigreato.prg

Backup criado: C:\4c\projeto\app\forms\relatorios\Formsigreato.prg.bak
Linhas originais: 2059

Aplicando correcoes...
[217/612] FormSIGREAPR.prg                                 8,7s  -> sem correcoes

Correcoes aplicadas: 3

Detalhes:
  Linha 160: [GROUP_FONTNAME]
    Original:  .FontName        = "Comic Sans MS"
    Corrigido: (removido)

  Linha 161: [GROUP_FONTSIZE]
    Original:  .FontSize        = 8
    Corrigido: (removido)

  Linha 154: [REPORT-BTN-FONT-MISSING]
    Original:  Buttons(N) REPORT sem FontName/FontSize
    Corrigido: FontName='Comic Sans MS' + FontSize=8 injetados apos .Caption


=== CORRECAO CONCLUIDA ===
3 correcao(oes) aplicada(s).
=== CORRETOR AUTOMATICO ===

Arquivo: C:\4c\projeto\app\forms\relatorios\FormSIGREAUP.prg

Backup criado: C:\4c\projeto\app\forms\relatorios\FormSIGREAUP.prg.bak
Linhas originais: 1610

Aplicando correcoes...
[218/612] Formsigatcrp.prg                                40,0s  -> sem correcoes
  Schema BIT columns carregadas: 202 colunas
  Schema BIT columns carregadas: 202 colunas
  Schema BIT columns carregadas: 202 colunas

Correcoes aplicadas: 15

  Schema BIT columns carregadas: 202 colunas
Detalhes:
  Linha 320: [GROUP_FONTNAME]
    Original:  .FontName        = "Comic Sans MS"
    Corrigido: (removido)

  Linha 321: [GROUP_FONTSIZE]
    Original:  .FontSize        = 8
    Corrigido: (removido)

  Linha 435: [GROUP_FONTNAME]
    Original:  .FontName        = "Comic Sans MS"
    Corrigido: (removido)

  Linha 436: [GROUP_FONTSIZE]
    Original:  .FontSize        = 8
    Corrigido: (removido)

  Linha 521: [GROUP_FONTNAME]
    Original:  .FontName        = "Comic Sans MS"
    Corrigido: (removido)

  Linha 522: [GROUP_FONTSIZE]
    Original:  .FontSize        = 8
    Corrigido: (removido)

  Linha 642: [GROUP_FONTNAME]
    Original:  .FontName        = "Comic Sans MS"
    Corrigido: (removido)

  Linha 643: [GROUP_FONTSIZE]
    Original:  .FontSize        = 8
    Corrigido: (removido)

  Linha 960: [GROUP_FONTNAME]
    Original:  .FontName        = "Comic Sans MS"
    Corrigido: (removido)

  Linha 961: [GROUP_FONTSIZE]
    Original:  .FontSize        = 8
    Corrigido: (removido)

  Linha 318: [REPORT-BTN-FONT-MISSING]
    Original:  Buttons(N) REPORT sem FontName/FontSize
    Corrigido: FontName='Comic Sans MS' + FontSize=8 injetados apos .Caption

  Linha 433: [REPORT-BTN-FONT-MISSING]
    Original:  Buttons(N) REPORT sem FontName/FontSize
    Corrigido: FontName='Comic Sans MS' + FontSize=8 injetados apos .Caption

  Linha 519: [REPORT-BTN-FONT-MISSING]
    Original:  Buttons(N) REPORT sem FontName/FontSize
    Corrigido: FontName='Comic Sans MS' + FontSize=8 injetados apos .Caption

  Linha 640: [REPORT-BTN-FONT-MISSING]
    Original:  Buttons(N) REPORT sem FontName/FontSize
    Corrigido: FontName='Comic Sans MS' + FontSize=8 injetados apos .Caption

  Linha 958: [REPORT-BTN-FONT-MISSING]
    Original:  Buttons(N) REPORT sem FontName/FontSize
    Corrigido: FontName='Comic Sans MS' + FontSize=8 injetados apos .Caption


=== CORRECAO CONCLUIDA ===
15 correcao(oes) aplicada(s).
=== CORRETOR AUTOMATICO ===

Arquivo: C:\4c\projeto\app\forms\relatorios\Formsigrebal.prg

Backup criado: C:\4c\projeto\app\forms\relatorios\Formsigrebal.prg.bak
Linhas originais: 1261

Aplicando correcoes...
[219/612] Formsigreapp.prg                                19,7s  -> sem correcoes

Correcoes aplicadas: 0


=== CORRECAO CONCLUIDA ===
Nenhuma correcao necessaria.
=== CORRETOR AUTOMATICO ===

Arquivo: C:\4c\projeto\app\forms\relatorios\FormSigReCgc.prg

Backup criado: C:\4c\projeto\app\forms\relatorios\FormSigReCgc.prg.bak
Linhas originais: 753

Aplicando correcoes...
[220/612] FormSIGREAUP.prg                                10,9s  -> sem correcoes
  Schema BIT columns carregadas: 202 colunas

Correcoes aplicadas: 6

Detalhes:
  Linha 211: [GROUP_FONTNAME]
    Original:  .FontName        = "Comic Sans MS"
    Corrigido: (removido)

  Linha 212: [GROUP_FONTSIZE]
    Original:  .FontSize        = 8
    Corrigido: (removido)

  Linha 447: [GROUP_FONTNAME]
    Original:  .FontName        = "Comic Sans MS"
    Corrigido: (removido)

  Linha 448: [GROUP_FONTSIZE]
    Original:  .FontSize        = 8
    Corrigido: (removido)

  Linha 205: [REPORT-BTN-FONT-MISSING]
    Original:  Buttons(N) REPORT sem FontName/FontSize
    Corrigido: FontName='Comic Sans MS' + FontSize=8 injetados apos .Caption

  Linha 441: [REPORT-BTN-FONT-MISSING]
    Original:  Buttons(N) REPORT sem FontName/FontSize
    Corrigido: FontName='Comic Sans MS' + FontSize=8 injetados apos .Caption


=== CORRECAO CONCLUIDA ===
6 correcao(oes) aplicada(s).
=== CORRETOR AUTOMATICO ===

Arquivo: C:\4c\projeto\app\forms\relatorios\Formsigrecgp.prg

Backup criado: C:\4c\projeto\app\forms\relatorios\Formsigrecgp.prg.bak
Linhas originais: 859

Aplicando correcoes...
[221/612] FormSigReCgc.prg                                 3,6s  -> sem correcoes

Correcoes aplicadas: 0


=== CORRECAO CONCLUIDA ===
Nenhuma correcao necessaria.
=== CORRETOR AUTOMATICO ===

Arquivo: C:\4c\projeto\app\forms\relatorios\Formsigrecgr.prg

Backup criado: C:\4c\projeto\app\forms\relatorios\Formsigrecgr.prg.bak
Linhas originais: 777

Aplicando correcoes...
  Schema BIT columns carregadas: 202 colunas
[222/612] Formsigreato.prg                                15,7s  -> sem correcoes

Correcoes aplicadas: 0


=== CORRECAO CONCLUIDA ===
Nenhuma correcao necessaria.
=== CORRETOR AUTOMATICO ===

Arquivo: C:\4c\projeto\app\forms\relatorios\Formsigreche.prg

Backup criado: C:\4c\projeto\app\forms\relatorios\Formsigreche.prg.bak
Linhas originais: 2266

Aplicando correcoes...
[223/612] FormSigReAtm.prg                                23,4s  -> sem correcoes
  Schema BIT columns carregadas: 202 colunas

Correcoes aplicadas: 0


=== CORRECAO CONCLUIDA ===
Nenhuma correcao necessaria.
=== CORRETOR AUTOMATICO ===

Arquivo: C:\4c\projeto\app\forms\relatorios\Formsigrechp.prg

Backup criado: C:\4c\projeto\app\forms\relatorios\Formsigrechp.prg.bak
Linhas originais: 2360

Aplicando correcoes...
  Schema BIT columns carregadas: 202 colunas
[224/612] Formsigrebal.prg                                 7,5s  -> sem correcoes

Correcoes aplicadas: 3

Detalhes:
  Linha 277: [GROUP_FONTNAME]
    Original:  .FontName        = "Comic Sans MS"
    Corrigido: (removido)

  Linha 278: [GROUP_FONTSIZE]
    Original:  .FontSize        = 8
    Corrigido: (removido)

  Linha 271: [REPORT-BTN-FONT-MISSING]
    Original:  Buttons(N) REPORT sem FontName/FontSize
    Corrigido: FontName='Comic Sans MS' + FontSize=8 injetados apos .Caption


=== CORRECAO CONCLUIDA ===
3 correcao(oes) aplicada(s).
=== CORRETOR AUTOMATICO ===

Arquivo: C:\4c\projeto\app\forms\relatorios\Formsigrecmc.prg

Backup criado: C:\4c\projeto\app\forms\relatorios\Formsigrecmc.prg.bak
Linhas originais: 2103

Aplicando correcoes...
[225/612] Formsigrecgr.prg                                 3,5s  -> sem correcoes

Correcoes aplicadas: 3

Detalhes:
  Linha 250: [GROUP_FONTNAME]
    Original:  .FontName        = "Comic Sans MS"
    Corrigido: (removido)

  Linha 251: [GROUP_FONTSIZE]
    Original:  .FontSize        = 8
    Corrigido: (removido)

  Linha 244: [REPORT-BTN-FONT-MISSING]
    Original:  Buttons(N) REPORT sem FontName/FontSize
    Corrigido: FontName='Comic Sans MS' + FontSize=8 injetados apos .Caption


=== CORRECAO CONCLUIDA ===
3 correcao(oes) aplicada(s).
[226/612] Formsigrecgp.prg                                 4,3s  -> sem correcoes
=== CORRETOR AUTOMATICO ===

Arquivo: C:\4c\projeto\app\forms\relatorios\Formsigrecmm.prg

Backup criado: C:\4c\projeto\app\forms\relatorios\Formsigrecmm.prg.bak
Linhas originais: 856

Aplicando correcoes...
  Schema BIT columns carregadas: 202 colunas

Correcoes aplicadas: 0


=== CORRECAO CONCLUIDA ===
Nenhuma correcao necessaria.
=== CORRETOR AUTOMATICO ===

Arquivo: C:\4c\projeto\app\forms\relatorios\FormSigReCmp.prg

Backup criado: C:\4c\projeto\app\forms\relatorios\FormSigReCmp.prg.bak
Linhas originais: 2748

Aplicando correcoes...
[227/612] Formsigrecmm.prg                                 4,9s  -> sem correcoes
  Schema BIT columns carregadas: 202 colunas
  Schema BIT columns carregadas: 202 colunas
  Schema BIT columns carregadas: 202 colunas

Correcoes aplicadas: 9

Detalhes:
  Linha 182: [GROUP_FONTNAME]
    Original:  .FontName        = "Comic Sans MS"
    Corrigido: (removido)

  Linha 183: [GROUP_FONTSIZE]
    Original:  .FontSize        = 8
    Corrigido: (removido)

  Linha 825: [GROUP_FONTNAME]
    Original:  .FontName        = "Comic Sans MS"
    Corrigido: (removido)

  Linha 826: [GROUP_FONTSIZE]
    Original:  .FontSize        = 8
    Corrigido: (removido)

  Linha 885: [GROUP_FONTNAME]
    Original:  .FontName        = "Comic Sans MS"
    Corrigido: (removido)

  Linha 886: [GROUP_FONTSIZE]
    Original:  .FontSize        = 8
    Corrigido: (removido)

  Linha 176: [REPORT-BTN-FONT-MISSING]
    Original:  Buttons(N) REPORT sem FontName/FontSize
    Corrigido: FontName='Comic Sans MS' + FontSize=8 injetados apos .Caption

  Linha 823: [REPORT-BTN-FONT-MISSING]
    Original:  Buttons(N) REPORT sem FontName/FontSize
    Corrigido: FontName='Comic Sans MS' + FontSize=8 injetados apos .Caption

  Linha 883: [REPORT-BTN-FONT-MISSING]
    Original:  Buttons(N) REPORT sem FontName/FontSize
    Corrigido: FontName='Comic Sans MS' + FontSize=8 injetados apos .Caption


=== CORRECAO CONCLUIDA ===
9 correcao(oes) aplicada(s).
=== CORRETOR AUTOMATICO ===

Arquivo: C:\4c\projeto\app\forms\relatorios\FormSIGRECMV.prg

Backup criado: C:\4c\projeto\app\forms\relatorios\FormSIGRECMV.prg.bak
Linhas originais: 1452

Aplicando correcoes...
[228/612] Formsigreche.prg                                20,6s  -> sem correcoes

Correcoes aplicadas: 0


=== CORRECAO CONCLUIDA ===
Nenhuma correcao necessaria.
=== CORRETOR AUTOMATICO ===

Arquivo: C:\4c\projeto\app\forms\relatorios\FormSIGRECND.prg

Backup criado: C:\4c\projeto\app\forms\relatorios\FormSIGRECND.prg.bak
Linhas originais: 1377

Aplicando correcoes...
[229/612] Formsigrecmc.prg                                18,1s  -> sem correcoes

Correcoes aplicadas: 0


=== CORRECAO CONCLUIDA ===
Nenhuma correcao necessaria.
[230/612] Formsigrechp.prg                                22,9s  -> sem correcoes
=== CORRETOR AUTOMATICO ===

Arquivo: C:\4c\projeto\app\forms\relatorios\Formsigrecnt.prg

Backup criado: C:\4c\projeto\app\forms\relatorios\Formsigrecnt.prg.bak
Linhas originais: 1485

Aplicando correcoes...
  Schema BIT columns carregadas: 202 colunas
  Schema BIT columns carregadas: 202 colunas
  Schema BIT columns carregadas: 202 colunas

Correcoes aplicadas: 3

Detalhes:
  Linha 188: [GROUP_FONTNAME]
    Original:  .FontName        = "Comic Sans MS"
    Corrigido: (removido)

  Linha 189: [GROUP_FONTSIZE]
    Original:  .FontSize        = 8

    Corrigido: (removido)

Correcoes aplicadas: 0


  Linha 182: [REPORT-BTN-FONT-MISSING]
=== CORRECAO CONCLUIDA ===
    Original:  Buttons(N) REPORT sem FontName/FontSize
Nenhuma correcao necessaria.
    Corrigido: FontName='Comic Sans MS' + FontSize=8 injetados apos .Caption


=== CORRECAO CONCLUIDA ===
3 correcao(oes) aplicada(s).
=== CORRETOR AUTOMATICO ===

Arquivo: C:\4c\projeto\app\forms\relatorios\Formsigrecog.prg

=== CORRETOR AUTOMATICO ===

Arquivo: C:\4c\projeto\app\forms\relatorios\Formsigrecom.prg

Backup criado: C:\4c\projeto\app\forms\relatorios\Formsigrecog.prg.bak
Backup criado: C:\4c\projeto\app\forms\relatorios\Formsigrecom.prg.bak
Linhas originais: 1135

Aplicando correcoes...
Linhas originais: 1431

Aplicando correcoes...
[231/612] FormSIGRECMV.prg                                 9,9s  -> sem correcoes
[232/612] FormSIGRECND.prg                                 9,1s  -> sem correcoes
  Schema BIT columns carregadas: 202 colunas
  Schema BIT columns carregadas: 202 colunas

Correcoes aplicadas: 9

Detalhes:
  Linha 237: [GROUP_FONTNAME]
    Original:  .FontName        = "Comic Sans MS"
    Corrigido: (removido)

  Linha 238: [GROUP_FONTSIZE]
    Original:  .FontSize        = 8
    Corrigido: (removido)

  Linha 663: [GROUP_FONTNAME]
    Original:  .FontName        = "Comic Sans MS"
    Corrigido: (removido)

  Linha 664: [GROUP_FONTSIZE]
    Original:  .FontSize        = 8
    Corrigido: (removido)

  Linha 738: [GROUP_FONTNAME]
    Original:  .FontName        = "Comic Sans MS"
    Corrigido: (removido)

  Linha 739: [GROUP_FONTSIZE]
    Original:  .FontSize        = 8
    Corrigido: (removido)

  Linha 231: [REPORT-BTN-FONT-MISSING]
    Original:  Buttons(N) REPORT sem FontName/FontSize
    Corrigido: FontName='Comic Sans MS' + FontSize=8 injetados apos .Caption

  Linha 661: [REPORT-BTN-FONT-MISSING]
    Original:  Buttons(N) REPORT sem FontName/FontSize
    Corrigido: FontName='Comic Sans MS' + FontSize=8 injetados apos .Caption

  Linha 736: [REPORT-BTN-FONT-MISSING]
    Original:  Buttons(N) REPORT sem FontName/FontSize
    Corrigido: FontName='Comic Sans MS' + FontSize=8 injetados apos .Caption


=== CORRECAO CONCLUIDA ===
9 correcao(oes) aplicada(s).
=== CORRETOR AUTOMATICO ===

Arquivo: C:\4c\projeto\app\forms\relatorios\Formsigrecop.prg

Backup criado: C:\4c\projeto\app\forms\relatorios\Formsigrecop.prg.bak
Linhas originais: 1635

Aplicando correcoes...
[233/612] Formsigrecnt.prg                                 9,9s  -> sem correcoes

Correcoes aplicadas: 3

Detalhes:
  Linha 185: [GROUP_FONTNAME]
    Original:  .FontName        = "Comic Sans MS"
    Corrigido: (removido)

  Schema BIT columns carregadas: 202 colunas
  Linha 186: [GROUP_FONTSIZE]
    Original:  .FontSize        = 8
    Corrigido: (removido)

  Linha 179: [REPORT-BTN-FONT-MISSING]
    Original:  Buttons(N) REPORT sem FontName/FontSize
    Corrigido: FontName='Comic Sans MS' + FontSize=8 injetados apos .Caption


=== CORRECAO CONCLUIDA ===
3 correcao(oes) aplicada(s).
=== CORRETOR AUTOMATICO ===

Arquivo: C:\4c\projeto\app\forms\relatorios\Formsigrecor.prg

Backup criado: C:\4c\projeto\app\forms\relatorios\Formsigrecor.prg.bak
Linhas originais: 1592

Aplicando correcoes...
[234/612] Formsigrecog.prg                                 6,3s  -> sem correcoes

Correcoes aplicadas: 9

Detalhes:
  Linha 390: [GROUP_FONTNAME]
    Original:  .FontName        = "Comic Sans MS"
    Corrigido: (removido)

  Linha 391: [GROUP_FONTSIZE]
    Original:  .FontSize        = 8
    Corrigido: (removido)

  Linha 1006: [GROUP_FONTNAME]
    Original:  .FontName        = "Comic Sans MS"
    Corrigido: (removido)

  Linha 1007: [GROUP_FONTSIZE]
    Original:  .FontSize        = 8
    Corrigido: (removido)

  Linha 1098: [GROUP_FONTNAME]
    Original:  .FontName        = "Comic Sans MS"
    Corrigido: (removido)

  Linha 1099: [GROUP_FONTSIZE]
    Original:  .FontSize        = 8
    Corrigido: (removido)

  Linha 388: [REPORT-BTN-FONT-MISSING]
    Original:  Buttons(N) REPORT sem FontName/FontSize
    Corrigido: FontName='Comic Sans MS' + FontSize=8 injetados apos .Caption

  Linha 1004: [REPORT-BTN-FONT-MISSING]
    Original:  Buttons(N) REPORT sem FontName/FontSize
    Corrigido: FontName='Comic Sans MS' + FontSize=8 injetados apos .Caption

  Linha 1096: [REPORT-BTN-FONT-MISSING]
    Original:  Buttons(N) REPORT sem FontName/FontSize
    Corrigido: FontName='Comic Sans MS' + FontSize=8 injetados apos .Caption


=== CORRECAO CONCLUIDA ===
9 correcao(oes) aplicada(s).
=== CORRETOR AUTOMATICO ===

Arquivo: C:\4c\projeto\app\forms\relatorios\Formsigrecpe.prg

Backup criado: C:\4c\projeto\app\forms\relatorios\Formsigrecpe.prg.bak
Linhas originais: 1858

Aplicando correcoes...
[235/612] FormSigReCmp.prg                                28,4s  -> sem correcoes

Correcoes aplicadas: 15

Detalhes:
  Linha 478: [GROUP_FONTNAME]
    Original:  .FontName        = "Comic Sans MS"
    Corrigido: (removido)

  Linha 479: [GROUP_FONTSIZE]
    Original:  .FontSize        = 8
    Corrigido: (removido)

  Linha 547: [GROUP_FONTNAME]
    Original:  .FontName        = "Comic Sans MS"
    Corrigido: (removido)

  Linha 548: [GROUP_FONTSIZE]
    Original:  .FontSize        = 8
    Corrigido: (removido)

  Linha 631: [GROUP_FONTNAME]
    Original:  .FontName        = "Comic Sans MS"
    Corrigido: (removido)

  Linha 632: [GROUP_FONTSIZE]
    Original:  .FontSize        = 8
    Corrigido: (removido)

  Linha 686: [GROUP_FONTNAME]
    Original:  .FontName        = "Comic Sans MS"
    Corrigido: (removido)

  Linha 687: [GROUP_FONTSIZE]
    Original:  .FontSize        = 8
    Corrigido: (removido)

  Linha 755: [GROUP_FONTNAME]
    Original:  .FontName        = "Comic Sans MS"
    Corrigido: (removido)

  Linha 756: [GROUP_FONTSIZE]
    Original:  .FontSize        = 8
    Corrigido: (removido)

  Linha 476: [REPORT-BTN-FONT-MISSING]
    Original:  Buttons(N) REPORT sem FontName/FontSize
    Corrigido: FontName='Comic Sans MS' + FontSize=8 injetados apos .Caption

  Linha 545: [REPORT-BTN-FONT-MISSING]
    Original:  Buttons(N) REPORT sem FontName/FontSize
    Corrigido: FontName='Comic Sans MS' + FontSize=8 injetados apos .Caption

  Linha 629: [REPORT-BTN-FONT-MISSING]
    Original:  Buttons(N) REPORT sem FontName/FontSize
    Corrigido: FontName='Comic Sans MS' + FontSize=8 injetados apos .Caption

  Linha 684: [REPORT-BTN-FONT-MISSING]
    Original:  Buttons(N) REPORT sem FontName/FontSize
    Corrigido: FontName='Comic Sans MS' + FontSize=8 injetados apos .Caption

  Linha 753: [REPORT-BTN-FONT-MISSING]
    Original:  Buttons(N) REPORT sem FontName/FontSize
    Corrigido: FontName='Comic Sans MS' + FontSize=8 injetados apos .Caption


=== CORRECAO CONCLUIDA ===
15 correcao(oes) aplicada(s).
=== CORRETOR AUTOMATICO ===

Arquivo: C:\4c\projeto\app\forms\relatorios\FormSIGRECPM.prg

Backup criado: C:\4c\projeto\app\forms\relatorios\FormSIGRECPM.prg.bak
Linhas originais: 1486

Aplicando correcoes...
[236/612] Formsigrecom.prg                                 9,3s  -> sem correcoes
  Schema BIT columns carregadas: 202 colunas
  Schema BIT columns carregadas: 202 colunas

Correcoes aplicadas: 15

Detalhes:
  Linha 585: [GROUP_FONTNAME]
    Original:  .FontName        = "Comic Sans MS"
    Corrigido: (removido)

  Linha 586: [GROUP_FONTSIZE]
    Original:  .FontSize        = 8
    Corrigido: (removido)

  Linha 640: [GROUP_FONTNAME]
    Original:  .FontName        = "Comic Sans MS"
    Corrigido: (removido)

  Linha 641: [GROUP_FONTSIZE]
    Original:  .FontSize        = 8
    Corrigido: (removido)

  Linha 723: [GROUP_FONTNAME]
    Original:  .FontName        = "Comic Sans MS"
    Corrigido: (removido)

  Linha 724: [GROUP_FONTSIZE]
    Original:  .FontSize        = 8
    Corrigido: (removido)

  Linha 792: [GROUP_FONTNAME]
    Original:  .FontName        = "Comic Sans MS"
    Corrigido: (removido)

  Linha 793: [GROUP_FONTSIZE]
    Original:  .FontSize        = 8
    Corrigido: (removido)

  Linha 879: [GROUP_FONTNAME]
    Original:  .FontName        = "Comic Sans MS"
    Corrigido: (removido)

  Linha 880: [GROUP_FONTSIZE]
    Original:  .FontSize        = 8
    Corrigido: (removido)

  Linha 583: [REPORT-BTN-FONT-MISSING]
    Original:  Buttons(N) REPORT sem FontName/FontSize
    Corrigido: FontName='Comic Sans MS' + FontSize=8 injetados apos .Caption

  Linha 638: [REPORT-BTN-FONT-MISSING]
    Original:  Buttons(N) REPORT sem FontName/FontSize
    Corrigido: FontName='Comic Sans MS' + FontSize=8 injetados apos .Caption

  Linha 721: [REPORT-BTN-FONT-MISSING]
    Original:  Buttons(N) REPORT sem FontName/FontSize
    Corrigido: FontName='Comic Sans MS' + FontSize=8 injetados apos .Caption

  Linha 790: [REPORT-BTN-FONT-MISSING]
    Original:  Buttons(N) REPORT sem FontName/FontSize
    Corrigido: FontName='Comic Sans MS' + FontSize=8 injetados apos .Caption

  Linha 877: [REPORT-BTN-FONT-MISSING]
    Original:  Buttons(N) REPORT sem FontName/FontSize
    Corrigido: FontName='Comic Sans MS' + FontSize=8 injetados apos .Caption


=== CORRECAO CONCLUIDA ===
15 correcao(oes) aplicada(s).
=== CORRETOR AUTOMATICO ===

Arquivo: C:\4c\projeto\app\forms\relatorios\Formsigrecpr.prg

Backup criado: C:\4c\projeto\app\forms\relatorios\Formsigrecpr.prg.bak
Linhas originais: 903

Aplicando correcoes...
  Schema BIT columns carregadas: 202 colunas
[237/612] Formsigrecop.prg                                11,0s  -> sem correcoes
  Schema BIT columns carregadas: 202 colunas

Correcoes aplicadas: 12

Detalhes:
  Linha 192: [GROUP_FONTNAME]
    Original:  .FontName        = "Comic Sans MS"
    Corrigido: (removido)

  Linha 193: [GROUP_FONTSIZE]
    Original:  .FontSize        = 8
    Corrigido: (removido)

  Linha 581: [GROUP_FONTNAME]
    Original:  .FontName        = "Comic Sans MS"
    Corrigido: (removido)

  Linha 582: [GROUP_FONTSIZE]
    Original:  .FontSize        = 8
    Corrigido: (removido)

  Linha 650: [GROUP_FONTNAME]
    Original:  .FontName        = "Comic Sans MS"
    Corrigido: (removido)

  Linha 651: [GROUP_FONTSIZE]
    Original:  .FontSize        = 8
    Corrigido: (removido)

  Linha 719: [GROUP_FONTNAME]
    Original:  .FontName        = "Comic Sans MS"
    Corrigido: (removido)

  Linha 720: [GROUP_FONTSIZE]
    Original:  .FontSize        = 8
    Corrigido: (removido)

  Linha 186: [REPORT-BTN-FONT-MISSING]
    Original:  Buttons(N) REPORT sem FontName/FontSize
    Corrigido: FontName='Comic Sans MS' + FontSize=8 injetados apos .Caption

  Linha 575: [REPORT-BTN-FONT-MISSING]
    Original:  Buttons(N) REPORT sem FontName/FontSize
    Corrigido: FontName='Comic Sans MS' + FontSize=8 injetados apos .Caption

  Linha 644: [REPORT-BTN-FONT-MISSING]
    Original:  Buttons(N) REPORT sem FontName/FontSize
    Corrigido: FontName='Comic Sans MS' + FontSize=8 injetados apos .Caption

  Linha 713: [REPORT-BTN-FONT-MISSING]
    Original:  Buttons(N) REPORT sem FontName/FontSize
    Corrigido: FontName='Comic Sans MS' + FontSize=8 injetados apos .Caption


=== CORRECAO CONCLUIDA ===
12 correcao(oes) aplicada(s).
=== CORRETOR AUTOMATICO ===

Arquivo: C:\4c\projeto\app\forms\relatorios\Formsigrecrf.prg

Backup criado: C:\4c\projeto\app\forms\relatorios\Formsigrecrf.prg.bak
Linhas originais: 1695

Aplicando correcoes...
[238/612] Formsigrecor.prg                                10,6s  -> sem correcoes
  Schema BIT columns carregadas: 202 colunas

Correcoes aplicadas: 6

Detalhes:
  Linha 175: [GROUP_FONTNAME]
    Original:  .FontName        = "Comic Sans MS"
    Corrigido: (removido)

  Linha 176: [GROUP_FONTSIZE]
    Original:  .FontSize        = 8
    Corrigido: (removido)

  Linha 742: [GROUP_FONTNAME]
    Original:  .FontName        = "Comic Sans MS"
    Corrigido: (removido)

  Linha 743: [GROUP_FONTSIZE]
    Original:  .FontSize        = 8
    Corrigido: (removido)

  Linha 169: [REPORT-BTN-FONT-MISSING]
    Original:  Buttons(N) REPORT sem FontName/FontSize
    Corrigido: FontName='Comic Sans MS' + FontSize=8 injetados apos .Caption

  Linha 740: [REPORT-BTN-FONT-MISSING]
    Original:  Buttons(N) REPORT sem FontName/FontSize
    Corrigido: FontName='Comic Sans MS' + FontSize=8 injetados apos .Caption


=== CORRECAO CONCLUIDA ===
6 correcao(oes) aplicada(s).
=== CORRETOR AUTOMATICO ===

Arquivo: C:\4c\projeto\app\forms\relatorios\Formsigrecrp.prg

Backup criado: C:\4c\projeto\app\forms\relatorios\Formsigrecrp.prg.bak
Linhas originais: 1670

Aplicando correcoes...
[239/612] FormSIGRECPM.prg                                10,0s  -> sem correcoes

Correcoes aplicadas: 12

Detalhes:
  Linha 220: [GROUP_FONTNAME]
    Original:  .FontName        = "Comic Sans MS"
    Corrigido: (removido)

  Linha 221: [GROUP_FONTSIZE]
    Original:  .FontSize        = 8
    Corrigido: (removido)

  Linha 523: [GROUP_FONTNAME]
    Original:  .FontName        = "Comic Sans MS"
    Corrigido: (removido)

  Linha 524: [GROUP_FONTSIZE]
    Original:  .FontSize        = 8
    Corrigido: (removido)

  Linha 700: [GROUP_FONTNAME]
    Original:  .FontName        = "Comic Sans MS"
    Corrigido: (removido)

  Linha 701: [GROUP_FONTSIZE]
    Original:  .FontSize        = 8
    Corrigido: (removido)

  Linha 738: [GROUP_FONTNAME]
    Original:  .FontName        = "Comic Sans MS"
    Corrigido: (removido)

  Linha 739: [GROUP_FONTSIZE]
    Original:  .FontSize        = 8
    Corrigido: (removido)

  Linha 218: [REPORT-BTN-FONT-MISSING]
    Original:  Buttons(N) REPORT sem FontName/FontSize
    Corrigido: FontName='Comic Sans MS' + FontSize=8 injetados apos .Caption

  Linha 521: [REPORT-BTN-FONT-MISSING]
    Original:  Buttons(N) REPORT sem FontName/FontSize
    Corrigido: FontName='Comic Sans MS' + FontSize=8 injetados apos .Caption

  Linha 698: [REPORT-BTN-FONT-MISSING]
    Original:  Buttons(N) REPORT sem FontName/FontSize
    Corrigido: FontName='Comic Sans MS' + FontSize=8 injetados apos .Caption

  Linha 736: [REPORT-BTN-FONT-MISSING]
    Original:  Buttons(N) REPORT sem FontName/FontSize
    Corrigido: FontName='Comic Sans MS' + FontSize=8 injetados apos .Caption


=== CORRECAO CONCLUIDA ===
12 correcao(oes) aplicada(s).
=== CORRETOR AUTOMATICO ===

Arquivo: C:\4c\projeto\app\forms\relatorios\Formsigrecrt.prg

Backup criado: C:\4c\projeto\app\forms\relatorios\Formsigrecrt.prg.bak
Linhas originais: 1748

Aplicando correcoes...

Correcoes aplicadas: 3

Detalhes:
  Linha 206: [GROUP_FONTNAME]
    Original:  .FontName        = "Comic Sans MS"
    Corrigido: (removido)

  Linha 207: [GROUP_FONTSIZE]
    Original:  .FontSize        = 8
    Corrigido: (removido)

  Linha 200: [REPORT-BTN-FONT-MISSING]
    Original:  Buttons(N) REPORT sem FontName/FontSize
    Corrigido: FontName='Comic Sans MS' + FontSize=8 injetados apos .Caption


=== CORRECAO CONCLUIDA ===
3 correcao(oes) aplicada(s).
=== CORRETOR AUTOMATICO ===

Arquivo: C:\4c\projeto\app\forms\relatorios\Formsigrecsm.prg

Backup criado: C:\4c\projeto\app\forms\relatorios\Formsigrecsm.prg.bak
Linhas originais: 1633

[240/612] Formsigrecpe.prg                                13,7s  -> sem correcoes
Aplicando correcoes...
[241/612] Formsigrecpr.prg                                 4,4s  -> sem correcoes
  Schema BIT columns carregadas: 202 colunas
  Schema BIT columns carregadas: 202 colunas
  Schema BIT columns carregadas: 202 colunas
  Schema BIT columns carregadas: 202 colunas

Correcoes aplicadas: 6

Detalhes:
  Linha 227: [GROUP_FONTNAME]
    Original:  .FontName        = "Comic Sans MS"
    Corrigido: (removido)

  Linha 228: [GROUP_FONTSIZE]
    Original:  .FontSize        = 8
    Corrigido: (removido)

  Linha 676: [GROUP_FONTNAME]
    Original:  .FontName        = "Comic Sans MS"
    Corrigido: (removido)

  Linha 677: [GROUP_FONTSIZE]
    Original:  .FontSize        = 8
    Corrigido: (removido)

  Linha 221: [REPORT-BTN-FONT-MISSING]
    Original:  Buttons(N) REPORT sem FontName/FontSize
    Corrigido: FontName='Comic Sans MS' + FontSize=8 injetados apos .Caption

  Linha 674: [REPORT-BTN-FONT-MISSING]
    Original:  Buttons(N) REPORT sem FontName/FontSize
    Corrigido: FontName='Comic Sans MS' + FontSize=8 injetados apos .Caption


=== CORRECAO CONCLUIDA ===
6 correcao(oes) aplicada(s).
=== CORRETOR AUTOMATICO ===

Arquivo: C:\4c\projeto\app\forms\relatorios\FormSigReCsp.prg

Backup criado: C:\4c\projeto\app\forms\relatorios\FormSigReCsp.prg.bak
Linhas originais: 1968

Aplicando correcoes...
[242/612] Formsigrecrf.prg                                11,2s  -> sem correcoes

Correcoes aplicadas: 6

Detalhes:
  Linha 213: [GROUP_FONTNAME]
    Original:  .FontName        = "Comic Sans MS"
    Corrigido: (removido)

  Linha 214: [GROUP_FONTSIZE]
    Original:  .FontSize        = 8
    Corrigido: (removido)

  Linha 367: [GROUP_FONTNAME]
    Original:  .FontName        = "Comic Sans MS"
    Corrigido: (removido)

  Linha 368: [GROUP_FONTSIZE]
    Original:  .FontSize        = 8
    Corrigido: (removido)

  Linha 207: [REPORT-BTN-FONT-MISSING]
    Original:  Buttons(N) REPORT sem FontName/FontSize
    Corrigido: FontName='Comic Sans MS' + FontSize=8 injetados apos .Caption

  Linha 365: [REPORT-BTN-FONT-MISSING]
    Original:  Buttons(N) REPORT sem FontName/FontSize
    Corrigido: FontName='Comic Sans MS' + FontSize=8 injetados apos .Caption


=== CORRECAO CONCLUIDA ===
6 correcao(oes) aplicada(s).
=== CORRETOR AUTOMATICO ===

Arquivo: C:\4c\projeto\app\forms\relatorios\Formsigrectc.prg

Backup criado: C:\4c\projeto\app\forms\relatorios\Formsigrectc.prg.bak
Linhas originais: 1168

Aplicando correcoes...
[243/612] Formsigrecrp.prg                                11,7s  -> sem correcoes

Correcoes aplicadas: 0


=== CORRECAO CONCLUIDA ===
Nenhuma correcao necessaria.
=== CORRETOR AUTOMATICO ===

Arquivo: C:\4c\projeto\app\forms\relatorios\FormSIGRECTL.prg

Backup criado: C:\4c\projeto\app\forms\relatorios\FormSIGRECTL.prg.bak
Linhas originais: 974

Aplicando correcoes...
[244/612] Formsigrecsm.prg                                11,5s  -> sem correcoes

Correcoes aplicadas: 12

Detalhes:
  Linha 172: [GROUP_FONTNAME]
    Original:  .FontName        = "Comic Sans MS"
    Corrigido: (removido)

  Linha 173: [GROUP_FONTSIZE]
    Original:  .FontSize        = 8
    Corrigido: (removido)

  Linha 680: [GROUP_FONTNAME]
    Original:  .FontName        = "Comic Sans MS"
    Corrigido: (removido)

  Linha 681: [GROUP_FONTSIZE]
    Original:  .FontSize        = 8
    Corrigido: (removido)

  Linha 880: [GROUP_FONTNAME]
    Original:  .FontName        = "Comic Sans MS"
    Corrigido: (removido)

  Linha 881: [GROUP_FONTSIZE]
    Original:  .FontSize        = 8
    Corrigido: (removido)

  Linha 1019: [GROUP_FONTNAME]
    Original:  .FontName        = "Comic Sans MS"
    Corrigido: (removido)

  Linha 1020: [GROUP_FONTSIZE]
    Original:  .FontSize        = 8
    Corrigido: (removido)

  Linha 166: [REPORT-BTN-FONT-MISSING]
    Original:  Buttons(N) REPORT sem FontName/FontSize
    Corrigido: FontName='Comic Sans MS' + FontSize=8 injetados apos .Caption

  Linha 678: [REPORT-BTN-FONT-MISSING]
    Original:  Buttons(N) REPORT sem FontName/FontSize
    Corrigido: FontName='Comic Sans MS' + FontSize=8 injetados apos .Caption

  Linha 878: [REPORT-BTN-FONT-MISSING]
    Original:  Buttons(N) REPORT sem FontName/FontSize
    Corrigido: FontName='Comic Sans MS' + FontSize=8 injetados apos .Caption

  Linha 1017: [REPORT-BTN-FONT-MISSING]
    Original:  Buttons(N) REPORT sem FontName/FontSize
    Corrigido: FontName='Comic Sans MS' + FontSize=8 injetados apos .Caption


=== CORRECAO CONCLUIDA ===
12 correcao(oes) aplicada(s).
=== CORRETOR AUTOMATICO ===

Arquivo: C:\4c\projeto\app\forms\relatorios\FormSIGRECTP.prg

Backup criado: C:\4c\projeto\app\forms\relatorios\FormSIGRECTP.prg.bak
Linhas originais: 1688

Aplicando correcoes...
[245/612] Formsigrecrt.prg                                12,2s  -> sem correcoes
  Schema BIT columns carregadas: 202 colunas
  Schema BIT columns carregadas: 202 colunas

Correcoes aplicadas: 3

Detalhes:
  Linha 215: [GROUP_FONTNAME]
    Original:  .FontName        = "Comic Sans MS"
    Corrigido: (removido)

  Linha 216: [GROUP_FONTSIZE]
    Original:  .FontSize        = 8
    Corrigido: (removido)

  Linha 209: [REPORT-BTN-FONT-MISSING]
    Original:  Buttons(N) REPORT sem FontName/FontSize
    Corrigido: FontName='Comic Sans MS' + FontSize=8 injetados apos .Caption


=== CORRECAO CONCLUIDA ===
3 correcao(oes) aplicada(s).
=== CORRETOR AUTOMATICO ===

Arquivo: C:\4c\projeto\app\forms\relatorios\Formsigredco.prg

Backup criado: C:\4c\projeto\app\forms\relatorios\Formsigredco.prg.bak
Linhas originais: 736

Aplicando correcoes...
[246/612] FormSIGRECTL.prg                                 4,5s  -> sem correcoes

Correcoes aplicadas: 6

Detalhes:
  Linha 207: [GROUP_FONTNAME]
    Original:  .FontName        = "Comic Sans MS"
    Corrigido: (removido)

  Linha 208: [GROUP_FONTSIZE]
    Original:  .FontSize        = 8
    Corrigido: (removido)

  Linha 519: [GROUP_FONTNAME]
    Original:  .FontName        = "Comic Sans MS"
    Corrigido: (removido)

  Linha 520: [GROUP_FONTSIZE]
    Original:  .FontSize        = 8
    Corrigido: (removido)

  Linha 201: [REPORT-BTN-FONT-MISSING]
    Original:  Buttons(N) REPORT sem FontName/FontSize
    Corrigido: FontName='Comic Sans MS' + FontSize=8 injetados apos .Caption

  Linha 517: [REPORT-BTN-FONT-MISSING]
    Original:  Buttons(N) REPORT sem FontName/FontSize
    Corrigido: FontName='Comic Sans MS' + FontSize=8 injetados apos .Caption


=== CORRECAO CONCLUIDA ===
6 correcao(oes) aplicada(s).
=== CORRETOR AUTOMATICO ===

Arquivo: C:\4c\projeto\app\forms\relatorios\FormSigReDct.prg

Backup criado: C:\4c\projeto\app\forms\relatorios\FormSigReDct.prg.bak
Linhas originais: 719

Aplicando correcoes...
[247/612] Formsigrectc.prg                                 6,1s  -> sem correcoes
  Schema BIT columns carregadas: 202 colunas
  Schema BIT columns carregadas: 202 colunas
  Schema BIT columns carregadas: 202 colunas

Correcoes aplicadas: 0


=== CORRECAO CONCLUIDA ===
Nenhuma correcao necessaria.
=== CORRETOR AUTOMATICO ===

Arquivo: C:\4c\projeto\app\forms\relatorios\Formsigredcu.prg

Backup criado: C:\4c\projeto\app\forms\relatorios\Formsigredcu.prg.bak
Linhas originais: 1210

Aplicando correcoes...
[248/612] Formsigredco.prg                                 3,0s  -> sem correcoes
  Schema BIT columns carregadas: 202 colunas

Correcoes aplicadas: 3

Detalhes:
  Linha 272: [GROUP_FONTNAME]
    Original:  .FontName        = "Comic Sans MS"
    Corrigido: (removido)

  Linha 273: [GROUP_FONTSIZE]
    Original:  .FontSize        = 8
    Corrigido: (removido)

  Linha 266: [REPORT-BTN-FONT-MISSING]
    Original:  Buttons(N) REPORT sem FontName/FontSize
    Corrigido: FontName='Comic Sans MS' + FontSize=8 injetados apos .Caption


=== CORRECAO CONCLUIDA ===
3 correcao(oes) aplicada(s).
=== CORRETOR AUTOMATICO ===

Arquivo: C:\4c\projeto\app\forms\relatorios\FormSigReDdp.prg

Backup criado: C:\4c\projeto\app\forms\relatorios\FormSigReDdp.prg.bak
Linhas originais: 576

Aplicando correcoes...
[249/612] FormSigReDct.prg                                 3,0s  -> sem correcoes
  Schema BIT columns carregadas: 202 colunas

Correcoes aplicadas: 3

Detalhes:
  Linha 185: [GROUP_FONTNAME]
    Original:  .FontName        = "Comic Sans MS"
    Corrigido: (removido)

  Linha 186: [GROUP_FONTSIZE]
    Original:  .FontSize        = 8
    Corrigido: (removido)

  Linha 179: [REPORT-BTN-FONT-MISSING]
    Original:  Buttons(N) REPORT sem FontName/FontSize
    Corrigido: FontName='Comic Sans MS' + FontSize=8 injetados apos .Caption


=== CORRECAO CONCLUIDA ===
3 correcao(oes) aplicada(s).
=== CORRETOR AUTOMATICO ===

Arquivo: C:\4c\projeto\app\forms\relatorios\FormSIGREDES.prg

Backup criado: C:\4c\projeto\app\forms\relatorios\FormSIGREDES.prg.bak
Linhas originais: 2160

Aplicando correcoes...

[250/612] FormSigReDdp.prg                                 2,5s  -> sem correcoes
Correcoes aplicadas: 6

Detalhes:
  Linha 224: [GROUP_FONTNAME]
    Original:  .FontName        = "Comic Sans MS"
    Corrigido: (removido)

  Linha 225: [GROUP_FONTSIZE]
    Original:  .FontSize        = 8
    Corrigido: (removido)

  Linha 1228: [GROUP_FONTNAME]
    Original:  .FontName        = "Comic Sans MS"
    Corrigido: (removido)

  Linha 1229: [GROUP_FONTSIZE]
    Original:  .FontSize        = 8
    Corrigido: (removido)

  Linha 218: [REPORT-BTN-FONT-MISSING]
    Original:  Buttons(N) REPORT sem FontName/FontSize
    Corrigido: FontName='Comic Sans MS' + FontSize=8 injetados apos .Caption

  Linha 1226: [REPORT-BTN-FONT-MISSING]
    Original:  Buttons(N) REPORT sem FontName/FontSize
    Corrigido: FontName='Comic Sans MS' + FontSize=8 injetados apos .Caption


=== CORRECAO CONCLUIDA ===
6 correcao(oes) aplicada(s).
=== CORRETOR AUTOMATICO ===

Arquivo: C:\4c\projeto\app\forms\relatorios\FormSigReDif.prg

Backup criado: C:\4c\projeto\app\forms\relatorios\FormSigReDif.prg.bak
Linhas originais: 1004

Aplicando correcoes...
[251/612] FormSigReCsp.prg                                14,8s  -> sem correcoes

Correcoes aplicadas: 3

Detalhes:
  Linha 183: [GROUP_FONTNAME]
    Original:  .FontName        = "Comic Sans MS"
    Corrigido: (removido)

  Linha 184: [GROUP_FONTSIZE]
    Original:  .FontSize        = 8
    Corrigido: (removido)

  Linha 177: [REPORT-BTN-FONT-MISSING]
    Original:  Buttons(N) REPORT sem FontName/FontSize
    Corrigido: FontName='Comic Sans MS' + FontSize=8 injetados apos .Caption


=== CORRECAO CONCLUIDA ===
3 correcao(oes) aplicada(s).
=== CORRETOR AUTOMATICO ===

Arquivo: C:\4c\projeto\app\forms\relatorios\FormSIGREDIR.prg

Backup criado: C:\4c\projeto\app\forms\relatorios\FormSIGREDIR.prg.bak
Linhas originais: 1174

Aplicando correcoes...
[252/612] FormSIGRECTP.prg                                10,9s  -> sem correcoes
  Schema BIT columns carregadas: 202 colunas

Correcoes aplicadas: 0


=== CORRECAO CONCLUIDA ===
Nenhuma correcao necessaria.
=== CORRETOR AUTOMATICO ===

Arquivo: C:\4c\projeto\app\forms\relatorios\Formsigredoc.prg

Backup criado: C:\4c\projeto\app\forms\relatorios\Formsigredoc.prg.bak
Linhas originais: 1255

Aplicando correcoes...
[253/612] Formsigredcu.prg                                 6,3s  -> sem correcoes
  Schema BIT columns carregadas: 202 colunas
  Schema BIT columns carregadas: 202 colunas

Correcoes aplicadas: 3

Detalhes:
  Linha 244: [GROUP_FONTNAME]
    Original:  .FontName        = "Comic Sans MS"
    Corrigido: (removido)

  Linha 245: [GROUP_FONTSIZE]
    Original:  .FontSize        = 8
    Corrigido: (removido)

  Linha 238: [REPORT-BTN-FONT-MISSING]
    Original:  Buttons(N) REPORT sem FontName/FontSize
    Corrigido: FontName='Comic Sans MS' + FontSize=8 injetados apos .Caption


=== CORRECAO CONCLUIDA ===
3 correcao(oes) aplicada(s).
=== CORRETOR AUTOMATICO ===

Arquivo: C:\4c\projeto\app\forms\relatorios\FormSigReDpD.prg

Backup criado: C:\4c\projeto\app\forms\relatorios\FormSigReDpD.prg.bak
Linhas originais: 2642

Aplicando correcoes...
[254/612] FormSigReDif.prg                                 5,0s  -> sem correcoes

Correcoes aplicadas: 6

Detalhes:
  Linha 184: [GROUP_FONTNAME]
    Original:  .FontName        = "Comic Sans MS"
    Corrigido: (removido)

  Linha 185: [GROUP_FONTSIZE]
    Original:  .FontSize        = 8
    Corrigido: (removido)

  Linha 496: [GROUP_FONTNAME]
    Original:  .FontName        = "Comic Sans MS"
    Corrigido: (removido)

  Linha 497: [GROUP_FONTSIZE]
    Original:  .FontSize        = 8
    Corrigido: (removido)

  Linha 178: [REPORT-BTN-FONT-MISSING]
    Original:  Buttons(N) REPORT sem FontName/FontSize
    Corrigido: FontName='Comic Sans MS' + FontSize=8 injetados apos .Caption

  Linha 490: [REPORT-BTN-FONT-MISSING]
    Original:  Buttons(N) REPORT sem FontName/FontSize
    Corrigido: FontName='Comic Sans MS' + FontSize=8 injetados apos .Caption


=== CORRECAO CONCLUIDA ===
6 correcao(oes) aplicada(s).
=== CORRETOR AUTOMATICO ===

Arquivo: C:\4c\projeto\app\forms\relatorios\Formsigredtv.prg

Backup criado: C:\4c\projeto\app\forms\relatorios\Formsigredtv.prg.bak
Linhas originais: 1747

Aplicando correcoes...
[255/612] FormSIGREDIR.prg                                 6,3s  -> sem correcoes
  Schema BIT columns carregadas: 202 colunas

Correcoes aplicadas: 3

Detalhes:
  Linha 725: [GROUP_FONTNAME]
    Original:  .FontName        = "Comic Sans MS"
    Corrigido: (removido)

  Linha 726: [GROUP_FONTSIZE]
    Original:  .FontSize        = 8
    Corrigido: (removido)

  Linha 723: [REPORT-BTN-FONT-MISSING]
    Original:  Buttons(N) REPORT sem FontName/FontSize
    Corrigido: FontName='Comic Sans MS' + FontSize=8 injetados apos .Caption


=== CORRECAO CONCLUIDA ===
3 correcao(oes) aplicada(s).
=== CORRETOR AUTOMATICO ===

Arquivo: C:\4c\projeto\app\forms\relatorios\FormSIGREEGG.prg

Backup criado: C:\4c\projeto\app\forms\relatorios\FormSIGREEGG.prg.bak
Linhas originais: 1387

Aplicando correcoes...
[256/612] Formsigredoc.prg                                 7,1s  -> sem correcoes
  Schema BIT columns carregadas: 202 colunas
  Schema BIT columns carregadas: 202 colunas
  Schema BIT columns carregadas: 202 colunas

Correcoes aplicadas: 6

Detalhes:
  Linha 195: [GROUP_FONTNAME]
    Original:  .FontName        = "Comic Sans MS"
    Corrigido: (removido)

  Linha 196: [GROUP_FONTSIZE]
    Original:  .FontSize        = 8
    Corrigido: (removido)

  Linha 762: [GROUP_FONTNAME]
    Original:  .FontName        = "Comic Sans MS"
    Corrigido: (removido)

  Linha 763: [GROUP_FONTSIZE]
    Original:  .FontSize        = 8
    Corrigido: (removido)

  Linha 189: [REPORT-BTN-FONT-MISSING]
    Original:  Buttons(N) REPORT sem FontName/FontSize
    Corrigido: FontName='Comic Sans MS' + FontSize=8 injetados apos .Caption

  Linha 760: [REPORT-BTN-FONT-MISSING]
    Original:  Buttons(N) REPORT sem FontName/FontSize
    Corrigido: FontName='Comic Sans MS' + FontSize=8 injetados apos .Caption


=== CORRECAO CONCLUIDA ===
6 correcao(oes) aplicada(s).
=== CORRETOR AUTOMATICO ===

[257/612] FormSIGREDES.prg                                17,1s  -> sem correcoes
Arquivo: C:\4c\projeto\app\forms\relatorios\Formsigreegp.prg

Backup criado: C:\4c\projeto\app\forms\relatorios\Formsigreegp.prg.bak
Linhas originais: 1953

Aplicando correcoes...

Correcoes aplicadas: 0


=== CORRECAO CONCLUIDA ===
Nenhuma correcao necessaria.
=== CORRETOR AUTOMATICO ===

Arquivo: C:\4c\projeto\app\forms\relatorios\Formsigreeqe.prg

Backup criado: C:\4c\projeto\app\forms\relatorios\Formsigreeqe.prg.bak
Linhas originais: 949

Aplicando correcoes...
[258/612] FormSIGREEGG.prg                                 8,4s  -> sem correcoes

Correcoes aplicadas: 0


=== CORRECAO CONCLUIDA ===
Nenhuma correcao necessaria.
=== CORRETOR AUTOMATICO ===

Arquivo: C:\4c\projeto\app\forms\relatorios\FormSIGREEQR.prg

Backup criado: C:\4c\projeto\app\forms\relatorios\FormSIGREEQR.prg.bak
[259/612] Formsigredtv.prg                                12,0s  -> sem correcoes
Linhas originais: 1713

Aplicando correcoes...
  Schema BIT columns carregadas: 202 colunas
  Schema BIT columns carregadas: 202 colunas

Correcoes aplicadas: 6

Detalhes:
  Linha 206: [GROUP_FONTNAME]
    Original:  .FontName        = "Comic Sans MS"
    Corrigido: (removido)

  Linha 207: [GROUP_FONTSIZE]
    Original:  .FontSize        = 8
    Corrigido: (removido)

  Linha 413: [GROUP_FONTNAME]
    Original:  .FontName        = "Comic Sans MS"
    Corrigido: (removido)

  Linha 414: [GROUP_FONTSIZE]
    Original:  .FontSize        = 8
    Corrigido: (removido)

  Linha 200: [REPORT-BTN-FONT-MISSING]
    Original:  Buttons(N) REPORT sem FontName/FontSize
    Corrigido: FontName='Comic Sans MS' + FontSize=8 injetados apos .Caption

  Linha 411: [REPORT-BTN-FONT-MISSING]
    Original:  Buttons(N) REPORT sem FontName/FontSize
    Corrigido: FontName='Comic Sans MS' + FontSize=8 injetados apos .Caption


=== CORRECAO CONCLUIDA ===
6 correcao(oes) aplicada(s).
=== CORRETOR AUTOMATICO ===

Arquivo: C:\4c\projeto\app\forms\relatorios\FormSigReEqT.prg

Backup criado: C:\4c\projeto\app\forms\relatorios\FormSigReEqT.prg.bak
Linhas originais: 1354

Aplicando correcoes...
[260/612] Formsigreeqe.prg                                 4,5s  -> sem correcoes
  Schema BIT columns carregadas: 202 colunas
  Schema BIT columns carregadas: 202 colunas
  Schema BIT columns carregadas: 202 colunas

Correcoes aplicadas: 3

Detalhes:
  Linha 168: [GROUP_FONTNAME]
    Original:  .FontName        = "Comic Sans MS"
    Corrigido: (removido)

  Linha 169: [GROUP_FONTSIZE]
    Original:  .FontSize        = 8
    Corrigido: (removido)

  Linha 162: [REPORT-BTN-FONT-MISSING]
    Original:  Buttons(N) REPORT sem FontName/FontSize
    Corrigido: FontName='Comic Sans MS' + FontSize=8 injetados apos .Caption


=== CORRECAO CONCLUIDA ===

3 correcao(oes) aplicada(s).
Correcoes aplicadas: 6

=== CORRETOR AUTOMATICO ===
Detalhes:

  Linha 216: [GROUP_FONTNAME]
Arquivo: C:\4c\projeto\app\forms\relatorios\FormSigReEsp.prg
    Original:  .FontName        = "Comic Sans MS"

    Corrigido: (removido)

  Linha 217: [GROUP_FONTSIZE]
    Original:  .FontSize        = 8
Backup criado: C:\4c\projeto\app\forms\relatorios\FormSigReEsp.prg.bak
    Corrigido: (removido)

  Linha 644: [GROUP_FONTNAME]
    Original:  .FontName        = "Comic Sans MS"
    Corrigido: (removido)

  Linha 645: [GROUP_FONTSIZE]
    Original:  .FontSize        = 8
Linhas originais: 2257
    Corrigido: (removido)


Aplicando correcoes...
  Linha 210: [REPORT-BTN-FONT-MISSING]
    Original:  Buttons(N) REPORT sem FontName/FontSize
    Corrigido: FontName='Comic Sans MS' + FontSize=8 injetados apos .Caption

  Linha 638: [REPORT-BTN-FONT-MISSING]
    Original:  Buttons(N) REPORT sem FontName/FontSize
    Corrigido: FontName='Comic Sans MS' + FontSize=8 injetados apos .Caption


=== CORRECAO CONCLUIDA ===
6 correcao(oes) aplicada(s).
=== CORRETOR AUTOMATICO ===

Arquivo: C:\4c\projeto\app\forms\relatorios\FormSigReEtl.prg

Backup criado: C:\4c\projeto\app\forms\relatorios\FormSigReEtl.prg.bak
Linhas originais: 2476

Aplicando correcoes...
[261/612] FormSigReDpD.prg                                25,0s  -> sem correcoes
[262/612] FormSIGREEQR.prg                                11,5s  -> sem correcoes

Correcoes aplicadas: 6

Detalhes:
  Linha 263: [GROUP_FONTNAME]
    Original:  .FontName        = "Comic Sans MS"
    Corrigido: (removido)

  Linha 264: [GROUP_FONTSIZE]
    Original:  .FontSize        = 8
    Corrigido: (removido)

  Linha 376: [GROUP_FONTNAME]
    Original:  .FontName        = "Comic Sans MS"
    Corrigido: (removido)

  Linha 377: [GROUP_FONTSIZE]
    Original:  .FontSize        = 8
    Corrigido: (removido)

  Linha 257: [REPORT-BTN-FONT-MISSING]
    Original:  Buttons(N) REPORT sem FontName/FontSize
    Corrigido: FontName='Comic Sans MS' + FontSize=8 injetados apos .Caption

  Linha 373: [REPORT-BTN-FONT-MISSING]
    Original:  Buttons(N) REPORT sem FontName/FontSize
    Corrigido: FontName='Comic Sans MS' + FontSize=8 injetados apos .Caption


=== CORRECAO CONCLUIDA ===
6 correcao(oes) aplicada(s).
=== CORRETOR AUTOMATICO ===

Arquivo: C:\4c\projeto\app\forms\relatorios\Formsigreeun.prg

Backup criado: C:\4c\projeto\app\forms\relatorios\Formsigreeun.prg.bak
Linhas originais: 1675

Aplicando correcoes...
[263/612] FormSigReEqT.prg                                 8,0s  -> sem correcoes

Correcoes aplicadas: 0


=== CORRECAO CONCLUIDA ===
Nenhuma correcao necessaria.
=== CORRETOR AUTOMATICO ===

Arquivo: C:\4c\projeto\app\forms\relatorios\FormSigReEvd.prg

Backup criado: C:\4c\projeto\app\forms\relatorios\FormSigReEvd.prg.bak
Linhas originais: 1109

Aplicando correcoes...
[264/612] Formsigreegp.prg                                14,7s  -> sem correcoes
  Schema BIT columns carregadas: 202 colunas

Correcoes aplicadas: 3

Detalhes:
  Linha 190: [GROUP_FONTNAME]
    Original:  .FontName        = "Comic Sans MS"
    Corrigido: (removido)

  Linha 191: [GROUP_FONTSIZE]
    Original:  .FontSize        = 8
    Corrigido: (removido)

  Linha 184: [REPORT-BTN-FONT-MISSING]
    Original:  Buttons(N) REPORT sem FontName/FontSize
    Corrigido: FontName='Comic Sans MS' + FontSize=8 injetados apos .Caption


=== CORRECAO CONCLUIDA ===
3 correcao(oes) aplicada(s).
=== CORRETOR AUTOMATICO ===

Arquivo: C:\4c\projeto\app\forms\relatorios\FormSIGREEVV.prg

Backup criado: C:\4c\projeto\app\forms\relatorios\FormSIGREEVV.prg.bak
Linhas originais: 1493

Aplicando correcoes...
[265/612] FormSigReEvd.prg                                 6,0s  -> sem correcoes
  Schema BIT columns carregadas: 202 colunas

Correcoes aplicadas: 3

Detalhes:
  Linha 169: [GROUP_FONTNAME]
    Original:  .FontName        = "Comic Sans MS"
    Corrigido: (removido)

  Linha 170: [GROUP_FONTSIZE]
    Original:  .FontSize        = 8
    Corrigido: (removido)

  Linha 163: [REPORT-BTN-FONT-MISSING]
    Original:  Buttons(N) REPORT sem FontName/FontSize
    Corrigido: FontName='Comic Sans MS' + FontSize=8 injetados apos .Caption


=== CORRECAO CONCLUIDA ===
3 correcao(oes) aplicada(s).
=== CORRETOR AUTOMATICO ===

Arquivo: C:\4c\projeto\app\forms\relatorios\Formsigrefc1.prg

Backup criado: C:\4c\projeto\app\forms\relatorios\Formsigrefc1.prg.bak
Linhas originais: 1041

Aplicando correcoes...
[266/612] Formsigreeun.prg                                11,5s  -> sem correcoes
  Schema BIT columns carregadas: 202 colunas
  Schema BIT columns carregadas: 202 colunas
  Schema BIT columns carregadas: 202 colunas
  Schema BIT columns carregadas: 202 colunas

Correcoes aplicadas: 3

Detalhes:
  Linha 210: [GROUP_FONTNAME]
    Original:  .FontName        = "Comic Sans MS"
    Corrigido: (removido)

  Linha 211: [GROUP_FONTSIZE]
    Original:  .FontSize        = 8
    Corrigido: (removido)

  Linha 204: [REPORT-BTN-FONT-MISSING]
    Original:  Buttons(N) REPORT sem FontName/FontSize
    Corrigido: FontName='Comic Sans MS' + FontSize=8 injetados apos .Caption


=== CORRECAO CONCLUIDA ===
3 correcao(oes) aplicada(s).
=== CORRETOR AUTOMATICO ===

Arquivo: C:\4c\projeto\app\forms\relatorios\Formsigrefc2.prg

Backup criado: C:\4c\projeto\app\forms\relatorios\Formsigrefc2.prg.bak
Linhas originais: 871

Aplicando correcoes...
[267/612] FormSIGREEVV.prg                                 9,5s  -> sem correcoes

Correcoes aplicadas: 3

Detalhes:
  Linha 188: [GROUP_FONTNAME]
    Original:  .FontName        = "Comic Sans MS"
    Corrigido: (removido)

  Linha 189: [GROUP_FONTSIZE]
    Original:  .FontSize        = 8
    Corrigido: (removido)

  Linha 182: [REPORT-BTN-FONT-MISSING]
    Original:  Buttons(N) REPORT sem FontName/FontSize
    Corrigido: FontName='Comic Sans MS' + FontSize=8 injetados apos .Caption


=== CORRECAO CONCLUIDA ===
3 correcao(oes) aplicada(s).
=== CORRETOR AUTOMATICO ===

Arquivo: C:\4c\projeto\app\forms\relatorios\Formsigrefcd.prg

Backup criado: C:\4c\projeto\app\forms\relatorios\Formsigrefcd.prg.bak
Linhas originais: 1022

Aplicando correcoes...
[268/612] Formsigrefc1.prg                                 5,5s  -> sem correcoes

Correcoes aplicadas: 18

Detalhes:
  Linha 247: [GROUP_FONTNAME]
    Original:  .FontName        = "Comic Sans MS"
    Corrigido: (removido)

  Linha 248: [GROUP_FONTSIZE]
    Original:  .FontSize        = 8
    Corrigido: (removido)

  Linha 567: [GROUP_FONTNAME]
    Original:  .FontName        = "Comic Sans MS"
    Corrigido: (removido)

  Linha 568: [GROUP_FONTSIZE]
    Original:  .FontSize        = 8
    Corrigido: (removido)

  Linha 695: [GROUP_FONTNAME]
    Original:  .FontName        = "Comic Sans MS"
    Corrigido: (removido)

  Linha 696: [GROUP_FONTSIZE]
    Original:  .FontSize        = 8
    Corrigido: (removido)

  Linha 1160: [GROUP_FONTNAME]
    Original:  .FontName        = "Comic Sans MS"
    Corrigido: (removido)

  Linha 1161: [GROUP_FONTSIZE]
    Original:  .FontSize        = 8
    Corrigido: (removido)

  Linha 1252: [GROUP_FONTNAME]
    Original:  .FontName        = "Comic Sans MS"
    Corrigido: (removido)

  Linha 1253: [GROUP_FONTSIZE]
    Original:  .FontSize        = 8
    Corrigido: (removido)

  Linha 1323: [GROUP_FONTNAME]
    Original:  .FontName        = "Comic Sans MS"
    Corrigido: (removido)

  Linha 1324: [GROUP_FONTSIZE]
    Original:  .FontSize        = 8
    Corrigido: (removido)

  Linha 241: [REPORT-BTN-FONT-MISSING]
    Original:  Buttons(N) REPORT sem FontName/FontSize
    Corrigido: FontName='Comic Sans MS' + FontSize=8 injetados apos .Caption

  Linha 561: [REPORT-BTN-FONT-MISSING]
    Original:  Buttons(N) REPORT sem FontName/FontSize
    Corrigido: FontName='Comic Sans MS' + FontSize=8 injetados apos .Caption

  Linha 692: [REPORT-BTN-FONT-MISSING]
    Original:  Buttons(N) REPORT sem FontName/FontSize
    Corrigido: FontName='Comic Sans MS' + FontSize=8 injetados apos .Caption

  Linha 1157: [REPORT-BTN-FONT-MISSING]
    Original:  Buttons(N) REPORT sem FontName/FontSize
    Corrigido: FontName='Comic Sans MS' + FontSize=8 injetados apos .Caption

  Linha 1249: [REPORT-BTN-FONT-MISSING]
    Original:  Buttons(N) REPORT sem FontName/FontSize
    Corrigido: FontName='Comic Sans MS' + FontSize=8 injetados apos .Caption

  Linha 1320: [REPORT-BTN-FONT-MISSING]
    Original:  Buttons(N) REPORT sem FontName/FontSize
    Corrigido: FontName='Comic Sans MS' + FontSize=8 injetados apos .Caption


=== CORRECAO CONCLUIDA ===
18 correcao(oes) aplicada(s).
=== CORRETOR AUTOMATICO ===

Arquivo: C:\4c\projeto\app\forms\relatorios\Formsigrefcx.prg

Backup criado: C:\4c\projeto\app\forms\relatorios\Formsigrefcx.prg.bak
Linhas originais: 2042

Aplicando correcoes...
[269/612] FormSigReEsp.prg                                19,0s  -> sem correcoes
  Schema BIT columns carregadas: 202 colunas

Correcoes aplicadas: 3

  Schema BIT columns carregadas: 202 colunas
Detalhes:
  Linha 165: [GROUP_FONTNAME]
    Original:  .FontName        = "Comic Sans MS"
    Corrigido: (removido)

  Linha 166: [GROUP_FONTSIZE]
    Original:  .FontSize        = 8
    Corrigido: (removido)

  Linha 159: [REPORT-BTN-FONT-MISSING]
    Original:  Buttons(N) REPORT sem FontName/FontSize
    Corrigido: FontName='Comic Sans MS' + FontSize=8 injetados apos .Caption


=== CORRECAO CONCLUIDA ===
3 correcao(oes) aplicada(s).
[270/612] Formsigrefc2.prg                                 4,3s  -> sem correcoes
=== CORRETOR AUTOMATICO ===

Arquivo: C:\4c\projeto\app\forms\relatorios\Formsigrefec.prg

Backup criado: C:\4c\projeto\app\forms\relatorios\Formsigrefec.prg.bak
Linhas originais: 1256

Aplicando correcoes...

Correcoes aplicadas: 9

Detalhes:
  Linha 170: [GROUP_FONTNAME]
    Original:  .FontName        = "Comic Sans MS"
    Corrigido: (removido)

  Linha 171: [GROUP_FONTSIZE]
    Original:  .FontSize        = 8
    Corrigido: (removido)

  Linha 939: [GROUP_FONTNAME]
    Original:  .FontName        = "Comic Sans MS"
    Corrigido: (removido)

  Linha 940: [GROUP_FONTSIZE]
    Original:  .FontSize        = 8
    Corrigido: (removido)

  Linha 1058: [GROUP_FONTNAME]
    Original:  .FontName        = "Comic Sans MS"
    Corrigido: (removido)

  Linha 1059: [GROUP_FONTSIZE]
    Original:  .FontSize        = 8
    Corrigido: (removido)

  Linha 164: [REPORT-BTN-FONT-MISSING]
    Original:  Buttons(N) REPORT sem FontName/FontSize
    Corrigido: FontName='Comic Sans MS' + FontSize=8 injetados apos .Caption

  Linha 937: [REPORT-BTN-FONT-MISSING]
    Original:  Buttons(N) REPORT sem FontName/FontSize
    Corrigido: FontName='Comic Sans MS' + FontSize=8 injetados apos .Caption

  Linha 1056: [REPORT-BTN-FONT-MISSING]
    Original:  Buttons(N) REPORT sem FontName/FontSize
    Corrigido: FontName='Comic Sans MS' + FontSize=8 injetados apos .Caption


=== CORRECAO CONCLUIDA ===
9 correcao(oes) aplicada(s).
=== CORRETOR AUTOMATICO ===

Arquivo: C:\4c\projeto\app\forms\relatorios\Formsigreffi.prg

Backup criado: C:\4c\projeto\app\forms\relatorios\Formsigreffi.prg.bak
Linhas originais: 2368

Aplicando correcoes...
[271/612] FormSigReEtl.prg                                21,7s  -> sem correcoes

Correcoes aplicadas: 3

Detalhes:
  Linha 173: [GROUP_FONTNAME]
    Original:  .FontName        = "Comic Sans MS"
    Corrigido: (removido)

  Linha 174: [GROUP_FONTSIZE]
    Original:  .FontSize        = 8
    Corrigido: (removido)

  Linha 167: [REPORT-BTN-FONT-MISSING]
    Original:  Buttons(N) REPORT sem FontName/FontSize
    Corrigido: FontName='Comic Sans MS' + FontSize=8 injetados apos .Caption


=== CORRECAO CONCLUIDA ===
3 correcao(oes) aplicada(s).
=== CORRETOR AUTOMATICO ===

Arquivo: C:\4c\projeto\app\forms\relatorios\Formsigreffn.prg

Backup criado: C:\4c\projeto\app\forms\relatorios\Formsigreffn.prg.bak
Linhas originais: 2134

Aplicando correcoes...
[272/612] Formsigrefcd.prg                                 5,6s  -> sem correcoes
  Schema BIT columns carregadas: 202 colunas

Correcoes aplicadas: 3

Detalhes:
  Linha 160: [GROUP_FONTNAME]
    Original:  .FontName        = "Comic Sans MS"
    Corrigido: (removido)

  Linha 161: [GROUP_FONTSIZE]
    Original:  .FontSize        = 8
    Corrigido: (removido)

  Linha 154: [REPORT-BTN-FONT-MISSING]
    Original:  Buttons(N) REPORT sem FontName/FontSize
    Corrigido: FontName='Comic Sans MS' + FontSize=8 injetados apos .Caption


=== CORRECAO CONCLUIDA ===
3 correcao(oes) aplicada(s).
=== CORRETOR AUTOMATICO ===

Arquivo: C:\4c\projeto\app\forms\relatorios\FormSigReFtp.prg

Backup criado: C:\4c\projeto\app\forms\relatorios\FormSigReFtp.prg.bak
Linhas originais: 989

Aplicando correcoes...
[273/612] Formsigrefec.prg                                 7,2s  -> sem correcoes
  Schema BIT columns carregadas: 202 colunas
  Schema BIT columns carregadas: 202 colunas

Correcoes aplicadas: 6

Detalhes:
  Linha 225: [GROUP_FONTNAME]
    Original:  .FontName        = "Comic Sans MS"
    Corrigido: (removido)

  Linha 226: [GROUP_FONTSIZE]
    Original:  .FontSize        = 8
    Corrigido: (removido)

  Linha 722: [GROUP_FONTNAME]
    Original:  .FontName        = "Comic Sans MS"
    Corrigido: (removido)

  Linha 723: [GROUP_FONTSIZE]
    Original:  .FontSize        = 8
    Corrigido: (removido)

  Linha 219: [REPORT-BTN-FONT-MISSING]
    Original:  Buttons(N) REPORT sem FontName/FontSize
    Corrigido: FontName='Comic Sans MS' + FontSize=8 injetados apos .Caption

  Linha 720: [REPORT-BTN-FONT-MISSING]
    Original:  Buttons(N) REPORT sem FontName/FontSize
    Corrigido: FontName='Comic Sans MS' + FontSize=8 injetados apos .Caption


=== CORRECAO CONCLUIDA ===
6 correcao(oes) aplicada(s).
=== CORRETOR AUTOMATICO ===

Arquivo: C:\4c\projeto\app\forms\relatorios\FormSIGREFUN.prg

Backup criado: C:\4c\projeto\app\forms\relatorios\FormSIGREFUN.prg.bak
Linhas originais: 672

Aplicando correcoes...
[274/612] FormSigReFtp.prg                                 4,8s  -> sem correcoes
  Schema BIT columns carregadas: 202 colunas
  Schema BIT columns carregadas: 202 colunas

Correcoes aplicadas: 3

Detalhes:
  Linha 155: [GROUP_FONTNAME]
    Original:  .FontName        = "Comic Sans MS"
    Corrigido: (removido)

  Linha 156: [GROUP_FONTSIZE]
    Original:  .FontSize        = 8
    Corrigido: (removido)

  Linha 149: [REPORT-BTN-FONT-MISSING]
    Original:  Buttons(N) REPORT sem FontName/FontSize
    Corrigido: FontName='Comic Sans MS' + FontSize=8 injetados apos .Caption


=== CORRECAO CONCLUIDA ===
3 correcao(oes) aplicada(s).
[275/612] Formsigrefcx.prg                                15,9s  -> sem correcoes
=== CORRETOR AUTOMATICO ===

Arquivo: C:\4c\projeto\app\forms\relatorios\FormSIGREFXV.prg

Backup criado: C:\4c\projeto\app\forms\relatorios\FormSIGREFXV.prg.bak
Linhas originais: 1559

Aplicando correcoes...
  Schema BIT columns carregadas: 202 colunas

Correcoes aplicadas: 3

Detalhes:
  Linha 213: [GROUP_FONTNAME]
    Original:  .FontName        = "Comic Sans MS"
    Corrigido: (removido)

  Linha 214: [GROUP_FONTSIZE]
    Original:  .FontSize        = 8
    Corrigido: (removido)

  Linha 207: [REPORT-BTN-FONT-MISSING]
    Original:  Buttons(N) REPORT sem FontName/FontSize
    Corrigido: FontName='Comic Sans MS' + FontSize=8 injetados apos .Caption


=== CORRECAO CONCLUIDA ===
3 correcao(oes) aplicada(s).
=== CORRETOR AUTOMATICO ===

Arquivo: C:\4c\projeto\app\forms\relatorios\FormSIGREGDP.prg

Backup criado: C:\4c\projeto\app\forms\relatorios\FormSIGREGDP.prg.bak
Linhas originais: 1233

Aplicando correcoes...
[276/612] FormSIGREFUN.prg                                 2,8s  -> sem correcoes

Correcoes aplicadas: 3

Detalhes:
  Linha 185: [GROUP_FONTNAME]
    Original:  .FontName        = "Comic Sans MS"
    Corrigido: (removido)

  Linha 186: [GROUP_FONTSIZE]
    Original:  .FontSize        = 8
    Corrigido: (removido)

  Linha 179: [REPORT-BTN-FONT-MISSING]
    Original:  Buttons(N) REPORT sem FontName/FontSize
    Corrigido: FontName='Comic Sans MS' + FontSize=8 injetados apos .Caption


=== CORRECAO CONCLUIDA ===
3 correcao(oes) aplicada(s).
=== CORRETOR AUTOMATICO ===

Arquivo: C:\4c\projeto\app\forms\relatorios\Formsigregnf.prg

Backup criado: C:\4c\projeto\app\forms\relatorios\Formsigregnf.prg.bak
Linhas originais: 1055

Aplicando correcoes...
[277/612] Formsigreffn.prg                                17,2s  -> sem correcoes
  Schema BIT columns carregadas: 202 colunas
  Schema BIT columns carregadas: 202 colunas

Correcoes aplicadas: 12

Detalhes:
  Linha 226: [GROUP_FONTNAME]
    Original:  .FontName        = "Comic Sans MS"
    Corrigido: (removido)

  Linha 227: [GROUP_FONTSIZE]
    Original:  .FontSize        = 8
    Corrigido: (removido)

  Linha 1494: [GROUP_FONTNAME]
    Original:  .FontName        = "Comic Sans MS"
    Corrigido: (removido)

  Linha 1495: [GROUP_FONTSIZE]
    Original:  .FontSize        = 8
    Corrigido: (removido)

  Linha 1563: [GROUP_FONTNAME]
    Original:  .FontName        = "Comic Sans MS"
    Corrigido: (removido)

  Linha 1564: [GROUP_FONTSIZE]
    Original:  .FontSize        = 8
    Corrigido: (removido)

  Linha 1797: [GROUP_FONTNAME]
    Original:  .FontName        = "Comic Sans MS"
    Corrigido: (removido)

  Linha 1798: [GROUP_FONTSIZE]
    Original:  .FontSize        = 8
    Corrigido: (removido)

  Linha 220: [REPORT-BTN-FONT-MISSING]
    Original:  Buttons(N) REPORT sem FontName/FontSize
    Corrigido: FontName='Comic Sans MS' + FontSize=8 injetados apos .Caption

  Linha 1492: [REPORT-BTN-FONT-MISSING]
    Original:  Buttons(N) REPORT sem FontName/FontSize
    Corrigido: FontName='Comic Sans MS' + FontSize=8 injetados apos .Caption

  Linha 1561: [REPORT-BTN-FONT-MISSING]
    Original:  Buttons(N) REPORT sem FontName/FontSize
    Corrigido: FontName='Comic Sans MS' + FontSize=8 injetados apos .Caption

  Linha 1795: [REPORT-BTN-FONT-MISSING]
    Original:  Buttons(N) REPORT sem FontName/FontSize
    Corrigido: FontName='Comic Sans MS' + FontSize=8 injetados apos .Caption


=== CORRECAO CONCLUIDA ===
12 correcao(oes) aplicada(s).
=== CORRETOR AUTOMATICO ===

Arquivo: C:\4c\projeto\app\forms\relatorios\Formsigrehbr.prg

Backup criado: C:\4c\projeto\app\forms\relatorios\Formsigrehbr.prg.bak
[278/612] Formsigreffi.prg                                20,0s  -> sem correcoes
Linhas originais: 2806

Aplicando correcoes...

Correcoes aplicadas: 3

Detalhes:
  Linha 501: [GROUP_FONTNAME]
    Original:  .FontName        = "Comic Sans MS"
    Corrigido: (removido)

  Linha 502: [GROUP_FONTSIZE]
    Original:  .FontSize        = 8
    Corrigido: (removido)

  Linha 499: [REPORT-BTN-FONT-MISSING]
    Original:  Buttons(N) REPORT sem FontName/FontSize
    Corrigido: FontName='Comic Sans MS' + FontSize=8 injetados apos .Caption


=== CORRECAO CONCLUIDA ===
3 correcao(oes) aplicada(s).
=== CORRETOR AUTOMATICO ===

Arquivo: C:\4c\projeto\app\forms\relatorios\FormSIGREHCP.prg

Backup criado: C:\4c\projeto\app\forms\relatorios\FormSIGREHCP.prg.bak
Linhas originais: 1259

Aplicando correcoes...
[279/612] FormSIGREGDP.prg                                 6,9s  -> sem correcoes
  Schema BIT columns carregadas: 202 colunas

Correcoes aplicadas: 6

Detalhes:
  Linha 221: [GROUP_FONTNAME]
    Original:  .FontName        = "Comic Sans MS"
    Corrigido: (removido)

  Linha 222: [GROUP_FONTSIZE]
    Original:  .FontSize        = 8
    Corrigido: (removido)

  Linha 398: [GROUP_FONTNAME]
    Original:  .FontName        = "Comic Sans MS"
    Corrigido: (removido)

  Linha 399: [GROUP_FONTSIZE]
    Original:  .FontSize        = 8
    Corrigido: (removido)

  Linha 215: [REPORT-BTN-FONT-MISSING]
    Original:  Buttons(N) REPORT sem FontName/FontSize
    Corrigido: FontName='Comic Sans MS' + FontSize=8 injetados apos .Caption

  Linha 396: [REPORT-BTN-FONT-MISSING]
    Original:  Buttons(N) REPORT sem FontName/FontSize
    Corrigido: FontName='Comic Sans MS' + FontSize=8 injetados apos .Caption


=== CORRECAO CONCLUIDA ===
6 correcao(oes) aplicada(s).
=== CORRETOR AUTOMATICO ===

Arquivo: C:\4c\projeto\app\forms\relatorios\FormSigReHev.prg

Backup criado: C:\4c\projeto\app\forms\relatorios\FormSigReHev.prg.bak
Linhas originais: 768

Aplicando correcoes...
[280/612] FormSIGREFXV.prg                                 9,6s  -> sem correcoes

Correcoes aplicadas: 4

Detalhes:
  Linha 145: [GROUP_FONTNAME]
    Original:  .FontName        = "Comic Sans MS"
    Corrigido: (removido)

  Linha 146: [GROUP_FONTSIZE]
    Original:  .FontSize        = 8
    Corrigido: (removido)

  Linha 143: [REPORT-BTN-FONT-MISSING]
    Original:  Buttons(N) REPORT sem FontName/FontSize
    Corrigido: FontName='Comic Sans MS' + FontSize=8 injetados apos .Caption

  Linha 424: [REPORT-GRID-HEADERHEIGHT]
    Original:  grd_4c_* REPORT sem HeaderHeight
    Corrigido: .HeaderHeight = 0 injetado apos .Width/.Height


=== CORRECAO CONCLUIDA ===
4 correcao(oes) aplicada(s).
=== CORRETOR AUTOMATICO ===

Arquivo: C:\4c\projeto\app\forms\relatorios\FormSIGREHPE.prg

Backup criado: C:\4c\projeto\app\forms\relatorios\FormSIGREHPE.prg.bak
Linhas originais: 492

Aplicando correcoes...
[281/612] Formsigregnf.prg                                 5,3s  -> sem correcoes
  Schema BIT columns carregadas: 202 colunas
  Schema BIT columns carregadas: 202 colunas

Correcoes aplicadas: 3

Detalhes:
  Linha 206: [GROUP_FONTNAME]
    Original:  .FontName        = "Comic Sans MS"
    Corrigido: (removido)

  Linha 207: [GROUP_FONTSIZE]
    Original:  .FontSize        = 8
    Corrigido: (removido)

  Linha 200: [REPORT-BTN-FONT-MISSING]
    Original:  Buttons(N) REPORT sem FontName/FontSize
    Corrigido: FontName='Comic Sans MS' + FontSize=8 injetados apos .Caption


=== CORRECAO CONCLUIDA ===
3 correcao(oes) aplicada(s).
=== CORRETOR AUTOMATICO ===

Arquivo: C:\4c\projeto\app\forms\relatorios\Formsigrehpr.prg

Backup criado: C:\4c\projeto\app\forms\relatorios\Formsigrehpr.prg.bak
Linhas originais: 1632

Aplicando correcoes...

  Schema BIT columns carregadas: 202 colunas
Correcoes aplicadas: 3

Detalhes:
  Linha 172: [GROUP_FONTNAME]
    Original:  .FontName        = "Comic Sans MS"
    Corrigido: (removido)

  Linha 173: [GROUP_FONTSIZE]
    Original:  .FontSize        = 8
    Corrigido: (removido)

  Linha 166: [REPORT-BTN-FONT-MISSING]
    Original:  Buttons(N) REPORT sem FontName/FontSize
    Corrigido: FontName='Comic Sans MS' + FontSize=8 injetados apos .Caption


=== CORRECAO CONCLUIDA ===
3 correcao(oes) aplicada(s).
=== CORRETOR AUTOMATICO ===

Arquivo: C:\4c\projeto\app\forms\relatorios\Formsigrehtc.prg

Backup criado: C:\4c\projeto\app\forms\relatorios\Formsigrehtc.prg.bak
Linhas originais: 1305

Aplicando correcoes...
[282/612] FormSigReHev.prg                                 3,3s  -> sem correcoes
[283/612] FormSIGREHPE.prg                                 2,0s  -> sem correcoes

Correcoes aplicadas: 3

Detalhes:
  Linha 190: [GROUP_FONTNAME]
    Original:  .FontName        = "Comic Sans MS"
    Corrigido: (removido)

  Linha 191: [GROUP_FONTSIZE]
    Original:  .FontSize        = 8
    Corrigido: (removido)

  Linha 184: [REPORT-BTN-FONT-MISSING]
    Original:  Buttons(N) REPORT sem FontName/FontSize
    Corrigido: FontName='Comic Sans MS' + FontSize=8 injetados apos .Caption


=== CORRECAO CONCLUIDA ===
3 correcao(oes) aplicada(s).
=== CORRETOR AUTOMATICO ===

Arquivo: C:\4c\projeto\app\forms\relatorios\FormSIGREIDC.prg

Backup criado: C:\4c\projeto\app\forms\relatorios\FormSIGREIDC.prg.bak
Linhas originais: 1277

Aplicando correcoes...
[284/612] FormSIGREHCP.prg                                 7,2s  -> sem correcoes
  Schema BIT columns carregadas: 202 colunas
  Schema BIT columns carregadas: 202 colunas
  Schema BIT columns carregadas: 202 colunas

Correcoes aplicadas: 18

Detalhes:
  Linha 190: [GROUP_FONTNAME]
    Original:  .FontName        = "Comic Sans MS"
    Corrigido: (removido)

  Linha 191: [GROUP_FONTSIZE]
    Original:  .FontSize        = 8
    Corrigido: (removido)

  Linha 488: [GROUP_FONTNAME]
    Original:  .FontName        = "Comic Sans MS"
    Corrigido: (removido)

  Linha 489: [GROUP_FONTSIZE]
    Original:  .FontSize        = 8
    Corrigido: (removido)

  Linha 536: [GROUP_FONTNAME]
    Original:  .FontName        = "Comic Sans MS"
    Corrigido: (removido)

  Linha 537: [GROUP_FONTSIZE]
    Original:  .FontSize        = 8
    Corrigido: (removido)

  Linha 601: [GROUP_FONTNAME]
    Original:  .FontName        = "Comic Sans MS"
    Corrigido: (removido)

  Linha 602: [GROUP_FONTSIZE]
    Original:  .FontSize        = 8
    Corrigido: (removido)

  Linha 665: [GROUP_FONTNAME]
    Original:  .FontName        = "Comic Sans MS"
    Corrigido: (removido)

  Linha 666: [GROUP_FONTSIZE]
    Original:  .FontSize        = 8
    Corrigido: (removido)

  Linha 729: [GROUP_FONTNAME]
    Original:  .FontName        = "Comic Sans MS"
    Corrigido: (removido)

  Linha 730: [GROUP_FONTSIZE]
    Original:  .FontSize        = 8
    Corrigido: (removido)

  Linha 184: [REPORT-BTN-FONT-MISSING]
    Original:  Buttons(N) REPORT sem FontName/FontSize
    Corrigido: FontName='Comic Sans MS' + FontSize=8 injetados apos .Caption

  Linha 485: [REPORT-BTN-FONT-MISSING]
    Original:  Buttons(N) REPORT sem FontName/FontSize
    Corrigido: FontName='Comic Sans MS' + FontSize=8 injetados apos .Caption

  Linha 533: [REPORT-BTN-FONT-MISSING]
    Original:  Buttons(N) REPORT sem FontName/FontSize
    Corrigido: FontName='Comic Sans MS' + FontSize=8 injetados apos .Caption

  Linha 598: [REPORT-BTN-FONT-MISSING]
    Original:  Buttons(N) REPORT sem FontName/FontSize
    Corrigido: FontName='Comic Sans MS' + FontSize=8 injetados apos .Caption

  Linha 662: [REPORT-BTN-FONT-MISSING]
    Original:  Buttons(N) REPORT sem FontName/FontSize
    Corrigido: FontName='Comic Sans MS' + FontSize=8 injetados apos .Caption

  Linha 726: [REPORT-BTN-FONT-MISSING]
    Original:  Buttons(N) REPORT sem FontName/FontSize
    Corrigido: FontName='Comic Sans MS' + FontSize=8 injetados apos .Caption


=== CORRECAO CONCLUIDA ===
18 correcao(oes) aplicada(s).
=== CORRETOR AUTOMATICO ===

Arquivo: C:\4c\projeto\app\forms\relatorios\FormSigReIdt.prg

Backup criado: C:\4c\projeto\app\forms\relatorios\FormSigReIdt.prg.bak
Linhas originais: 829

Aplicando correcoes...
[285/612] Formsigrehtc.prg                                 7,3s  -> sem correcoes

Correcoes aplicadas: 3

Detalhes:
  Linha 200: [GROUP_FONTNAME]
    Original:  .FontName        = "Comic Sans MS"
    Corrigido: (removido)

  Linha 201: [GROUP_FONTSIZE]
    Original:  .FontSize        = 8
    Corrigido: (removido)

  Linha 194: [REPORT-BTN-FONT-MISSING]
    Original:  Buttons(N) REPORT sem FontName/FontSize
    Corrigido: FontName='Comic Sans MS' + FontSize=8 injetados apos .Caption


=== CORRECAO CONCLUIDA ===
3 correcao(oes) aplicada(s).
=== CORRETOR AUTOMATICO ===

Arquivo: C:\4c\projeto\app\forms\relatorios\FormSigReIfp.prg

Backup criado: C:\4c\projeto\app\forms\relatorios\FormSigReIfp.prg.bak
Linhas originais: 1261

Aplicando correcoes...
[286/612] FormSIGREIDC.prg                                 7,3s  -> sem correcoes
  Schema BIT columns carregadas: 202 colunas

Correcoes aplicadas: 0


=== CORRECAO CONCLUIDA ===
Nenhuma correcao necessaria.
=== CORRETOR AUTOMATICO ===

Arquivo: C:\4c\projeto\app\forms\relatorios\FormSigReIfv.prg

Backup criado: C:\4c\projeto\app\forms\relatorios\FormSigReIfv.prg.bak
Linhas originais: 1946

Aplicando correcoes...
[287/612] Formsigrehpr.prg                                10,6s  -> sem correcoes

Correcoes aplicadas: 9

Detalhes:
  Linha 262: [GROUP_FONTNAME]
    Original:  .FontName        = "Comic Sans MS"
    Corrigido: (removido)

  Linha 263: [GROUP_FONTSIZE]
    Original:  .FontSize        = 8
    Corrigido: (removido)

  Linha 389: [GROUP_FONTNAME]
    Original:  .FontName        = "Comic Sans MS"
    Corrigido: (removido)

  Linha 390: [GROUP_FONTSIZE]
    Original:  .FontSize        = 8
    Corrigido: (removido)

  Linha 451: [GROUP_FONTNAME]
    Original:  .FontName        = "Comic Sans MS"
    Corrigido: (removido)

  Linha 452: [GROUP_FONTSIZE]
    Original:  .FontSize        = 8
    Corrigido: (removido)

  Linha 256: [REPORT-BTN-FONT-MISSING]
    Original:  Buttons(N) REPORT sem FontName/FontSize
    Corrigido: FontName='Comic Sans MS' + FontSize=8 injetados apos .Caption

  Linha 384: [REPORT-BTN-FONT-MISSING]
    Original:  Buttons(N) REPORT sem FontName/FontSize
    Corrigido: FontName='Comic Sans MS' + FontSize=8 injetados apos .Caption

  Linha 446: [REPORT-BTN-FONT-MISSING]
    Original:  Buttons(N) REPORT sem FontName/FontSize
    Corrigido: FontName='Comic Sans MS' + FontSize=8 injetados apos .Caption


=== CORRECAO CONCLUIDA ===
9 correcao(oes) aplicada(s).
[288/612] FormSigReIdt.prg                                 3,8s  -> sem correcoes
=== CORRETOR AUTOMATICO ===

Arquivo: C:\4c\projeto\app\forms\relatorios\Formsigreifx.prg

Backup criado: C:\4c\projeto\app\forms\relatorios\Formsigreifx.prg.bak
Linhas originais: 849

Aplicando correcoes...
  Schema BIT columns carregadas: 202 colunas
  Schema BIT columns carregadas: 202 colunas
  Schema BIT columns carregadas: 202 colunas

Correcoes aplicadas: 3

Detalhes:
  Linha 268: [GROUP_FONTNAME]
    Original:  .FontName        = "Comic Sans MS"
    Corrigido: (removido)

  Linha 269: [GROUP_FONTSIZE]
    Original:  .FontSize        = 8
    Corrigido: (removido)

  Linha 262: [REPORT-BTN-FONT-MISSING]
    Original:  Buttons(N) REPORT sem FontName/FontSize
    Corrigido: FontName='Comic Sans MS' + FontSize=8 injetados apos .Caption


=== CORRECAO CONCLUIDA ===
3 correcao(oes) aplicada(s).
=== CORRETOR AUTOMATICO ===

Arquivo: C:\4c\projeto\app\forms\relatorios\FormSigReIiv.prg

Backup criado: C:\4c\projeto\app\forms\relatorios\FormSigReIiv.prg.bak
Linhas originais: 554

Aplicando correcoes...
[289/612] Formsigreifx.prg                                 4,0s  -> sem correcoes
  Schema BIT columns carregadas: 202 colunas

Correcoes aplicadas: 3

Detalhes:
  Linha 183: [GROUP_FONTNAME]
    Original:  .FontName        = "Comic Sans MS"
    Corrigido: (removido)

  Linha 184: [GROUP_FONTSIZE]
    Original:  .FontSize        = 8
    Corrigido: (removido)

  Linha 177: [REPORT-BTN-FONT-MISSING]
    Original:  Buttons(N) REPORT sem FontName/FontSize
    Corrigido: FontName='Comic Sans MS' + FontSize=8 injetados apos .Caption


=== CORRECAO CONCLUIDA ===
3 correcao(oes) aplicada(s).
=== CORRETOR AUTOMATICO ===

Arquivo: C:\4c\projeto\app\forms\relatorios\Formsigreimc.prg

Backup criado: C:\4c\projeto\app\forms\relatorios\Formsigreimc.prg.bak
Linhas originais: 658

Aplicando correcoes...
[290/612] FormSigReIfp.prg                                 7,2s  -> sem correcoes

Correcoes aplicadas: 3

Detalhes:
  Linha 188: [GROUP_FONTNAME]
    Original:  .FontName        = "Comic Sans MS"
    Corrigido: (removido)

  Linha 189: [GROUP_FONTSIZE]
    Original:  .FontSize        = 8
    Corrigido: (removido)

  Linha 182: [REPORT-BTN-FONT-MISSING]
    Original:  Buttons(N) REPORT sem FontName/FontSize
    Corrigido: FontName='Comic Sans MS' + FontSize=8 injetados apos .Caption


=== CORRECAO CONCLUIDA ===
3 correcao(oes) aplicada(s).
=== CORRETOR AUTOMATICO ===

Arquivo: C:\4c\projeto\app\forms\relatorios\Formsigreimp.prg

Backup criado: C:\4c\projeto\app\forms\relatorios\Formsigreimp.prg.bak
Linhas originais: 1708

Aplicando correcoes...
[291/612] FormSigReIiv.prg                                 2,4s  -> sem correcoes
  Schema BIT columns carregadas: 202 colunas

Correcoes aplicadas: 3

Detalhes:
  Linha 218: [GROUP_FONTNAME]
    Original:  .FontName        = "Comic Sans MS"
    Corrigido: (removido)

  Linha 219: [GROUP_FONTSIZE]
    Original:  .FontSize        = 8
    Corrigido: (removido)

  Linha 212: [REPORT-BTN-FONT-MISSING]
    Original:  Buttons(N) REPORT sem FontName/FontSize
    Corrigido: FontName='Comic Sans MS' + FontSize=8 injetados apos .Caption


=== CORRECAO CONCLUIDA ===
3 correcao(oes) aplicada(s).
=== CORRETOR AUTOMATICO ===

Arquivo: C:\4c\projeto\app\forms\relatorios\FormSigReInf.prg

Backup criado: C:\4c\projeto\app\forms\relatorios\FormSigReInf.prg.bak
Linhas originais: 503

Aplicando correcoes...
[292/612] Formsigreimc.prg                                 2,9s  -> sem correcoes
  Schema BIT columns carregadas: 202 colunas

Correcoes aplicadas: 3

Detalhes:
  Linha 182: [GROUP_FONTNAME]
    Original:  .FontName        = "Comic Sans MS"
    Corrigido: (removido)

  Linha 183: [GROUP_FONTSIZE]
    Original:  .FontSize        = 8
    Corrigido: (removido)

  Linha 176: [REPORT-BTN-FONT-MISSING]
    Original:  Buttons(N) REPORT sem FontName/FontSize
    Corrigido: FontName='Comic Sans MS' + FontSize=8 injetados apos .Caption


=== CORRECAO CONCLUIDA ===
3 correcao(oes) aplicada(s).
=== CORRETOR AUTOMATICO ===

Arquivo: C:\4c\projeto\app\forms\relatorios\Formsigreinr.prg

Backup criado: C:\4c\projeto\app\forms\relatorios\Formsigreinr.prg.bak
Linhas originais: 2004

Aplicando correcoes...
[293/612] Formsigrehbr.prg                                27,2s  -> sem correcoes
  Schema BIT columns carregadas: 202 colunas

Correcoes aplicadas: 3

Detalhes:
  Linha 223: [GROUP_FONTNAME]
    Original:  .FontName        = "Comic Sans MS"
    Corrigido: (removido)

  Linha 224: [GROUP_FONTSIZE]
    Original:  .FontSize        = 8
    Corrigido: (removido)

  Linha 217: [REPORT-BTN-FONT-MISSING]
    Original:  Buttons(N) REPORT sem FontName/FontSize
    Corrigido: FontName='Comic Sans MS' + FontSize=8 injetados apos .Caption


=== CORRECAO CONCLUIDA ===
3 correcao(oes) aplicada(s).
=== CORRETOR AUTOMATICO ===

Arquivo: C:\4c\projeto\app\forms\relatorios\FormSigReInv.prg

Backup criado: C:\4c\projeto\app\forms\relatorios\FormSigReInv.prg.bak
Linhas originais: 1660

Aplicando correcoes...
[294/612] FormSigReInf.prg                                 2,0s  -> sem correcoes

Correcoes aplicadas: 6

Detalhes:
  Linha 211: [GROUP_FONTNAME]
    Original:  .FontName        = "Comic Sans MS"
    Corrigido: (removido)

  Linha 212: [GROUP_FONTSIZE]
    Original:  .FontSize        = 8
    Corrigido: (removido)

  Linha 355: [GROUP_FONTNAME]
    Original:  .FontName        = "Comic Sans MS"
    Corrigido: (removido)

  Linha 356: [GROUP_FONTSIZE]
    Original:  .FontSize        = 8
    Corrigido: (removido)

  Linha 205: [REPORT-BTN-FONT-MISSING]
    Original:  Buttons(N) REPORT sem FontName/FontSize
    Corrigido: FontName='Comic Sans MS' + FontSize=8 injetados apos .Caption

  Linha 353: [REPORT-BTN-FONT-MISSING]
    Original:  Buttons(N) REPORT sem FontName/FontSize
    Corrigido: FontName='Comic Sans MS' + FontSize=8 injetados apos .Caption


=== CORRECAO CONCLUIDA ===
6 correcao(oes) aplicada(s).
=== CORRETOR AUTOMATICO ===

Arquivo: C:\4c\projeto\app\forms\relatorios\FormSigReIpc.prg

Backup criado: C:\4c\projeto\app\forms\relatorios\FormSigReIpc.prg.bak
Linhas originais: 545

Aplicando correcoes...
  Schema BIT columns carregadas: 202 colunas
[295/612] FormSigReIfv.prg                                14,5s  -> sem correcoes
  Schema BIT columns carregadas: 202 colunas

Correcoes aplicadas: 3

Detalhes:
  Linha 238: [GROUP_FONTNAME]
    Original:  .FontName        = "Comic Sans MS"
    Corrigido: (removido)

  Linha 239: [GROUP_FONTSIZE]
    Original:  .FontSize        = 8
    Corrigido: (removido)

  Linha 232: [REPORT-BTN-FONT-MISSING]
    Original:  Buttons(N) REPORT sem FontName/FontSize
    Corrigido: FontName='Comic Sans MS' + FontSize=8 injetados apos .Caption


=== CORRECAO CONCLUIDA ===
3 correcao(oes) aplicada(s).
=== CORRETOR AUTOMATICO ===

Arquivo: C:\4c\projeto\app\forms\relatorios\Formsigreipe.prg

Backup criado: C:\4c\projeto\app\forms\relatorios\Formsigreipe.prg.bak
Linhas originais: 2517

Aplicando correcoes...
[296/612] FormSigReIpc.prg                                 2,2s  -> sem correcoes

Correcoes aplicadas: 12

Detalhes:
  Linha 306: [GROUP_FONTNAME]
    Original:  .FontName        = "Comic Sans MS"
    Corrigido: (removido)

  Linha 307: [GROUP_FONTSIZE]
    Original:  .FontSize        = 8
    Corrigido: (removido)

  Linha 651: [GROUP_FONTNAME]
    Original:  .FontName        = "Comic Sans MS"
    Corrigido: (removido)

  Linha 652: [GROUP_FONTSIZE]
    Original:  .FontSize        = 8
    Corrigido: (removido)

  Linha 897: [GROUP_FONTNAME]
    Original:  .FontName        = "Comic Sans MS"
    Corrigido: (removido)

  Linha 898: [GROUP_FONTSIZE]
    Original:  .FontSize        = 8
    Corrigido: (removido)

  Linha 946: [GROUP_FONTNAME]
    Original:  .FontName        = "Comic Sans MS"
    Corrigido: (removido)

  Linha 947: [GROUP_FONTSIZE]
    Original:  .FontSize        = 8
    Corrigido: (removido)

  Linha 300: [REPORT-BTN-FONT-MISSING]
    Original:  Buttons(N) REPORT sem FontName/FontSize
    Corrigido: FontName='Comic Sans MS' + FontSize=8 injetados apos .Caption

  Linha 649: [REPORT-BTN-FONT-MISSING]
    Original:  Buttons(N) REPORT sem FontName/FontSize
    Corrigido: FontName='Comic Sans MS' + FontSize=8 injetados apos .Caption

  Linha 891: [REPORT-BTN-FONT-MISSING]
    Original:  Buttons(N) REPORT sem FontName/FontSize
    Corrigido: FontName='Comic Sans MS' + FontSize=8 injetados apos .Caption

  Linha 940: [REPORT-BTN-FONT-MISSING]
    Original:  Buttons(N) REPORT sem FontName/FontSize
    Corrigido: FontName='Comic Sans MS' + FontSize=8 injetados apos .Caption


=== CORRECAO CONCLUIDA ===
12 correcao(oes) aplicada(s).
=== CORRETOR AUTOMATICO ===

Arquivo: C:\4c\projeto\app\forms\relatorios\FormSigReIpr.prg

Backup criado: C:\4c\projeto\app\forms\relatorios\FormSigReIpr.prg.bak
Linhas originais: 1082

Aplicando correcoes...
[297/612] Formsigreimp.prg                                11,1s  -> sem correcoes
  Schema BIT columns carregadas: 202 colunas
  Schema BIT columns carregadas: 202 colunas
  Schema BIT columns carregadas: 202 colunas

Correcoes aplicadas: 9

Detalhes:
  Linha 183: [GROUP_FONTNAME]
    Original:  .FontName        = "Comic Sans MS"
    Corrigido: (removido)

  Linha 184: [GROUP_FONTSIZE]
    Original:  .FontSize        = 8
    Corrigido: (removido)

  Linha 740: [GROUP_FONTNAME]
    Original:  .FontName        = "Comic Sans MS"
    Corrigido: (removido)

  Linha 741: [GROUP_FONTSIZE]
    Original:  .FontSize        = 8
    Corrigido: (removido)

  Linha 802: [GROUP_FONTNAME]
    Original:  .FontName        = "Comic Sans MS"
    Corrigido: (removido)

  Linha 803: [GROUP_FONTSIZE]
    Original:  .FontSize        = 8
    Corrigido: (removido)

  Linha 177: [REPORT-BTN-FONT-MISSING]
    Original:  Buttons(N) REPORT sem FontName/FontSize
    Corrigido: FontName='Comic Sans MS' + FontSize=8 injetados apos .Caption

  Linha 737: [REPORT-BTN-FONT-MISSING]
    Original:  Buttons(N) REPORT sem FontName/FontSize
    Corrigido: FontName='Comic Sans MS' + FontSize=8 injetados apos .Caption

  Linha 799: [REPORT-BTN-FONT-MISSING]
    Original:  Buttons(N) REPORT sem FontName/FontSize
    Corrigido: FontName='Comic Sans MS' + FontSize=8 injetados apos .Caption


=== CORRECAO CONCLUIDA ===
9 correcao(oes) aplicada(s).
=== CORRETOR AUTOMATICO ===

Arquivo: C:\4c\projeto\app\forms\relatorios\FormSIGREIPS.prg

Backup criado: C:\4c\projeto\app\forms\relatorios\FormSIGREIPS.prg.bak
Linhas originais: 743

Aplicando correcoes...
[298/612] FormSigReInv.prg                                11,1s  -> sem correcoes

Correcoes aplicadas: 3

Detalhes:
  Linha 162: [GROUP_FONTNAME]
    Original:  .FontName        = "Comic Sans MS"
    Corrigido: (removido)

  Linha 163: [GROUP_FONTSIZE]
    Original:  .FontSize        = 8
    Corrigido: (removido)

  Linha 156: [REPORT-BTN-FONT-MISSING]
    Original:  Buttons(N) REPORT sem FontName/FontSize
    Corrigido: FontName='Comic Sans MS' + FontSize=8 injetados apos .Caption


=== CORRECAO CONCLUIDA ===
3 correcao(oes) aplicada(s).
=== CORRETOR AUTOMATICO ===

Arquivo: C:\4c\projeto\app\forms\relatorios\FormSigReIr1.prg

Backup criado: C:\4c\projeto\app\forms\relatorios\FormSigReIr1.prg.bak
Linhas originais: 1703

Aplicando correcoes...
[299/612] FormSigReIpr.prg                                 5,7s  -> sem correcoes
  Schema BIT columns carregadas: 202 colunas

Correcoes aplicadas: 3

Detalhes:
  Linha 198: [GROUP_FONTNAME]
    Original:  .FontName        = "Comic Sans MS"
    Corrigido: (removido)

  Linha 199: [GROUP_FONTSIZE]

    Original:  .FontSize        = 8
Correcoes aplicadas: 33

    Corrigido: (removido)
Detalhes:

  Linha 192: [REPORT-BTN-FONT-MISSING]
  Linha 342: [GROUP_FONTNAME]
    Original:  Buttons(N) REPORT sem FontName/FontSize
    Original:  .FontName        = "Comic Sans MS"
    Corrigido: FontName='Comic Sans MS' + FontSize=8 injetados apos .Caption
    Corrigido: (removido)



  Linha 343: [GROUP_FONTSIZE]
=== CORRECAO CONCLUIDA ===
    Original:  .FontSize        = 8
3 correcao(oes) aplicada(s).
    Corrigido: (removido)

  Linha 490: [GROUP_FONTNAME]
    Original:  .FontName        = "Comic Sans MS"
    Corrigido: (removido)

  Linha 491: [GROUP_FONTSIZE]
    Original:  .FontSize        = 8
    Corrigido: (removido)

  Linha 730: [GROUP_FONTNAME]
    Original:  .FontName        = "Comic Sans MS"
=== CORRETOR AUTOMATICO ===
    Corrigido: (removido)


Arquivo: C:\4c\projeto\app\forms\relatorios\FormSigReJob.prg
  Linha 731: [GROUP_FONTSIZE]

    Original:  .FontSize        = 8
    Corrigido: (removido)

  Linha 791: [GROUP_FONTNAME]
Backup criado: C:\4c\projeto\app\forms\relatorios\FormSigReJob.prg.bak
    Original:  .FontName        = "Comic Sans MS"
    Corrigido: (removido)

  Linha 792: [GROUP_FONTSIZE]
Linhas originais: 615
    Original:  .FontSize        = 8

    Corrigido: (removido)
Aplicando correcoes...

  Linha 851: [GROUP_FONTNAME]
    Original:  .FontName        = "Comic Sans MS"
    Corrigido: (removido)

  Linha 852: [GROUP_FONTSIZE]
    Original:  .FontSize        = 8
    Corrigido: (removido)

  Linha 911: [GROUP_FONTNAME]
    Original:  .FontName        = "Comic Sans MS"
    Corrigido: (removido)

  Linha 912: [GROUP_FONTSIZE]
    Original:  .FontSize        = 8
    Corrigido: (removido)

  Linha 971: [GROUP_FONTNAME]
    Original:  .FontName        = "Comic Sans MS"
    Corrigido: (removido)

  Linha 972: [GROUP_FONTSIZE]
    Original:  .FontSize        = 8
    Corrigido: (removido)

  Linha 1031: [GROUP_FONTNAME]
    Original:  .FontName        = "Comic Sans MS"
    Corrigido: (removido)

  Linha 1032: [GROUP_FONTSIZE]
    Original:  .FontSize        = 8
    Corrigido: (removido)

  Linha 1091: [GROUP_FONTNAME]
    Original:  .FontName        = "Comic Sans MS"
    Corrigido: (removido)

  Linha 1092: [GROUP_FONTSIZE]
    Original:  .FontSize        = 8
    Corrigido: (removido)

  Linha 1151: [GROUP_FONTNAME]
    Original:  .FontName        = "Comic Sans MS"
    Corrigido: (removido)

  Linha 1152: [GROUP_FONTSIZE]
    Original:  .FontSize        = 8
    Corrigido: (removido)

  Linha 1211: [GROUP_FONTNAME]
    Original:  .FontName        = "Comic Sans MS"
    Corrigido: (removido)

  Linha 1212: [GROUP_FONTSIZE]
    Original:  .FontSize        = 8
    Corrigido: (removido)

  Linha 340: [REPORT-BTN-FONT-MISSING]
    Original:  Buttons(N) REPORT sem FontName/FontSize
    Corrigido: FontName='Comic Sans MS' + FontSize=8 injetados apos .Caption

  Linha 488: [REPORT-BTN-FONT-MISSING]
    Original:  Buttons(N) REPORT sem FontName/FontSize
    Corrigido: FontName='Comic Sans MS' + FontSize=8 injetados apos .Caption

  Linha 728: [REPORT-BTN-FONT-MISSING]
    Original:  Buttons(N) REPORT sem FontName/FontSize
    Corrigido: FontName='Comic Sans MS' + FontSize=8 injetados apos .Caption

  Linha 789: [REPORT-BTN-FONT-MISSING]
    Original:  Buttons(N) REPORT sem FontName/FontSize
    Corrigido: FontName='Comic Sans MS' + FontSize=8 injetados apos .Caption

  Linha 849: [REPORT-BTN-FONT-MISSING]
    Original:  Buttons(N) REPORT sem FontName/FontSize
    Corrigido: FontName='Comic Sans MS' + FontSize=8 injetados apos .Caption

  Linha 909: [REPORT-BTN-FONT-MISSING]
    Original:  Buttons(N) REPORT sem FontName/FontSize
    Corrigido: FontName='Comic Sans MS' + FontSize=8 injetados apos .Caption

  Linha 969: [REPORT-BTN-FONT-MISSING]
    Original:  Buttons(N) REPORT sem FontName/FontSize
    Corrigido: FontName='Comic Sans MS' + FontSize=8 injetados apos .Caption

  Linha 1029: [REPORT-BTN-FONT-MISSING]
    Original:  Buttons(N) REPORT sem FontName/FontSize
    Corrigido: FontName='Comic Sans MS' + FontSize=8 injetados apos .Caption

  Linha 1089: [REPORT-BTN-FONT-MISSING]
    Original:  Buttons(N) REPORT sem FontName/FontSize
    Corrigido: FontName='Comic Sans MS' + FontSize=8 injetados apos .Caption

  Linha 1149: [REPORT-BTN-FONT-MISSING]
[300/612] FormSIGREIPS.prg                                 3,3s  -> sem correcoes
    Original:  Buttons(N) REPORT sem FontName/FontSize
    Corrigido: FontName='Comic Sans MS' + FontSize=8 injetados apos .Caption

  Linha 1209: [REPORT-BTN-FONT-MISSING]
    Original:  Buttons(N) REPORT sem FontName/FontSize
    Corrigido: FontName='Comic Sans MS' + FontSize=8 injetados apos .Caption


=== CORRECAO CONCLUIDA ===
33 correcao(oes) aplicada(s).
=== CORRETOR AUTOMATICO ===

Arquivo: C:\4c\projeto\app\forms\relatorios\Formsigrepes.prg

Backup criado: C:\4c\projeto\app\forms\relatorios\Formsigrepes.prg.bak
Linhas originais: 7896

Aplicando correcoes...
[301/612] Formsigreinr.prg                                15,2s  -> sem correcoes
  Schema BIT columns carregadas: 202 colunas

Correcoes aplicadas: 3

Detalhes:
  Linha 315: [GROUP_FONTNAME]
    Original:  .FontName        = "Comic Sans MS"
    Corrigido: (removido)

  Linha 316: [GROUP_FONTSIZE]
    Original:  .FontSize        = 8
    Corrigido: (removido)

  Linha 309: [REPORT-BTN-FONT-MISSING]
    Original:  Buttons(N) REPORT sem FontName/FontSize
    Corrigido: FontName='Comic Sans MS' + FontSize=8 injetados apos .Caption


=== CORRECAO CONCLUIDA ===
3 correcao(oes) aplicada(s).
=== CORRETOR AUTOMATICO ===

Arquivo: C:\4c\projeto\app\forms\relatorios\FormSigRePlc.prg

Backup criado: C:\4c\projeto\app\forms\relatorios\FormSigRePlc.prg.bak
Linhas originais: 863

Aplicando correcoes...
[302/612] FormSigReJob.prg                                 3,2s  -> sem correcoes
  Schema BIT columns carregadas: 202 colunas
  Schema BIT columns carregadas: 202 colunas
  Schema BIT columns carregadas: 202 colunas

Correcoes aplicadas: 0


=== CORRECAO CONCLUIDA ===
Nenhuma correcao necessaria.
=== CORRETOR AUTOMATICO ===

Arquivo: C:\4c\projeto\app\forms\relatorios\FormSIGREVIS.prg

Backup criado: C:\4c\projeto\app\forms\relatorios\FormSIGREVIS.prg.bak
Linhas originais: 1503

Aplicando correcoes...
[303/612] FormSigRePlc.prg                                 4,4s  -> sem correcoes

Correcoes aplicadas: 3

Detalhes:
  Linha 181: [GROUP_FONTNAME]
    Original:  .FontName        = "Comic Sans MS"
    Corrigido: (removido)

  Linha 182: [GROUP_FONTSIZE]
    Original:  .FontSize        = 8
    Corrigido: (removido)

  Linha 175: [REPORT-BTN-FONT-MISSING]
    Original:  Buttons(N) REPORT sem FontName/FontSize
    Corrigido: FontName='Comic Sans MS' + FontSize=8 injetados apos .Caption


=== CORRECAO CONCLUIDA ===
3 correcao(oes) aplicada(s).
=== CORRETOR AUTOMATICO ===

Arquivo: C:\4c\projeto\app\forms\relatorios\Formsigrevto.prg

Backup criado: C:\4c\projeto\app\forms\relatorios\Formsigrevto.prg.bak
Linhas originais: 1393

Aplicando correcoes...
[304/612] FormSigReIr1.prg                                11,7s  -> sem correcoes
  Schema BIT columns carregadas: 202 colunas

Correcoes aplicadas: 30

Detalhes:
  Linha 205: [GROUP_FONTNAME]
    Original:  .FontName        = "Comic Sans MS"
    Corrigido: (removido)

  Linha 206: [GROUP_FONTSIZE]
    Original:  .FontSize        = 8
    Corrigido: (removido)

  Linha 825: [GROUP_FONTNAME]
    Original:  .FontName        = "Comic Sans MS"
    Corrigido: (removido)

  Linha 826: [GROUP_FONTSIZE]
    Original:  .FontSize        = 8
    Corrigido: (removido)

  Linha 1338: [GROUP_FONTNAME]
    Original:  .FontName        = "Comic Sans MS"
    Corrigido: (removido)

  Linha 1339: [GROUP_FONTSIZE]
    Original:  .FontSize        = 8
    Corrigido: (removido)

  Linha 1398: [GROUP_FONTNAME]
    Original:  .FontName        = "Comic Sans MS"
    Corrigido: (removido)

  Linha 1399: [GROUP_FONTSIZE]
    Original:  .FontSize        = 8
    Corrigido: (removido)

  Linha 1444: [GROUP_FONTNAME]
    Original:  .FontName        = "Comic Sans MS"
    Corrigido: (removido)

  Linha 1445: [GROUP_FONTSIZE]
    Original:  .FontSize        = 8
    Corrigido: (removido)

  Linha 1606: [GROUP_FONTNAME]
    Original:  .FontName        = "Comic Sans MS"
    Corrigido: (removido)

  Linha 1607: [GROUP_FONTSIZE]
    Original:  .FontSize        = 8
    Corrigido: (removido)

  Linha 1652: [GROUP_FONTNAME]
    Original:  .FontName        = "Comic Sans MS"
    Corrigido: (removido)

  Linha 1653: [GROUP_FONTSIZE]
    Original:  .FontSize        = 8
    Corrigido: (removido)

  Linha 1712: [GROUP_FONTNAME]
    Original:  .FontName        = "Comic Sans MS"
    Corrigido: (removido)

  Linha 1713: [GROUP_FONTSIZE]
    Original:  .FontSize        = 8
    Corrigido: (removido)

  Linha 1772: [GROUP_FONTNAME]
    Original:  .FontName        = "Comic Sans MS"
    Corrigido: (removido)

  Linha 1773: [GROUP_FONTSIZE]
    Original:  .FontSize        = 8
    Corrigido: (removido)

  Linha 1832: [GROUP_FONTNAME]
    Original:  .FontName        = "Comic Sans MS"
    Corrigido: (removido)

  Linha 1833: [GROUP_FONTSIZE]
    Original:  .FontSize        = 8
    Corrigido: (removido)

  Linha 199: [REPORT-BTN-FONT-MISSING]
    Original:  Buttons(N) REPORT sem FontName/FontSize
    Corrigido: FontName='Comic Sans MS' + FontSize=8 injetados apos .Caption

  Linha 823: [REPORT-BTN-FONT-MISSING]
    Original:  Buttons(N) REPORT sem FontName/FontSize
    Corrigido: FontName='Comic Sans MS' + FontSize=8 injetados apos .Caption

  Linha 1336: [REPORT-BTN-FONT-MISSING]
    Original:  Buttons(N) REPORT sem FontName/FontSize
    Corrigido: FontName='Comic Sans MS' + FontSize=8 injetados apos .Caption

  Linha 1396: [REPORT-BTN-FONT-MISSING]
    Original:  Buttons(N) REPORT sem FontName/FontSize
    Corrigido: FontName='Comic Sans MS' + FontSize=8 injetados apos .Caption

  Linha 1442: [REPORT-BTN-FONT-MISSING]
    Original:  Buttons(N) REPORT sem FontName/FontSize
    Corrigido: FontName='Comic Sans MS' + FontSize=8 injetados apos .Caption

  Linha 1604: [REPORT-BTN-FONT-MISSING]
    Original:  Buttons(N) REPORT sem FontName/FontSize
    Corrigido: FontName='Comic Sans MS' + FontSize=8 injetados apos .Caption

  Linha 1650: [REPORT-BTN-FONT-MISSING]
    Original:  Buttons(N) REPORT sem FontName/FontSize
    Corrigido: FontName='Comic Sans MS' + FontSize=8 injetados apos .Caption

  Linha 1710: [REPORT-BTN-FONT-MISSING]
    Original:  Buttons(N) REPORT sem FontName/FontSize
    Corrigido: FontName='Comic Sans MS' + FontSize=8 injetados apos .Caption

  Linha 1770: [REPORT-BTN-FONT-MISSING]
    Original:  Buttons(N) REPORT sem FontName/FontSize
    Corrigido: FontName='Comic Sans MS' + FontSize=8 injetados apos .Caption

  Linha 1830: [REPORT-BTN-FONT-MISSING]
    Original:  Buttons(N) REPORT sem FontName/FontSize
    Corrigido: FontName='Comic Sans MS' + FontSize=8 injetados apos .Caption


=== CORRECAO CONCLUIDA ===
30 correcao(oes) aplicada(s).
=== CORRETOR AUTOMATICO ===

Arquivo: C:\4c\projeto\app\classes\ACEBO.prg

Backup criado: C:\4c\projeto\app\classes\ACEBO.prg.bak
Linhas originais: 378

Aplicando correcoes...
[305/612] Formsigreipe.prg                                23,3s  -> sem correcoes
  Schema BIT columns carregadas: 202 colunas
  Schema BIT columns carregadas: 202 colunas

Correcoes aplicadas: 0


=== CORRECAO CONCLUIDA ===
Nenhuma correcao necessaria.
=== CORRETOR AUTOMATICO ===

Arquivo: C:\4c\projeto\app\classes\AcessoGrupoBO.prg

Backup criado: C:\4c\projeto\app\classes\AcessoGrupoBO.prg.bak
Linhas originais: 408

Aplicando correcoes...
[306/612] ACEBO.prg                                        1,6s  -> sem correcoes

Correcoes aplicadas: 3

Detalhes:
  Linha 217: [GROUP_FONTNAME]
    Original:  .FontName        = "Comic Sans MS"
    Corrigido: (removido)

  Linha 218: [GROUP_FONTSIZE]
    Original:  .FontSize        = 8
    Corrigido: (removido)

  Linha 211: [REPORT-BTN-FONT-MISSING]
    Original:  Buttons(N) REPORT sem FontName/FontSize
    Corrigido: FontName='Comic Sans MS' + FontSize=8 injetados apos .Caption


=== CORRECAO CONCLUIDA ===
3 correcao(oes) aplicada(s).
=== CORRETOR AUTOMATICO ===

Arquivo: C:\4c\projeto\app\classes\acgBO.prg

Backup criado: C:\4c\projeto\app\classes\acgBO.prg.bak
Linhas originais: 740

Aplicando correcoes...
[307/612] FormSIGREVIS.prg                                 9,3s  -> sem correcoes
  Schema BIT columns carregadas: 202 colunas

Correcoes aplicadas: 0


=== CORRECAO CONCLUIDA ===
Nenhuma correcao necessaria.
=== CORRETOR AUTOMATICO ===

Arquivo: C:\4c\projeto\app\classes\ACJBO.prg

Backup criado: C:\4c\projeto\app\classes\ACJBO.prg.bak
Linhas originais: 412

Aplicando correcoes...
[308/612] AcessoGrupoBO.prg                                1,6s  -> sem correcoes

Correcoes aplicadas: 3

Detalhes:
  Linha 191: [GROUP_FONTNAME]
    Original:  .FontName        = "Comic Sans MS"
    Corrigido: (removido)

  Linha 192: [GROUP_FONTSIZE]
    Original:  .FontSize        = 8
    Corrigido: (removido)

  Linha 185: [REPORT-BTN-FONT-MISSING]
    Original:  Buttons(N) REPORT sem FontName/FontSize
    Corrigido: FontName='Comic Sans MS' + FontSize=8 injetados apos .Caption


=== CORRECAO CONCLUIDA ===
3 correcao(oes) aplicada(s).
=== CORRETOR AUTOMATICO ===

Arquivo: C:\4c\projeto\app\classes\acuBO.prg

Backup criado: C:\4c\projeto\app\classes\acuBO.prg.bak
Linhas originais: 846

Aplicando correcoes...
[309/612] Formsigrevto.prg                                 8,1s  -> sem correcoes
  Schema BIT columns carregadas: 202 colunas

Correcoes aplicadas: 0


=== CORRECAO CONCLUIDA ===
Nenhuma correcao necessaria.
=== CORRETOR AUTOMATICO ===

Arquivo: C:\4c\projeto\app\classes\aleBO.prg

Backup criado: C:\4c\projeto\app\classes\aleBO.prg.bak
Linhas originais: 544

Aplicando correcoes...
  Schema BIT columns carregadas: 202 colunas
[310/612] ACJBO.prg                                        1,5s  -> sem correcoes

Correcoes aplicadas: 0


=== CORRECAO CONCLUIDA ===
Nenhuma correcao necessaria.
=== CORRETOR AUTOMATICO ===

Arquivo: C:\4c\projeto\app\classes\AliBO.prg

Backup criado: C:\4c\projeto\app\classes\AliBO.prg.bak
[311/612] acgBO.prg                                        2,9s  -> sem correcoes
Linhas originais: 209

Aplicando correcoes...
  Schema BIT columns carregadas: 202 colunas
  Schema BIT columns carregadas: 202 colunas

Correcoes aplicadas: 0


=== CORRECAO CONCLUIDA ===
Nenhuma correcao necessaria.
=== CORRETOR AUTOMATICO ===

Arquivo: C:\4c\projeto\app\classes\ARVBO.prg

Backup criado: C:\4c\projeto\app\classes\ARVBO.prg.bak
Linhas originais: 226

Aplicando correcoes...
  Schema BIT columns carregadas: 202 colunas
[312/612] AliBO.prg                                        0,9s  -> sem correcoes

Correcoes aplicadas: 0


=== CORRECAO CONCLUIDA ===
Nenhuma correcao necessaria.
=== CORRETOR AUTOMATICO ===

Arquivo: C:\4c\projeto\app\classes\BALBO.prg

Backup criado: C:\4c\projeto\app\classes\BALBO.prg.bak
Linhas originais: 643

Aplicando correcoes...

Correcoes aplicadas: 0


=== CORRECAO CONCLUIDA ===
Nenhuma correcao necessaria.
=== CORRETOR AUTOMATICO ===

Arquivo: C:\4c\projeto\app\classes\BCCBO.prg

Backup criado: C:\4c\projeto\app\classes\BCCBO.prg.bak
Linhas originais: 211

Aplicando correcoes...
[313/612] acuBO.prg                                        3,4s  -> sem correcoes
[314/612] aleBO.prg                                        2,1s  -> sem correcoes
  Schema BIT columns carregadas: 202 colunas

Correcoes aplicadas: 0


=== CORRECAO CONCLUIDA ===
Nenhuma correcao necessaria.
=== CORRETOR AUTOMATICO ===

Arquivo: C:\4c\projeto\app\classes\BchBO.prg

Backup criado: C:\4c\projeto\app\classes\BchBO.prg.bak
Linhas originais: 340

Aplicando correcoes...
[315/612] ARVBO.prg                                        1,0s  -> sem correcoes
  Schema BIT columns carregadas: 202 colunas

Correcoes aplicadas: 0


=== CORRECAO CONCLUIDA ===
Nenhuma correcao necessaria.
=== CORRETOR AUTOMATICO ===

Arquivo: C:\4c\projeto\app\classes\BlqBO.prg

Backup criado: C:\4c\projeto\app\classes\BlqBO.prg.bak
Linhas originais: 241

Aplicando correcoes...
[316/612] BCCBO.prg                                        1,1s  -> sem correcoes
  Schema BIT columns carregadas: 202 colunas

Correcoes aplicadas: 0


=== CORRECAO CONCLUIDA ===
Nenhuma correcao necessaria.
  Schema BIT columns carregadas: 202 colunas
=== CORRETOR AUTOMATICO ===

Arquivo: C:\4c\projeto\app\classes\CADBO.prg

Backup criado: C:\4c\projeto\app\classes\CADBO.prg.bak
Linhas originais: 320

Aplicando correcoes...
[317/612] BchBO.prg                                        1,2s  -> sem correcoes
  Schema BIT columns carregadas: 202 colunas

Correcoes aplicadas: 0


=== CORRECAO CONCLUIDA ===
Nenhuma correcao necessaria.
=== CORRETOR AUTOMATICO ===

Arquivo: C:\4c\projeto\app\classes\CAFBO.prg

Backup criado: C:\4c\projeto\app\classes\CAFBO.prg.bak
Linhas originais: 712

Aplicando correcoes...
[318/612] BlqBO.prg                                        1,0s  -> sem correcoes

Correcoes aplicadas: 0


=== CORRECAO CONCLUIDA ===
Nenhuma correcao necessaria.
=== CORRETOR AUTOMATICO ===

Arquivo: C:\4c\projeto\app\classes\CargoBO.prg

Backup criado: C:\4c\projeto\app\classes\CargoBO.prg.bak
Linhas originais: 554

Aplicando correcoes...
[319/612] BALBO.prg                                        2,4s  -> sem correcoes
  Schema BIT columns carregadas: 202 colunas

Correcoes aplicadas: 0


=== CORRECAO CONCLUIDA ===
Nenhuma correcao necessaria.
=== CORRETOR AUTOMATICO ===

Arquivo: C:\4c\projeto\app\classes\CatBO.prg

[320/612] CADBO.prg                                        1,3s  -> sem correcoes
Backup criado: C:\4c\projeto\app\classes\CatBO.prg.bak
Linhas originais: 210

Aplicando correcoes...
  Schema BIT columns carregadas: 202 colunas
  Schema BIT columns carregadas: 202 colunas
  Schema BIT columns carregadas: 202 colunas

Correcoes aplicadas: 0


=== CORRECAO CONCLUIDA ===
Nenhuma correcao necessaria.
=== CORRETOR AUTOMATICO ===

Arquivo: C:\4c\projeto\app\classes\CCJBO.prg

Backup criado: C:\4c\projeto\app\classes\CCJBO.prg.bak
Linhas originais: 548

Aplicando correcoes...
[321/612] CatBO.prg                                        1,0s  -> sem correcoes

Correcoes aplicadas: 0


=== CORRECAO CONCLUIDA ===
Nenhuma correcao necessaria.
=== CORRETOR AUTOMATICO ===

Arquivo: C:\4c\projeto\app\classes\CcoBO.prg

Backup criado: C:\4c\projeto\app\classes\CcoBO.prg.bak
Linhas originais: 637

Aplicando correcoes...
[322/612] CargoBO.prg                                      2,0s  -> sem correcoes

Correcoes aplicadas: 0


=== CORRECAO CONCLUIDA ===
Nenhuma correcao necessaria.
=== CORRETOR AUTOMATICO ===

Arquivo: C:\4c\projeto\app\classes\ccpBO.prg

Backup criado: C:\4c\projeto\app\classes\ccpBO.prg.bak
Linhas originais: 388

Aplicando correcoes...
[323/612] CAFBO.prg                                        2,4s  -> sem correcoes
  Schema BIT columns carregadas: 202 colunas
  Schema BIT columns carregadas: 202 colunas

Correcoes aplicadas: 0


=== CORRECAO CONCLUIDA ===
Nenhuma correcao necessaria.
=== CORRETOR AUTOMATICO ===

Arquivo: C:\4c\projeto\app\classes\ccrBO.prg

Backup criado: C:\4c\projeto\app\classes\ccrBO.prg.bak

Linhas originais: 745

Correcoes aplicadas: 0

Aplicando correcoes...

=== CORRECAO CONCLUIDA ===
Nenhuma correcao necessaria.
=== CORRETOR AUTOMATICO ===

Arquivo: C:\4c\projeto\app\classes\CecBO.prg

Backup criado: C:\4c\projeto\app\classes\CecBO.prg.bak
Linhas originais: 290

Aplicando correcoes...
  Schema BIT columns carregadas: 202 colunas
[324/612] CCJBO.prg                                        2,0s  -> sem correcoes
[325/612] ccpBO.prg                                        1,5s  -> sem correcoes

Correcoes aplicadas: 0


=== CORRECAO CONCLUIDA ===
Nenhuma correcao necessaria.
=== CORRETOR AUTOMATICO ===

[326/612] CcoBO.prg                                        2,4s  -> sem correcoes
Arquivo: C:\4c\projeto\app\classes\CegBO.prg

Backup criado: C:\4c\projeto\app\classes\CegBO.prg.bak
Linhas originais: 249

Aplicando correcoes...
  Schema BIT columns carregadas: 202 colunas

Correcoes aplicadas: 0


=== CORRECAO CONCLUIDA ===
Nenhuma correcao necessaria.
=== CORRETOR AUTOMATICO ===

Arquivo: C:\4c\projeto\app\classes\CEPBO.prg

Backup criado: C:\4c\projeto\app\classes\CEPBO.prg.bak
Linhas originais: 242

Aplicando correcoes...
[327/612] CecBO.prg                                        1,2s  -> sem correcoes
  Schema BIT columns carregadas: 202 colunas

Correcoes aplicadas: 0


=== CORRECAO CONCLUIDA ===
Nenhuma correcao necessaria.
=== CORRETOR AUTOMATICO ===

Arquivo: C:\4c\projeto\app\classes\CESBO.prg

Backup criado: C:\4c\projeto\app\classes\CESBO.prg.bak
Linhas originais: 266

Aplicando correcoes...
[328/612] CegBO.prg                                        1,1s  -> sem correcoes
  Schema BIT columns carregadas: 202 colunas

Correcoes aplicadas: 0


=== CORRECAO CONCLUIDA ===
Nenhuma correcao necessaria.
=== CORRETOR AUTOMATICO ===

Arquivo: C:\4c\projeto\app\classes\CfbBO.prg

Backup criado: C:\4c\projeto\app\classes\CfbBO.prg.bak
Linhas originais: 460

Aplicando correcoes...
[329/612] CEPBO.prg                                        1,0s  -> sem correcoes
  Schema BIT columns carregadas: 202 colunas
  Schema BIT columns carregadas: 202 colunas

Correcoes aplicadas: 0


=== CORRECAO CONCLUIDA ===
Nenhuma correcao necessaria.
=== CORRETOR AUTOMATICO ===

Arquivo: C:\4c\projeto\app\classes\cfiBO.prg

Backup criado: C:\4c\projeto\app\classes\cfiBO.prg.bak
Linhas originais: 338

Aplicando correcoes...
[330/612] CESBO.prg                                        1,1s  -> sem correcoes

Correcoes aplicadas: 0


=== CORRECAO CONCLUIDA ===
Nenhuma correcao necessaria.
=== CORRETOR AUTOMATICO ===

Arquivo: C:\4c\projeto\app\classes\cfoBO.prg

Backup criado: C:\4c\projeto\app\classes\cfoBO.prg.bak
Linhas originais: 580

Aplicando correcoes...
[331/612] ccrBO.prg                                        3,3s  -> sem correcoes
  Schema BIT columns carregadas: 202 colunas

  Schema BIT columns carregadas: 202 colunas
Correcoes aplicadas: 0


=== CORRECAO CONCLUIDA ===
Nenhuma correcao necessaria.
=== CORRETOR AUTOMATICO ===

Arquivo: C:\4c\projeto\app\classes\cheBO.prg

Backup criado: C:\4c\projeto\app\classes\cheBO.prg.bak
Linhas originais: 351

Aplicando correcoes...
[332/612] CfbBO.prg                                        1,7s  -> sem correcoes

Correcoes aplicadas: 0


=== CORRECAO CONCLUIDA ===
Nenhuma correcao necessaria.
=== CORRETOR AUTOMATICO ===

Arquivo: C:\4c\projeto\app\classes\CHMBO.prg

Backup criado: C:\4c\projeto\app\classes\CHMBO.prg.bak
Linhas originais: 344

Aplicando correcoes...
[333/612] cfiBO.prg                                        1,3s  -> sem correcoes
  Schema BIT columns carregadas: 202 colunas
  Schema BIT columns carregadas: 202 colunas
  Schema BIT columns carregadas: 202 colunas

Correcoes aplicadas: 0


=== CORRECAO CONCLUIDA ===
Nenhuma correcao necessaria.
=== CORRETOR AUTOMATICO ===

Arquivo: C:\4c\projeto\app\classes\ClaBO.prg

Backup criado: C:\4c\projeto\app\classes\ClaBO.prg.bak
Linhas originais: 367

Aplicando correcoes...

[334/612] cheBO.prg                                        1,4s  -> sem correcoes
Correcoes aplicadas: 0


=== CORRECAO CONCLUIDA ===
Nenhuma correcao necessaria.
=== CORRETOR AUTOMATICO ===

Arquivo: C:\4c\projeto\app\classes\CLCBO.prg

Backup criado: C:\4c\projeto\app\classes\CLCBO.prg.bak
Linhas originais: 871

Aplicando correcoes...

Correcoes aplicadas: 0


=== CORRECAO CONCLUIDA ===
Nenhuma correcao necessaria.
=== CORRETOR AUTOMATICO ===

Arquivo: C:\4c\projeto\app\classes\ClfBO.prg

Backup criado: C:\4c\projeto\app\classes\ClfBO.prg.bak
Linhas originais: 535

Aplicando correcoes...
[335/612] cfoBO.prg                                        2,4s  -> sem correcoes
[336/612] CHMBO.prg                                        1,4s  -> sem correcoes
  Schema BIT columns carregadas: 202 colunas

Correcoes aplicadas: 0


=== CORRECAO CONCLUIDA ===
Nenhuma correcao necessaria.
=== CORRETOR AUTOMATICO ===

Arquivo: C:\4c\projeto\app\classes\ClienteBO.prg

Backup criado: C:\4c\projeto\app\classes\ClienteBO.prg.bak
Linhas originais: 1038

Aplicando correcoes...
[337/612] ClaBO.prg                                        1,4s  -> sem correcoes
  Schema BIT columns carregadas: 202 colunas

Correcoes aplicadas: 0


=== CORRECAO CONCLUIDA ===
Nenhuma correcao necessaria.
=== CORRETOR AUTOMATICO ===

Arquivo: C:\4c\projeto\app\classes\cmpBO.prg

Backup criado: C:\4c\projeto\app\classes\cmpBO.prg.bak
Linhas originais: 278

Aplicando correcoes...
[338/612] ClfBO.prg                                        2,1s  -> sem correcoes
  Schema BIT columns carregadas: 202 colunas
  Schema BIT columns carregadas: 202 colunas

Correcoes aplicadas: 0


=== CORRECAO CONCLUIDA ===
Nenhuma correcao necessaria.
=== CORRETOR AUTOMATICO ===

Arquivo: C:\4c\projeto\app\classes\CmrBO.prg

Backup criado: C:\4c\projeto\app\classes\CmrBO.prg.bak
Linhas originais: 258

Aplicando correcoes...
[339/612] cmpBO.prg                                        1,1s  -> sem correcoes

Correcoes aplicadas: 0


=== CORRECAO CONCLUIDA ===
Nenhuma correcao necessaria.
=== CORRETOR AUTOMATICO ===

Arquivo: C:\4c\projeto\app\classes\CNFBO.prg

Backup criado: C:\4c\projeto\app\classes\CNFBO.prg.bak
Linhas originais: 885

Aplicando correcoes...
[340/612] CLCBO.prg                                        4,1s  -> sem correcoes
  Schema BIT columns carregadas: 202 colunas

Correcoes aplicadas: 0


=== CORRECAO CONCLUIDA ===
Nenhuma correcao necessaria.
=== CORRETOR AUTOMATICO ===

Arquivo: C:\4c\projeto\app\classes\cnlBO.prg

Backup criado: C:\4c\projeto\app\classes\cnlBO.prg.bak
[341/612] CmrBO.prg                                        1,3s  -> sem correcoes
Linhas originais: 645

Aplicando correcoes...
  Schema BIT columns carregadas: 202 colunas

Correcoes aplicadas: 0


=== CORRECAO CONCLUIDA ===
Nenhuma correcao necessaria.
=== CORRETOR AUTOMATICO ===

Arquivo: C:\4c\projeto\app\classes\CNQBO.prg

Backup criado: C:\4c\projeto\app\classes\CNQBO.prg.bak
Linhas originais: 297

Aplicando correcoes...
[342/612] ClienteBO.prg                                    5,2s  -> sem correcoes
  Schema BIT columns carregadas: 202 colunas
  Schema BIT columns carregadas: 202 colunas

Correcoes aplicadas: 0


=== CORRECAO CONCLUIDA ===
Nenhuma correcao necessaria.
=== CORRETOR AUTOMATICO ===

Arquivo: C:\4c\projeto\app\classes\COCBO.prg

Backup criado: C:\4c\projeto\app\classes\COCBO.prg.bak
Linhas originais: 340

Aplicando correcoes...
[343/612] cnlBO.prg                                        2,5s  -> sem correcoes
  Schema BIT columns carregadas: 202 colunas

Correcoes aplicadas: 0


=== CORRECAO CONCLUIDA ===
Nenhuma correcao necessaria.
=== CORRETOR AUTOMATICO ===

Arquivo: C:\4c\projeto\app\classes\ColBO.prg

Backup criado: C:\4c\projeto\app\classes\ColBO.prg.bak
[344/612] CNQBO.prg                                        1,2s  -> sem correcoes
Linhas originais: 362

Aplicando correcoes...

Correcoes aplicadas: 0


=== CORRECAO CONCLUIDA ===
Nenhuma correcao necessaria.
=== CORRETOR AUTOMATICO ===

Arquivo: C:\4c\projeto\app\classes\COMBO.prg

Backup criado: C:\4c\projeto\app\classes\COMBO.prg.bak
Linhas originais: 577

Aplicando correcoes...
[345/612] CNFBO.prg                                        3,7s  -> sem correcoes
  Schema BIT columns carregadas: 202 colunas

Correcoes aplicadas: 0


=== CORRECAO CONCLUIDA ===
Nenhuma correcao necessaria.
=== CORRETOR AUTOMATICO ===

Arquivo: C:\4c\projeto\app\classes\CorBO.prg

Backup criado: C:\4c\projeto\app\classes\CorBO.prg.bak
Linhas originais: 340

Aplicando correcoes...
[346/612] COCBO.prg                                        1,4s  -> sem correcoes
  Schema BIT columns carregadas: 202 colunas

Correcoes aplicadas: 0


=== CORRECAO CONCLUIDA ===
Nenhuma correcao necessaria.
=== CORRETOR AUTOMATICO ===

Arquivo: C:\4c\projeto\app\classes\CRCBO.prg

Backup criado: C:\4c\projeto\app\classes\CRCBO.prg.bak
Linhas originais: 374

Aplicando correcoes...
[347/612] ColBO.prg                                        1,4s  -> sem correcoes
  Schema BIT columns carregadas: 202 colunas
  Schema BIT columns carregadas: 202 colunas

Correcoes aplicadas: 0


=== CORRECAO CONCLUIDA ===
Nenhuma correcao necessaria.
=== CORRETOR AUTOMATICO ===

Arquivo: C:\4c\projeto\app\classes\crfBO.prg

Backup criado: C:\4c\projeto\app\classes\crfBO.prg.bak
Linhas originais: 716

Aplicando correcoes...
[348/612] CorBO.prg                                        1,3s  -> sem correcoes

Correcoes aplicadas: 0


=== CORRECAO CONCLUIDA ===
Nenhuma correcao necessaria.
=== CORRETOR AUTOMATICO ===

Arquivo: C:\4c\projeto\app\classes\crpBO.prg

Backup criado: C:\4c\projeto\app\classes\crpBO.prg.bak
Linhas originais: 402

Aplicando correcoes...
[349/612] COMBO.prg                                        2,2s  -> sem correcoes
  Schema BIT columns carregadas: 202 colunas

Correcoes aplicadas: 0


=== CORRECAO CONCLUIDA ===
Nenhuma correcao necessaria.
=== CORRETOR AUTOMATICO ===

Arquivo: C:\4c\projeto\app\classes\CrtBO.prg

Backup criado: C:\4c\projeto\app\classes\CrtBO.prg.bak
Linhas originais: 271

Aplicando correcoes...
[350/612] CRCBO.prg                                        1,4s  -> sem correcoes
  Schema BIT columns carregadas: 202 colunas
  Schema BIT columns carregadas: 202 colunas


Correcoes aplicadas: 0
Correcoes aplicadas: 0




=== CORRECAO CONCLUIDA ===
=== CORRECAO CONCLUIDA ===
Nenhuma correcao necessaria.
Nenhuma correcao necessaria.
=== CORRETOR AUTOMATICO ===
=== CORRETOR AUTOMATICO ===


Arquivo: C:\4c\projeto\app\classes\CsiBO.prg
Arquivo: C:\4c\projeto\app\classes\CstBO.prg


Backup criado: C:\4c\projeto\app\classes\CsiBO.prg.bak
Backup criado: C:\4c\projeto\app\classes\CstBO.prg.bak
Linhas originais: 304

Aplicando correcoes...
Linhas originais: 387

Aplicando correcoes...
[351/612] crpBO.prg                                        1,6s  -> sem correcoes
[352/612] CrtBO.prg                                        1,1s  -> sem correcoes
  Schema BIT columns carregadas: 202 colunas

Correcoes aplicadas: 0


=== CORRECAO CONCLUIDA ===
Nenhuma correcao necessaria.
=== CORRETOR AUTOMATICO ===

Arquivo: C:\4c\projeto\app\classes\CTABO.prg

Backup criado: C:\4c\projeto\app\classes\CTABO.prg.bak
Linhas originais: 1059

Aplicando correcoes...
  Schema BIT columns carregadas: 202 colunas

[353/612] crfBO.prg                                        2,7s  -> sem correcoes
Correcoes aplicadas: 0
  Schema BIT columns carregadas: 202 colunas


=== CORRECAO CONCLUIDA ===
Nenhuma correcao necessaria.
=== CORRETOR AUTOMATICO ===

Arquivo: C:\4c\projeto\app\classes\CtgBO.prg

Backup criado: C:\4c\projeto\app\classes\CtgBO.prg.bak
Linhas originais: 285

Aplicando correcoes...
[354/612] CsiBO.prg                                        1,1s  -> sem correcoes

Correcoes aplicadas: 0


=== CORRECAO CONCLUIDA ===
Nenhuma correcao necessaria.
=== CORRETOR AUTOMATICO ===

Arquivo: C:\4c\projeto\app\classes\CVEBO.prg

Backup criado: C:\4c\projeto\app\classes\CVEBO.prg.bak
Linhas originais: 511

Aplicando correcoes...
[355/612] CstBO.prg                                        1,4s  -> sem correcoes
  Schema BIT columns carregadas: 202 colunas

Correcoes aplicadas: 0


=== CORRECAO CONCLUIDA ===
Nenhuma correcao necessaria.
=== CORRETOR AUTOMATICO ===

Arquivo: C:\4c\projeto\app\classes\CVIBO.prg

Backup criado: C:\4c\projeto\app\classes\CVIBO.prg.bak
Linhas originais: 564

Aplicando correcoes...
[356/612] CtgBO.prg                                        1,1s  -> sem correcoes
  Schema BIT columns carregadas: 202 colunas

Correcoes aplicadas: 0


=== CORRECAO CONCLUIDA ===
Nenhuma correcao necessaria.
=== CORRETOR AUTOMATICO ===

Arquivo: C:\4c\projeto\app\classes\DCCBO.prg

Backup criado: C:\4c\projeto\app\classes\DCCBO.prg.bak
Linhas originais: 344

Aplicando correcoes...
[357/612] CVEBO.prg                                        1,8s  -> sem correcoes
  Schema BIT columns carregadas: 202 colunas

Correcoes aplicadas: 0


=== CORRECAO CONCLUIDA ===
Nenhuma correcao necessaria.
=== CORRETOR AUTOMATICO ===

Arquivo: C:\4c\projeto\app\classes\DepartamentoBO.prg

Backup criado: C:\4c\projeto\app\classes\DepartamentoBO.prg.bak
Linhas originais: 601

Aplicando correcoes...
  Schema BIT columns carregadas: 202 colunas
[358/612] CVIBO.prg                                        2,0s  -> sem correcoes
  Schema BIT columns carregadas: 202 colunas

Correcoes aplicadas: 0


=== CORRECAO CONCLUIDA ===
Nenhuma correcao necessaria.
=== CORRETOR AUTOMATICO ===

Arquivo: C:\4c\projeto\app\classes\DESBO.prg

Backup criado: C:\4c\projeto\app\classes\DESBO.prg.bak
Linhas originais: 356

Aplicando correcoes...
[359/612] DCCBO.prg                                        1,5s  -> sem correcoes

Correcoes aplicadas: 0


=== CORRECAO CONCLUIDA ===
Nenhuma correcao necessaria.
=== CORRETOR AUTOMATICO ===

Arquivo: C:\4c\projeto\app\classes\DICBO.prg

Backup criado: C:\4c\projeto\app\classes\DICBO.prg.bak
Linhas originais: 294

Aplicando correcoes...
  Schema BIT columns carregadas: 202 colunas
[360/612] CTABO.prg                                        4,8s  -> sem correcoes
  Schema BIT columns carregadas: 202 colunas

Correcoes aplicadas: 0


=== CORRECAO CONCLUIDA ===
Nenhuma correcao necessaria.
=== CORRETOR AUTOMATICO ===

Arquivo: C:\4c\projeto\app\classes\dmoBO.prg

Backup criado: C:\4c\projeto\app\classes\dmoBO.prg.bak
Linhas originais: 1309

Aplicando correcoes...
[361/612] DESBO.prg                                        1,3s  -> sem correcoes

Correcoes aplicadas: 0


=== CORRECAO CONCLUIDA ===
Nenhuma correcao necessaria.
=== CORRETOR AUTOMATICO ===

Arquivo: C:\4c\projeto\app\classes\DpiBO.prg

Backup criado: C:\4c\projeto\app\classes\DpiBO.prg.bak
Linhas originais: 242

Aplicando correcoes...
[362/612] DepartamentoBO.prg                               2,3s  -> sem correcoes
  Schema BIT columns carregadas: 202 colunas

Correcoes aplicadas: 0


=== CORRECAO CONCLUIDA ===
Nenhuma correcao necessaria.
=== CORRETOR AUTOMATICO ===

Arquivo: C:\4c\projeto\app\classes\DrsBO.prg

Backup criado: C:\4c\projeto\app\classes\DrsBO.prg.bak
Linhas originais: 698

Aplicando correcoes...
[363/612] DICBO.prg                                        1,2s  -> sem correcoes
  Schema BIT columns carregadas: 202 colunas

Correcoes aplicadas: 0


=== CORRECAO CONCLUIDA ===
Nenhuma correcao necessaria.
=== CORRETOR AUTOMATICO ===

Arquivo: C:\4c\projeto\app\classes\DspBO.prg

Backup criado: C:\4c\projeto\app\classes\DspBO.prg.bak
Linhas originais: 453

Aplicando correcoes...
[364/612] DpiBO.prg                                        1,1s  -> sem correcoes
  Schema BIT columns carregadas: 202 colunas
  Schema BIT columns carregadas: 202 colunas

Correcoes aplicadas: 0


=== CORRECAO CONCLUIDA ===
Nenhuma correcao necessaria.
=== CORRETOR AUTOMATICO ===

Arquivo: C:\4c\projeto\app\classes\DupBO.prg

Backup criado: C:\4c\projeto\app\classes\DupBO.prg.bak
Linhas originais: 414

Aplicando correcoes...
[365/612] DspBO.prg                                        1,7s  -> sem correcoes

Correcoes aplicadas: 0


=== CORRECAO CONCLUIDA ===
Nenhuma correcao necessaria.
=== CORRETOR AUTOMATICO ===

Arquivo: C:\4c\projeto\app\classes\emaBO.prg

Backup criado: C:\4c\projeto\app\classes\emaBO.prg.bak
Linhas originais: 235

Aplicando correcoes...
[366/612] DrsBO.prg                                        2,8s  -> sem correcoes
  Schema BIT columns carregadas: 202 colunas
  Schema BIT columns carregadas: 202 colunas

Correcoes aplicadas: 0


=== CORRECAO CONCLUIDA ===
Nenhuma correcao necessaria.
=== CORRETOR AUTOMATICO ===

Arquivo: C:\4c\projeto\app\classes\EmbBO.prg

Backup criado: C:\4c\projeto\app\classes\EmbBO.prg.bak
Linhas originais: 218

Aplicando correcoes...

[367/612] emaBO.prg                                        0,9s  -> sem correcoes
Correcoes aplicadas: 0


=== CORRECAO CONCLUIDA ===
Nenhuma correcao necessaria.
=== CORRETOR AUTOMATICO ===

Arquivo: C:\4c\projeto\app\classes\EmnBO.prg

Backup criado: C:\4c\projeto\app\classes\EmnBO.prg.bak
Linhas originais: 684

Aplicando correcoes...
[368/612] DupBO.prg                                        1,4s  -> sem correcoes
  Schema BIT columns carregadas: 202 colunas
  Schema BIT columns carregadas: 202 colunas

Correcoes aplicadas: 0


=== CORRECAO CONCLUIDA ===
Nenhuma correcao necessaria.
=== CORRETOR AUTOMATICO ===

Arquivo: C:\4c\projeto\app\classes\empBO.prg

Backup criado: C:\4c\projeto\app\classes\empBO.prg.bak
Linhas originais: 1008

Aplicando correcoes...
[369/612] EmbBO.prg                                        0,9s  -> sem correcoes
  Schema BIT columns carregadas: 202 colunas

Correcoes aplicadas: 0


=== CORRECAO CONCLUIDA ===
Nenhuma correcao necessaria.
=== CORRETOR AUTOMATICO ===

Arquivo: C:\4c\projeto\app\classes\EndBO.prg

Backup criado: C:\4c\projeto\app\classes\EndBO.prg.bak
Linhas originais: 664

Aplicando correcoes...
[370/612] dmoBO.prg                                        6,9s  -> sem correcoes

Correcoes aplicadas: 0


=== CORRECAO CONCLUIDA ===
Nenhuma correcao necessaria.
=== CORRETOR AUTOMATICO ===

Arquivo: C:\4c\projeto\app\classes\ENRBO.prg

Backup criado: C:\4c\projeto\app\classes\ENRBO.prg.bak
Linhas originais: 256

Aplicando correcoes...
[371/612] EmnBO.prg                                        2,5s  -> sem correcoes
  Schema BIT columns carregadas: 202 colunas

Correcoes aplicadas: 0


=== CORRECAO CONCLUIDA ===
Nenhuma correcao necessaria.
=== CORRETOR AUTOMATICO ===

Arquivo: C:\4c\projeto\app\classes\epdBO.prg

Backup criado: C:\4c\projeto\app\classes\epdBO.prg.bak
Linhas originais: 314

Aplicando correcoes...
[372/612] ENRBO.prg                                        0,9s  -> sem correcoes
  Schema BIT columns carregadas: 202 colunas
  Schema BIT columns carregadas: 202 colunas
  Schema BIT columns carregadas: 202 colunas

Correcoes aplicadas: 0


=== CORRECAO CONCLUIDA ===
Nenhuma correcao necessaria.
=== CORRETOR AUTOMATICO ===

Arquivo: C:\4c\projeto\app\classes\EspBO.prg

Backup criado: C:\4c\projeto\app\classes\EspBO.prg.bak
Linhas originais: 329

Aplicando correcoes...

[373/612] EndBO.prg                                        2,3s  -> sem correcoes
Correcoes aplicadas: 0


=== CORRECAO CONCLUIDA ===
Nenhuma correcao necessaria.
=== CORRETOR AUTOMATICO ===

Arquivo: C:\4c\projeto\app\classes\EVEBO.prg

Backup criado: C:\4c\projeto\app\classes\EVEBO.prg.bak
Linhas originais: 367

Aplicando correcoes...
[374/612] epdBO.prg                                        1,1s  -> sem correcoes

Correcoes aplicadas: 0


=== CORRECAO CONCLUIDA ===
Nenhuma correcao necessaria.
=== CORRETOR AUTOMATICO ===

Arquivo: C:\4c\projeto\app\classes\EvtBO.prg

Backup criado: C:\4c\projeto\app\classes\EvtBO.prg.bak
Linhas originais: 299

Aplicando correcoes...
[375/612] empBO.prg                                        4,4s  -> sem correcoes
  Schema BIT columns carregadas: 202 colunas

Correcoes aplicadas: 0


=== CORRECAO CONCLUIDA ===
Nenhuma correcao necessaria.
=== CORRETOR AUTOMATICO ===

Arquivo: C:\4c\projeto\app\classes\FapBO.prg

Backup criado: C:\4c\projeto\app\classes\FapBO.prg.bak
Linhas originais: 480

Aplicando correcoes...
  Schema BIT columns carregadas: 202 colunas
[376/612] EspBO.prg                                        1,3s  -> sem correcoes

Correcoes aplicadas: 0


=== CORRECAO CONCLUIDA ===
Nenhuma correcao necessaria.
=== CORRETOR AUTOMATICO ===

Arquivo: C:\4c\projeto\app\classes\FAPFBO.prg

Backup criado: C:\4c\projeto\app\classes\FAPFBO.prg.bak
Linhas originais: 141

Aplicando correcoes...
  Schema BIT columns carregadas: 202 colunas

[377/612] EVEBO.prg                                        1,5s  -> sem correcoes
Correcoes aplicadas: 0


=== CORRECAO CONCLUIDA ===
Nenhuma correcao necessaria.
=== CORRETOR AUTOMATICO ===

Arquivo: C:\4c\projeto\app\classes\FAPPBO.prg

Backup criado: C:\4c\projeto\app\classes\FAPPBO.prg.bak
Linhas originais: 148

Aplicando correcoes...
[378/612] EvtBO.prg                                        1,2s  -> sem correcoes
  Schema BIT columns carregadas: 202 colunas

Correcoes aplicadas: 0


=== CORRECAO CONCLUIDA ===
Nenhuma correcao necessaria.
=== CORRETOR AUTOMATICO ===

Arquivo: C:\4c\projeto\app\classes\FBIBO.prg

Backup criado: C:\4c\projeto\app\classes\FBIBO.prg.bak
Linhas originais: 867

Aplicando correcoes...
  Schema BIT columns carregadas: 202 colunas
  Schema BIT columns carregadas: 202 colunas
[379/612] FAPFBO.prg                                       0,7s  -> sem correcoes

Correcoes aplicadas: 0


=== CORRECAO CONCLUIDA ===
Nenhuma correcao necessaria.
=== CORRETOR AUTOMATICO ===

Arquivo: C:\4c\projeto\app\classes\FctBO.prg

Backup criado: C:\4c\projeto\app\classes\FctBO.prg.bak
Linhas originais: 908

Aplicando correcoes...

Correcoes aplicadas: 0


[380/612] FAPPBO.prg                                       0,8s  -> sem correcoes
=== CORRECAO CONCLUIDA ===
Nenhuma correcao necessaria.
=== CORRETOR AUTOMATICO ===

Arquivo: C:\4c\projeto\app\classes\FeaBO.prg

Backup criado: C:\4c\projeto\app\classes\FeaBO.prg.bak
Linhas originais: 462

Aplicando correcoes...
[381/612] FapBO.prg                                        1,6s  -> sem correcoes
  Schema BIT columns carregadas: 202 colunas

Correcoes aplicadas: 0


=== CORRECAO CONCLUIDA ===
Nenhuma correcao necessaria.
=== CORRETOR AUTOMATICO ===

Arquivo: C:\4c\projeto\app\classes\FerBO.prg

Backup criado: C:\4c\projeto\app\classes\FerBO.prg.bak
Linhas originais: 30

Aplicando correcoes...
[382/612] FeaBO.prg                                        1,5s  -> sem correcoes
  Schema BIT columns carregadas: 202 colunas

Correcoes aplicadas: 0


=== CORRECAO CONCLUIDA ===
Nenhuma correcao necessaria.
=== CORRETOR AUTOMATICO ===

Arquivo: C:\4c\projeto\app\classes\pgrBO.prg

Backup criado: C:\4c\projeto\app\classes\pgrBO.prg.bak
Linhas originais: 626

Aplicando correcoes...
  Schema BIT columns carregadas: 202 colunas
[383/612] FerBO.prg                                        0,5s  -> sem correcoes
  Schema BIT columns carregadas: 202 colunas

Correcoes aplicadas: 0


=== CORRECAO CONCLUIDA ===
Nenhuma correcao necessaria.
=== CORRETOR AUTOMATICO ===

Arquivo: C:\4c\projeto\app\classes\PlanoContasBO.prg

Backup criado: C:\4c\projeto\app\classes\PlanoContasBO.prg.bak
Linhas originais: 488

Aplicando correcoes...
[384/612] FBIBO.prg                                        3,7s  -> sem correcoes

Correcoes aplicadas: 0


=== CORRECAO CONCLUIDA ===
Nenhuma correcao necessaria.
=== CORRETOR AUTOMATICO ===

Arquivo: C:\4c\projeto\app\classes\ProdutoBO.prg

Backup criado: C:\4c\projeto\app\classes\ProdutoBO.prg.bak
Linhas originais: 2003

Aplicando correcoes...
[385/612] FctBO.prg                                        3,4s  -> sem correcoes
  Schema BIT columns carregadas: 202 colunas

Correcoes aplicadas: 0


=== CORRECAO CONCLUIDA ===
Nenhuma correcao necessaria.
=== CORRETOR AUTOMATICO ===

Arquivo: C:\4c\projeto\app\classes\SigAcCcrBO.prg

Backup criado: C:\4c\projeto\app\classes\SigAcCcrBO.prg.bak
Linhas originais: 326

Aplicando correcoes...
[386/612] PlanoContasBO.prg                                2,9s  -> sem correcoes
  Schema BIT columns carregadas: 202 colunas

Correcoes aplicadas: 0


=== CORRECAO CONCLUIDA ===
Nenhuma correcao necessaria.
=== CORRETOR AUTOMATICO ===

Arquivo: C:\4c\projeto\app\classes\SIGACGCTBO.prg

Backup criado: C:\4c\projeto\app\classes\SIGACGCTBO.prg.bak
Linhas originais: 354

Aplicando correcoes...
  Schema BIT columns carregadas: 202 colunas
[387/612] pgrBO.prg                                        5,1s  -> sem correcoes

Correcoes aplicadas: 0


=== CORRECAO CONCLUIDA ===
Nenhuma correcao necessaria.
=== CORRETOR AUTOMATICO ===

Arquivo: C:\4c\projeto\app\classes\sigatcrpBO.prg

Backup criado: C:\4c\projeto\app\classes\sigatcrpBO.prg.bak
Linhas originais: 44

Aplicando correcoes...
[388/612] SigAcCcrBO.prg                                   1,6s  -> sem correcoes
  Schema BIT columns carregadas: 202 colunas
  Schema BIT columns carregadas: 202 colunas

Correcoes aplicadas: 0


=== CORRECAO CONCLUIDA ===
Nenhuma correcao necessaria.
=== CORRETOR AUTOMATICO ===

Arquivo: C:\4c\projeto\app\classes\SIGBLCTABO.prg

Backup criado: C:\4c\projeto\app\classes\SIGBLCTABO.prg.bak
Linhas originais: 51

Aplicando correcoes...

Correcoes aplicadas: 0

[389/612] sigatcrpBO.prg                                   0,9s  -> sem correcoes

=== CORRECAO CONCLUIDA ===
Nenhuma correcao necessaria.
=== CORRETOR AUTOMATICO ===

Arquivo: C:\4c\projeto\app\classes\SIGMDETQBO.prg

Backup criado: C:\4c\projeto\app\classes\SIGMDETQBO.prg.bak
Linhas originais: 608

Aplicando correcoes...
  Schema BIT columns carregadas: 202 colunas

[390/612] SIGACGCTBO.prg                                   1,7s  -> sem correcoes
Correcoes aplicadas: 0


=== CORRECAO CONCLUIDA ===
Nenhuma correcao necessaria.
=== CORRETOR AUTOMATICO ===

Arquivo: C:\4c\projeto\app\classes\sigmvcabBO.prg

Backup criado: C:\4c\projeto\app\classes\sigmvcabBO.prg.bak
Linhas originais: 660

Aplicando correcoes...
[391/612] SIGBLCTABO.prg                                   0,6s  -> sem correcoes
  Schema BIT columns carregadas: 202 colunas

Correcoes aplicadas: 0


=== CORRECAO CONCLUIDA ===
Nenhuma correcao necessaria.
=== CORRETOR AUTOMATICO ===

Arquivo: C:\4c\projeto\app\classes\sigmvccrBO.prg

Backup criado: C:\4c\projeto\app\classes\sigmvccrBO.prg.bak
Linhas originais: 977

Aplicando correcoes...
[392/612] SIGMDETQBO.prg                                   2,3s  -> sem correcoes
  Schema BIT columns carregadas: 202 colunas

Correcoes aplicadas: 0


=== CORRECAO CONCLUIDA ===
Nenhuma correcao necessaria.
=== CORRETOR AUTOMATICO ===

Arquivo: C:\4c\projeto\app\classes\sigopcgpBO.prg

Backup criado: C:\4c\projeto\app\classes\sigopcgpBO.prg.bak
Linhas originais: 1320

Aplicando correcoes...
[393/612] sigmvcabBO.prg                                   2,7s  -> sem correcoes
  Schema BIT columns carregadas: 202 colunas
  Schema BIT columns carregadas: 202 colunas

Correcoes aplicadas: 0


=== CORRECAO CONCLUIDA ===
Nenhuma correcao necessaria.
=== CORRETOR AUTOMATICO ===

[394/612] sigmvccrBO.prg                                   9,8s  -> sem correcoes
Arquivo: C:\4c\projeto\app\classes\sigopdivBO.prg

Backup criado: C:\4c\projeto\app\classes\sigopdivBO.prg.bak
Linhas originais: 1571

Aplicando correcoes...

Correcoes aplicadas: 0


=== CORRECAO CONCLUIDA ===
Nenhuma correcao necessaria.
=== CORRETOR AUTOMATICO ===

Arquivo: C:\4c\projeto\app\classes\sigopindBO.prg

Backup criado: C:\4c\projeto\app\classes\sigopindBO.prg.bak
Linhas originais: 853

Aplicando correcoes...
[395/612] sigopcgpBO.prg                                  11,3s  -> sem correcoes
  Schema BIT columns carregadas: 202 colunas

Correcoes aplicadas: 0


=== CORRECAO CONCLUIDA ===
Nenhuma correcao necessaria.
=== CORRETOR AUTOMATICO ===

Arquivo: C:\4c\projeto\app\classes\SigPdAcoBO.prg

Backup criado: C:\4c\projeto\app\classes\SigPdAcoBO.prg.bak
Linhas originais: 628

Aplicando correcoes...
[396/612] sigopindBO.prg                                   7,2s  -> sem correcoes
  Schema BIT columns carregadas: 202 colunas
  Schema BIT columns carregadas: 202 colunas

Correcoes aplicadas: 0


=== CORRECAO CONCLUIDA ===
Nenhuma correcao necessaria.
=== CORRETOR AUTOMATICO ===

Arquivo: C:\4c\projeto\app\classes\SigPdM10BO.prg

Backup criado: C:\4c\projeto\app\classes\SigPdM10BO.prg.bak
Linhas originais: 1385

Aplicando correcoes...
[397/612] SigPdAcoBO.prg                                   3,8s  -> sem correcoes
  Schema BIT columns carregadas: 202 colunas

Correcoes aplicadas: 2

Detalhes:
  Linha 1544: [SQL_COLUNA_LEGADA]
    Original:  UsuaAlts (na linha: usuincs, usuaalts, tinsts, diasinas, tents, casas,)
    Corrigido: (WARNING) Usar 'usuaalts' em vez de 'UsuaAlts'

  Linha 1889: [SQL_COLUNA_LEGADA]
    Original:  UsuaAlts (na linha: usuaalts       = <<EscaparSQL(THIS.this_cUsuaalts)>>,)
    Corrigido: (WARNING) Usar 'usuaalts' em vez de 'UsuaAlts'


=== CORRECAO CONCLUIDA ===
2 correcao(oes) aplicada(s).
=== CORRETOR AUTOMATICO ===

Arquivo: C:\4c\projeto\app\classes\SigPdM11BO.prg

Backup criado: C:\4c\projeto\app\classes\SigPdM11BO.prg.bak
Linhas originais: 271

Aplicando correcoes...
[398/612] ProdutoBO.prg                                   36,1s  -> sem correcoes

Correcoes aplicadas: 4

Detalhes:
  Linha 574: [NVL_BIT_FIELD_WARN]
    Original:  IF NVL(cursor_4c_LocalEest.Globalizas, 0) = 1 OR ;
    Corrigido: (revisar manualmente)

  Linha 575: [NVL_BIT_FIELD_WARN]
    Original:  NVL(cursor_4c_LocalEest.Servicos,   0) = 1
    Corrigido: (revisar manualmente)

  Linha 623: [NVL_BIT_FIELD_WARN]
    Original:  (NVL(cursor_4c_LocalNensi.GrComps, 0) = 1)
    Corrigido: (revisar manualmente)

  Linha 1024: [NVL_BIT_FIELD_WARN]
    Original:  IF NVL(Temp_DivOp.QtdEtiqs, 0) = 0 AND NVL(Temp_DivOp.QtdDivs, 0) = 0
    Corrigido: (revisar manualmente)


=== CORRECAO CONCLUIDA ===
4 correcao(oes) aplicada(s).
=== CORRETOR AUTOMATICO ===

Arquivo: C:\4c\projeto\app\classes\SigPdM12BO.prg

Backup criado: C:\4c\projeto\app\classes\SigPdM12BO.prg.bak
Linhas originais: 128

Aplicando correcoes...
[399/612] sigopdivBO.prg                                  18,5s  -> sem correcoes
  Schema BIT columns carregadas: 202 colunas

Correcoes aplicadas: 0


=== CORRECAO CONCLUIDA ===
Nenhuma correcao necessaria.
=== CORRETOR AUTOMATICO ===

Arquivo: C:\4c\projeto\app\classes\SigPdM13BO.prg

Backup criado: C:\4c\projeto\app\classes\SigPdM13BO.prg.bak
Linhas originais: 334

Aplicando correcoes...
  Schema BIT columns carregadas: 202 colunas

Correcoes aplicadas: 0


=== CORRECAO CONCLUIDA ===
Nenhuma correcao necessaria.
=== CORRETOR AUTOMATICO ===

Arquivo: C:\4c\projeto\app\classes\SigPdM14BO.prg

Backup criado: C:\4c\projeto\app\classes\SigPdM14BO.prg.bak
Linhas originais: 419

Aplicando correcoes...
[400/612] SigPdM11BO.prg                                   1,2s  -> sem correcoes
[401/612] SigPdM12BO.prg                                   1,1s  -> sem correcoes
  Schema BIT columns carregadas: 202 colunas

Correcoes aplicadas: 0


  Schema BIT columns carregadas: 202 colunas
=== CORRECAO CONCLUIDA ===
Nenhuma correcao necessaria.
=== CORRETOR AUTOMATICO ===

Arquivo: C:\4c\projeto\app\classes\SigPdMenBO.prg

Backup criado: C:\4c\projeto\app\classes\SigPdMenBO.prg.bak
Linhas originais: 220

Aplicando correcoes...

[402/612] SigPdM13BO.prg                                   2,1s  -> sem correcoes
Correcoes aplicadas: 0


=== CORRECAO CONCLUIDA ===
Nenhuma correcao necessaria.
=== CORRETOR AUTOMATICO ===

Arquivo: C:\4c\projeto\app\classes\SigPdMfaBO.prg

Backup criado: C:\4c\projeto\app\classes\SigPdMfaBO.prg.bak
Linhas originais: 648

Aplicando correcoes...
[403/612] SigPdM14BO.prg                                   2,2s  -> sem correcoes
  Schema BIT columns carregadas: 202 colunas

Correcoes aplicadas: 0


=== CORRECAO CONCLUIDA ===
Nenhuma correcao necessaria.
=== CORRETOR AUTOMATICO ===

Arquivo: C:\4c\projeto\app\classes\SigPdMp1BO.prg

Backup criado: C:\4c\projeto\app\classes\SigPdMp1BO.prg.bak
Linhas originais: 297

Aplicando correcoes...
[404/612] SigPdMenBO.prg                                   1,9s  -> sem correcoes
  Schema BIT columns carregadas: 202 colunas
  Schema BIT columns carregadas: 202 colunas

  Schema BIT columns carregadas: 202 colunas
Correcoes aplicadas: 0


=== CORRECAO CONCLUIDA ===
Nenhuma correcao necessaria.
=== CORRETOR AUTOMATICO ===

Arquivo: C:\4c\projeto\app\classes\sigpdmp2BO.prg

Backup criado: C:\4c\projeto\app\classes\sigpdmp2BO.prg.bak
Linhas originais: 1219

Aplicando correcoes...
[405/612] SigPdMp1BO.prg                                   1,3s  -> sem correcoes

Correcoes aplicadas: 0


=== CORRECAO CONCLUIDA ===
Nenhuma correcao necessaria.
=== CORRETOR AUTOMATICO ===

Arquivo: C:\4c\projeto\app\classes\SigPdMp3BO.prg

Backup criado: C:\4c\projeto\app\classes\SigPdMp3BO.prg.bak
Linhas originais: 528

Aplicando correcoes...
[406/612] SigPdMfaBO.prg                                   3,5s  -> sem correcoes

Correcoes aplicadas: 0


=== CORRECAO CONCLUIDA ===
Nenhuma correcao necessaria.
=== CORRETOR AUTOMATICO ===

Arquivo: C:\4c\projeto\app\classes\SigPdMp4BO.prg

Backup criado: C:\4c\projeto\app\classes\SigPdMp4BO.prg.bak
Linhas originais: 540

Aplicando correcoes...
[407/612] SigPdM10BO.prg                                  12,9s  -> sem correcoes
  Schema BIT columns carregadas: 202 colunas
  Schema BIT columns carregadas: 202 colunas

Correcoes aplicadas: 0


=== CORRECAO CONCLUIDA ===
Nenhuma correcao necessaria.
=== CORRETOR AUTOMATICO ===

Arquivo: C:\4c\projeto\app\classes\SigPdMp5BO.prg

Backup criado: C:\4c\projeto\app\classes\SigPdMp5BO.prg.bak
Linhas originais: 361

Aplicando correcoes...
[408/612] SigPdMp3BO.prg                                   2,3s  -> sem correcoes

Correcoes aplicadas: 0


=== CORRECAO CONCLUIDA ===
Nenhuma correcao necessaria.
=== CORRETOR AUTOMATICO ===

Arquivo: C:\4c\projeto\app\classes\sigpdmp6BO.prg

Backup criado: C:\4c\projeto\app\classes\sigpdmp6BO.prg.bak
Linhas originais: 525

Aplicando correcoes...
[409/612] SigPdMp4BO.prg                                   2,1s  -> sem correcoes
  Schema BIT columns carregadas: 202 colunas
  Schema BIT columns carregadas: 202 colunas

Correcoes aplicadas: 0


=== CORRECAO CONCLUIDA ===
Nenhuma correcao necessaria.
=== CORRETOR AUTOMATICO ===

Arquivo: C:\4c\projeto\app\classes\sigpdmp7BO.prg

Backup criado: C:\4c\projeto\app\classes\sigpdmp7BO.prg.bak
Linhas originais: 522

Aplicando correcoes...
[410/612] SigPdMp5BO.prg                                   1,4s  -> sem correcoes
  Schema BIT columns carregadas: 202 colunas

Correcoes aplicadas: 0


=== CORRECAO CONCLUIDA ===
Nenhuma correcao necessaria.
=== CORRETOR AUTOMATICO ===

Arquivo: C:\4c\projeto\app\classes\SigPdMp8BO.prg

Backup criado: C:\4c\projeto\app\classes\SigPdMp8BO.prg.bak
Linhas originais: 256

Aplicando correcoes...
[411/612] sigpdmp6BO.prg                                   2,1s  -> sem correcoes

Correcoes aplicadas: 1

Detalhes:
  Linha 1179: [NVL_BIT_FIELD_WARN]
    Original:  IF NVL(Qtds, 0) = 0
    Corrigido: (revisar manualmente)


=== CORRECAO CONCLUIDA ===
1 correcao(oes) aplicada(s).
=== CORRETOR AUTOMATICO ===

Arquivo: C:\4c\projeto\app\classes\SigPdMp9BO.prg

Backup criado: C:\4c\projeto\app\classes\SigPdMp9BO.prg.bak
Linhas originais: 854

Aplicando correcoes...
  Schema BIT columns carregadas: 202 colunas
[412/612] sigpdmp2BO.prg                                   5,8s  -> sem correcoes
  Schema BIT columns carregadas: 202 colunas

Correcoes aplicadas: 0


=== CORRECAO CONCLUIDA ===
Nenhuma correcao necessaria.
=== CORRETOR AUTOMATICO ===

Arquivo: C:\4c\projeto\app\classes\SigPdMpfBO.prg

Backup criado: C:\4c\projeto\app\classes\SigPdMpfBO.prg.bak
Linhas originais: 472

Aplicando correcoes...

Correcoes aplicadas: 0


=== CORRECAO CONCLUIDA ===
Nenhuma correcao necessaria.
=== CORRETOR AUTOMATICO ===

Arquivo: C:\4c\projeto\app\classes\SIGPDPNSBO.prg

Backup criado: C:\4c\projeto\app\classes\SIGPDPNSBO.prg.bak
Linhas originais: 327

Aplicando correcoes...
[413/612] sigpdmp7BO.prg                                   2,0s  -> sem correcoes
[414/612] SigPdMp8BO.prg                                   1,0s  -> sem correcoes
  Schema BIT columns carregadas: 202 colunas
  Schema BIT columns carregadas: 202 colunas

Correcoes aplicadas: 0


=== CORRECAO CONCLUIDA ===
Nenhuma correcao necessaria.
=== CORRETOR AUTOMATICO ===

Arquivo: C:\4c\projeto\app\classes\SIGPGCNBBO.prg

Backup criado: C:\4c\projeto\app\classes\SIGPGCNBBO.prg.bak
Linhas originais: 684

[415/612] SIGPDPNSBO.prg                                   1,2s  -> sem correcoes
Aplicando correcoes...

Correcoes aplicadas: 0


=== CORRECAO CONCLUIDA ===
Nenhuma correcao necessaria.
=== CORRETOR AUTOMATICO ===

Arquivo: C:\4c\projeto\app\classes\SIGPRALEBO.prg

Backup criado: C:\4c\projeto\app\classes\SIGPRALEBO.prg.bak
Linhas originais: 142

Aplicando correcoes...
[416/612] SigPdMpfBO.prg                                   1,5s  -> sem correcoes
  Schema BIT columns carregadas: 202 colunas
  Schema BIT columns carregadas: 202 colunas

Correcoes aplicadas: 0


=== CORRECAO CONCLUIDA ===
Nenhuma correcao necessaria.
=== CORRETOR AUTOMATICO ===

Arquivo: C:\4c\projeto\app\classes\SigPrAopBO.prg

Backup criado: C:\4c\projeto\app\classes\SigPrAopBO.prg.bak
Linhas originais: 384

Aplicando correcoes...
[417/612] SIGPRALEBO.prg                                   0,7s  -> sem correcoes

Correcoes aplicadas: 3

Detalhes:
  Linha 626: [NVL_BIT_FIELD_WARN]
    Original:  (USED("crSigCdOpd") AND NVL(crSigCdOpd.ReiNops, 0) = 1)
    Corrigido: (revisar manualmente)

  Linha 667: [NVL_BIT_FIELD_WARN]
    Original:  IF USED("crSigCdOpd") AND NVL(crSigCdOpd.PesoFixs,0) = 1 AND ;
    Corrigido: (revisar manualmente)

  Linha 668: [NVL_BIT_FIELD_WARN]
    Original:  NVL(cursor_4c_PgRateio.Varias,0) = 1
    Corrigido: (revisar manualmente)


=== CORRECAO CONCLUIDA ===
3 correcao(oes) aplicada(s).
=== CORRETOR AUTOMATICO ===

Arquivo: C:\4c\projeto\app\classes\SigPrAprBO.prg

Backup criado: C:\4c\projeto\app\classes\SigPrAprBO.prg.bak
Linhas originais: 1104

Aplicando correcoes...
[418/612] SigPdMp9BO.prg                                   3,5s  -> sem correcoes
  Schema BIT columns carregadas: 202 colunas
  Schema BIT columns carregadas: 202 colunas


Correcoes aplicadas: 0
Correcoes aplicadas: 0




=== CORRECAO CONCLUIDA ===
=== CORRECAO CONCLUIDA ===
Nenhuma correcao necessaria.
Nenhuma correcao necessaria.
=== CORRETOR AUTOMATICO ===
=== CORRETOR AUTOMATICO ===


Arquivo: C:\4c\projeto\app\classes\SigPrCccBO.prg
Arquivo: C:\4c\projeto\app\classes\SigPrCarBO.prg


Backup criado: C:\4c\projeto\app\classes\SigPrCarBO.prg.bak
Backup criado: C:\4c\projeto\app\classes\SigPrCccBO.prg.bak
Linhas originais: 432

Linhas originais: 582

Aplicando correcoes...
Aplicando correcoes...
[419/612] SIGPGCNBBO.prg                                   2,6s  -> sem correcoes
[420/612] SigPrAopBO.prg                                   1,6s  -> sem correcoes
  Schema BIT columns carregadas: 202 colunas
  Schema BIT columns carregadas: 202 colunas

Correcoes aplicadas: 0


=== CORRECAO CONCLUIDA ===
Nenhuma correcao necessaria.
=== CORRETOR AUTOMATICO ===

Arquivo: C:\4c\projeto\app\classes\sigprccpBO.prg

Backup criado: C:\4c\projeto\app\classes\sigprccpBO.prg.bak
Linhas originais: 2093

Aplicando correcoes...
[421/612] SigPrCarBO.prg                                   1,6s  -> sem correcoes
  Schema BIT columns carregadas: 202 colunas

Correcoes aplicadas: 0


=== CORRECAO CONCLUIDA ===
Nenhuma correcao necessaria.
=== CORRETOR AUTOMATICO ===

Arquivo: C:\4c\projeto\app\classes\SIGPRCCRBO.prg

Backup criado: C:\4c\projeto\app\classes\SIGPRCCRBO.prg.bak
BOM UTF-8 detectado e removido!
Linhas originais: 147

Aplicando correcoes...
[422/612] SigPrCccBO.prg                                   2,5s  -> sem correcoes
  Schema BIT columns carregadas: 202 colunas
  Schema BIT columns carregadas: 202 colunas

Correcoes aplicadas: 1

Detalhes:
  Linha 1: [BOM_UTF8]
    Original:  (BOM UTF-8: EF BB BF)
    Corrigido: (removido)


=== CORRECAO CONCLUIDA ===
1 correcao(oes) aplicada(s).
=== CORRETOR AUTOMATICO ===

Arquivo: C:\4c\projeto\app\classes\SigPrCfnBO.prg

Backup criado: C:\4c\projeto\app\classes\SigPrCfnBO.prg.bak
Linhas originais: 464

Aplicando correcoes...
[423/612] SIGPRCCRBO.prg                                   0,9s  -> sem correcoes

Correcoes aplicadas: 0


=== CORRECAO CONCLUIDA ===
Nenhuma correcao necessaria.
=== CORRETOR AUTOMATICO ===

Arquivo: C:\4c\projeto\app\classes\SigPrChrBO.prg

Backup criado: C:\4c\projeto\app\classes\SigPrChrBO.prg.bak
Linhas originais: 1687

Aplicando correcoes...
[424/612] SigPrAprBO.prg                                   5,3s  -> sem correcoes
  Schema BIT columns carregadas: 202 colunas

Correcoes aplicadas: 0


=== CORRECAO CONCLUIDA ===
Nenhuma correcao necessaria.
=== CORRETOR AUTOMATICO ===

Arquivo: C:\4c\projeto\app\classes\SIGPRCICBO.prg

Backup criado: C:\4c\projeto\app\classes\SIGPRCICBO.prg.bak
Linhas originais: 133

Aplicando correcoes...
[425/612] SigPrCfnBO.prg                                   2,0s  -> sem correcoes
  Schema BIT columns carregadas: 202 colunas

Correcoes aplicadas: 0


=== CORRECAO CONCLUIDA ===
Nenhuma correcao necessaria.
=== CORRETOR AUTOMATICO ===

Arquivo: C:\4c\projeto\app\classes\SIGPRCNBBO.prg

Backup criado: C:\4c\projeto\app\classes\SIGPRCNBBO.prg.bak
Linhas originais: 501

Aplicando correcoes...
[426/612] SIGPRCICBO.prg                                   0,9s  -> sem correcoes
  Schema BIT columns carregadas: 202 colunas

Correcoes aplicadas: 0


=== CORRECAO CONCLUIDA ===
Nenhuma correcao necessaria.
=== CORRETOR AUTOMATICO ===

Arquivo: C:\4c\projeto\app\classes\sigprcomBO.prg

Backup criado: C:\4c\projeto\app\classes\sigprcomBO.prg.bak
Linhas originais: 641

Aplicando correcoes...
[427/612] SIGPRCNBBO.prg                                   2,3s  -> sem correcoes
  Schema BIT columns carregadas: 202 colunas

Correcoes aplicadas: 0


=== CORRECAO CONCLUIDA ===
Nenhuma correcao necessaria.
=== CORRETOR AUTOMATICO ===

Arquivo: C:\4c\projeto\app\classes\SIGPRCOTBO.prg

Backup criado: C:\4c\projeto\app\classes\SIGPRCOTBO.prg.bak
Linhas originais: 479

Aplicando correcoes...
[428/612] sigprcomBO.prg                                   2,7s  -> sem correcoes
  Schema BIT columns carregadas: 202 colunas
  Schema BIT columns carregadas: 202 colunas
  Schema BIT columns carregadas: 202 colunas

Correcoes aplicadas: 0


=== CORRECAO CONCLUIDA ===
Nenhuma correcao necessaria.
[429/612] SIGPRCOTBO.prg                                   1,8s  -> sem correcoes
=== CORRETOR AUTOMATICO ===

Arquivo: C:\4c\projeto\app\classes\sigprcpdBO.prg

Backup criado: C:\4c\projeto\app\classes\sigprcpdBO.prg.bak
Linhas originais: 418

Aplicando correcoes...

Correcoes aplicadas: 0


=== CORRECAO CONCLUIDA ===
Nenhuma correcao necessaria.
=== CORRETOR AUTOMATICO ===

Arquivo: C:\4c\projeto\app\classes\SIGPRCPRBO.prg

Backup criado: C:\4c\projeto\app\classes\SIGPRCPRBO.prg.bak
Linhas originais: 938

Aplicando correcoes...
  Schema BIT columns carregadas: 202 colunas
[430/612] SigPrChrBO.prg                                  10,4s  -> sem correcoes

Correcoes aplicadas: 0


=== CORRECAO CONCLUIDA ===
Nenhuma correcao necessaria.
=== CORRETOR AUTOMATICO ===

Arquivo: C:\4c\projeto\app\classes\SigPrCtcBO.prg

Backup criado: C:\4c\projeto\app\classes\SigPrCtcBO.prg.bak
Linhas originais: 395

Aplicando correcoes...
[431/612] sigprcpdBO.prg                                   2,0s  -> sem correcoes
  Schema BIT columns carregadas: 202 colunas

Correcoes aplicadas: 0



=== CORRECAO CONCLUIDA ===
Correcoes aplicadas: 0

Nenhuma correcao necessaria.

=== CORRECAO CONCLUIDA ===
Nenhuma correcao necessaria.
=== CORRETOR AUTOMATICO ===

Arquivo: C:\4c\projeto\app\classes\SigPrCtrBO.prg

Backup criado: C:\4c\projeto\app\classes\SigPrCtrBO.prg.bak
=== CORRETOR AUTOMATICO ===

Arquivo: C:\4c\projeto\app\classes\sigprdftBO.prg
Linhas originais: 516


Aplicando correcoes...
Backup criado: C:\4c\projeto\app\classes\sigprdftBO.prg.bak
Linhas originais: 381

Aplicando correcoes...
[432/612] sigprccpBO.prg                                  15,4s  -> sem correcoes
[433/612] SigPrCtcBO.prg                                   1,8s  -> sem correcoes
  Schema BIT columns carregadas: 202 colunas
  Schema BIT columns carregadas: 202 colunas

  Schema BIT columns carregadas: 202 colunas
Correcoes aplicadas: 0


=== CORRECAO CONCLUIDA ===
Nenhuma correcao necessaria.
=== CORRETOR AUTOMATICO ===

Arquivo: C:\4c\projeto\app\classes\sigprdisBO.prg

Backup criado: C:\4c\projeto\app\classes\sigprdisBO.prg.bak
Linhas originais: 817

Aplicando correcoes...
[434/612] sigprdftBO.prg                                   1,7s  -> sem correcoes

Correcoes aplicadas: 0


=== CORRECAO CONCLUIDA ===
Nenhuma correcao necessaria.
=== CORRETOR AUTOMATICO ===

Arquivo: C:\4c\projeto\app\classes\SigPrDscBO.prg

Backup criado: C:\4c\projeto\app\classes\SigPrDscBO.prg.bak
Linhas originais: 355

[435/612] SigPrCtrBO.prg                                   2,3s  -> sem correcoes
Aplicando correcoes...

Correcoes aplicadas: 0


=== CORRECAO CONCLUIDA ===
Nenhuma correcao necessaria.
=== CORRETOR AUTOMATICO ===

Arquivo: C:\4c\projeto\app\classes\sigpremaBO.prg

Backup criado: C:\4c\projeto\app\classes\sigpremaBO.prg.bak
Linhas originais: 1032

Aplicando correcoes...
[436/612] SIGPRCPRBO.prg                                   4,8s  -> sem correcoes
  Schema BIT columns carregadas: 202 colunas

Correcoes aplicadas: 0


=== CORRECAO CONCLUIDA ===
Nenhuma correcao necessaria.
=== CORRETOR AUTOMATICO ===

Arquivo: C:\4c\projeto\app\classes\SigPrEmlBO.prg

Backup criado: C:\4c\projeto\app\classes\SigPrEmlBO.prg.bak
Linhas originais: 1156

Aplicando correcoes...
[437/612] SigPrDscBO.prg                                   1,5s  -> sem correcoes
  Schema BIT columns carregadas: 202 colunas

Correcoes aplicadas: 0


=== CORRECAO CONCLUIDA ===
Nenhuma correcao necessaria.
=== CORRETOR AUTOMATICO ===

Arquivo: C:\4c\projeto\app\classes\sigprenvBO.prg

Backup criado: C:\4c\projeto\app\classes\sigprenvBO.prg.bak
Linhas originais: 372

Aplicando correcoes...
[438/612] sigprdisBO.prg                                   3,5s  -> sem correcoes
  Schema BIT columns carregadas: 202 colunas
  Schema BIT columns carregadas: 202 colunas

Correcoes aplicadas: 0


=== CORRECAO CONCLUIDA ===
Nenhuma correcao necessaria.
=== CORRETOR AUTOMATICO ===

Arquivo: C:\4c\projeto\app\classes\SigPrEopBO.prg

Backup criado: C:\4c\projeto\app\classes\SigPrEopBO.prg.bak
Linhas originais: 286

Aplicando correcoes...
[439/612] sigprenvBO.prg                                   1,3s  -> sem correcoes

Correcoes aplicadas: 0


=== CORRECAO CONCLUIDA ===
Nenhuma correcao necessaria.
=== CORRETOR AUTOMATICO ===

Arquivo: C:\4c\projeto\app\classes\SigPrEs1BO.prg

Backup criado: C:\4c\projeto\app\classes\SigPrEs1BO.prg.bak
Linhas originais: 507

Aplicando correcoes...
[440/612] sigpremaBO.prg                                   4,9s  -> sem correcoes
  Schema BIT columns carregadas: 202 colunas

Correcoes aplicadas: 0


=== CORRECAO CONCLUIDA ===
Nenhuma correcao necessaria.
=== CORRETOR AUTOMATICO ===

Arquivo: C:\4c\projeto\app\classes\sigpres2BO.prg

Backup criado: C:\4c\projeto\app\classes\sigpres2BO.prg.bak
Linhas originais: 526

Aplicando correcoes...
[441/612] SigPrEopBO.prg                                   1,3s  -> sem correcoes
  Schema BIT columns carregadas: 202 colunas
  Schema BIT columns carregadas: 202 colunas

Correcoes aplicadas: 0


=== CORRECAO CONCLUIDA ===
Nenhuma correcao necessaria.
=== CORRETOR AUTOMATICO ===

Arquivo: C:\4c\projeto\app\classes\SIGPRESTBO.prg

Backup criado: C:\4c\projeto\app\classes\SIGPRESTBO.prg.bak
Linhas originais: 295

Aplicando correcoes...

Correcoes aplicadas: 1

Detalhes:
  Linha 970: [NVL_BIT_FIELD_WARN]
    Original:  THIS.this_cPrioridade = IIF(NVL(priors,0)=1,"URGENTE",IIF(NVL(priors,0)=2,"IMPORTANTE","NORMAL"))
    Corrigido: (revisar manualmente)


=== CORRECAO CONCLUIDA ===
1 correcao(oes) aplicada(s).
[442/612] SigPrEmlBO.prg                                   5,5s  -> sem correcoes
[443/612] SigPrEs1BO.prg                                   1,8s  -> sem correcoes
=== CORRETOR AUTOMATICO ===

Arquivo: C:\4c\projeto\app\classes\SigPrEtqBO.prg

Backup criado: C:\4c\projeto\app\classes\SigPrEtqBO.prg.bak
Linhas originais: 893

Aplicando correcoes...
  Schema BIT columns carregadas: 202 colunas

Correcoes aplicadas: 0


=== CORRECAO CONCLUIDA ===
Nenhuma correcao necessaria.
=== CORRETOR AUTOMATICO ===

Arquivo: C:\4c\projeto\app\classes\SigPrFemBO.prg

Backup criado: C:\4c\projeto\app\classes\SigPrFemBO.prg.bak
Linhas originais: 1866

Aplicando correcoes...
[444/612] sigpres2BO.prg                                   2,0s  -> sem correcoes
  Schema BIT columns carregadas: 202 colunas

Correcoes aplicadas: 0


=== CORRECAO CONCLUIDA ===
Nenhuma correcao necessaria.
=== CORRETOR AUTOMATICO ===

Arquivo: C:\4c\projeto\app\classes\sigprftpBO.prg

Backup criado: C:\4c\projeto\app\classes\sigprftpBO.prg.bak
Linhas originais: 177

Aplicando correcoes...
[445/612] SIGPRESTBO.prg                                   1,3s  -> sem correcoes
  Schema BIT columns carregadas: 202 colunas

Correcoes aplicadas: 0


=== CORRECAO CONCLUIDA ===
Nenhuma correcao necessaria.
=== CORRETOR AUTOMATICO ===

Arquivo: C:\4c\projeto\app\classes\SigPrGf1BO.prg

Backup criado: C:\4c\projeto\app\classes\SigPrGf1BO.prg.bak
Linhas originais: 284

Aplicando correcoes...
[446/612] sigprftpBO.prg                                   1,0s  -> sem correcoes
  Schema BIT columns carregadas: 202 colunas
  Schema BIT columns carregadas: 202 colunas

Correcoes aplicadas: 0


=== CORRECAO CONCLUIDA ===
Nenhuma correcao necessaria.
=== CORRETOR AUTOMATICO ===

Arquivo: C:\4c\projeto\app\classes\SigPrGf2BO.prg

Backup criado: C:\4c\projeto\app\classes\SigPrGf2BO.prg.bak
Linhas originais: 416

Aplicando correcoes...

[447/612] SigPrGf1BO.prg                                   1,3s  -> sem correcoes
Correcoes aplicadas: 0


=== CORRECAO CONCLUIDA ===
Nenhuma correcao necessaria.
=== CORRETOR AUTOMATICO ===

Arquivo: C:\4c\projeto\app\classes\SigPrGl2BO.prg

Backup criado: C:\4c\projeto\app\classes\SigPrGl2BO.prg.bak
Linhas originais: 1076

Aplicando correcoes...
[448/612] SigPrEtqBO.prg                                   3,8s  -> sem correcoes
  Schema BIT columns carregadas: 202 colunas

Correcoes aplicadas: 0


=== CORRECAO CONCLUIDA ===
Nenhuma correcao necessaria.
=== CORRETOR AUTOMATICO ===

Arquivo: C:\4c\projeto\app\classes\SigPrGloBO.prg

Backup criado: C:\4c\projeto\app\classes\SigPrGloBO.prg.bak
Linhas originais: 1389

Aplicando correcoes...
[449/612] SigPrGf2BO.prg                                   1,9s  -> sem correcoes
  Schema BIT columns carregadas: 202 colunas
  Schema BIT columns carregadas: 202 colunas

Correcoes aplicadas: 0


=== CORRECAO CONCLUIDA ===
Nenhuma correcao necessaria.
=== CORRETOR AUTOMATICO ===

Arquivo: C:\4c\projeto\app\classes\SigPrGloTBO.prg

Backup criado: C:\4c\projeto\app\classes\SigPrGloTBO.prg.bak
Linhas originais: 1038

Aplicando correcoes...
[450/612] SigPrGl2BO.prg                                   5,3s  -> sem correcoes

Correcoes aplicadas: 2

Detalhes:
  Linha 1801: [NVL_BIT_FIELD_WARN]
    Original:  (NVL(CrSigCdCli.PagFals, 0) = 1 OR NVL(CrSigCdCli.RecFals, 0) = 1)
    Corrigido: (revisar manualmente)

  Linha 1803: [NVL_BIT_FIELD_WARN]
    Original:  Flag2 WITH (NVL(CrSigCdCli.PagFals, 0) = 1 OR NVL(CrSigCdCli.RecFals, 0) = 1) IN TmpResumo
    Corrigido: (revisar manualmente)


=== CORRECAO CONCLUIDA ===
2 correcao(oes) aplicada(s).
=== CORRETOR AUTOMATICO ===

Arquivo: C:\4c\projeto\app\classes\SigPrGlpBO.prg

Backup criado: C:\4c\projeto\app\classes\SigPrGlpBO.prg.bak
Linhas originais: 1218

Aplicando correcoes...
[451/612] SigPrFemBO.prg                                  11,1s  -> sem correcoes
  Schema BIT columns carregadas: 202 colunas
  Schema BIT columns carregadas: 202 colunas


Correcoes aplicadas: 0


Correcoes aplicadas: 0

=== CORRECAO CONCLUIDA ===

=== CORRECAO CONCLUIDA ===
Nenhuma correcao necessaria.
Nenhuma correcao necessaria.
=== CORRETOR AUTOMATICO ===

=== CORRETOR AUTOMATICO ===

Arquivo: C:\4c\projeto\app\classes\SigPrGlxBO.prg

Arquivo: C:\4c\projeto\app\classes\SigPrGmiBO.prg

Backup criado: C:\4c\projeto\app\classes\SigPrGlxBO.prg.bak
Backup criado: C:\4c\projeto\app\classes\SigPrGmiBO.prg.bak
Linhas originais: 292

Linhas originais: 566
Aplicando correcoes...

Aplicando correcoes...
[452/612] SigPrGloBO.prg                                   9,0s  -> sem correcoes
[453/612] SigPrGloTBO.prg                                  5,4s  -> sem correcoes
  Schema BIT columns carregadas: 202 colunas

Correcoes aplicadas: 0


=== CORRECAO CONCLUIDA ===
Nenhuma correcao necessaria.
=== CORRETOR AUTOMATICO ===

Arquivo: C:\4c\projeto\app\classes\SigPrGstBO.prg

Backup criado: C:\4c\projeto\app\classes\SigPrGstBO.prg.bak
Linhas originais: 547

Aplicando correcoes...
[454/612] SigPrGlxBO.prg                                   1,4s  -> sem correcoes
  Schema BIT columns carregadas: 202 colunas

Correcoes aplicadas: 0
  Schema BIT columns carregadas: 202 colunas


=== CORRECAO CONCLUIDA ===
Nenhuma correcao necessaria.
=== CORRETOR AUTOMATICO ===

Arquivo: C:\4c\projeto\app\classes\SigPrHprBO.prg

Backup criado: C:\4c\projeto\app\classes\SigPrHprBO.prg.bak
Linhas originais: 766

Aplicando correcoes...
[455/612] SigPrGmiBO.prg                                   2,5s  -> sem correcoes
  Schema BIT columns carregadas: 202 colunas

Correcoes aplicadas: 2

Detalhes:
  Linha 394: [NVL_BIT_FIELD_WARN]
    Original:  NVL(CsEstPe.Chksubn, 0) = 1)
    Corrigido: (revisar manualmente)

  Linha 398: [NVL_BIT_FIELD_WARN]
    Original:  NVL(CsEstPe.Chkpagos, 0) = 1)
    Corrigido: (revisar manualmente)


=== CORRECAO CONCLUIDA ===
2 correcao(oes) aplicada(s).
=== CORRETOR AUTOMATICO ===

Arquivo: C:\4c\projeto\app\classes\SigPrIbbBO.prg

Backup criado: C:\4c\projeto\app\classes\SigPrIbbBO.prg.bak
Linhas originais: 650

Aplicando correcoes...

Correcoes aplicadas: 0


=== CORRECAO CONCLUIDA ===
Nenhuma correcao necessaria.
=== CORRETOR AUTOMATICO ===

Arquivo: C:\4c\projeto\app\classes\SIGPRIBLBO.prg

Backup criado: C:\4c\projeto\app\classes\SIGPRIBLBO.prg.bak
BOM UTF-8 detectado e removido!
Linhas originais: 329

Aplicando correcoes...
[456/612] SigPrGlpBO.prg                                   6,9s  -> sem correcoes
[457/612] SigPrGstBO.prg                                   2,6s  -> sem correcoes
  Schema BIT columns carregadas: 202 colunas
  Schema BIT columns carregadas: 202 colunas

Correcoes aplicadas: 1

Detalhes:
  Linha 1: [BOM_UTF8]
    Original:  (BOM UTF-8: EF BB BF)
    Corrigido: (removido)


=== CORRECAO CONCLUIDA ===
1 correcao(oes) aplicada(s).
=== CORRETOR AUTOMATICO ===

Arquivo: C:\4c\projeto\app\classes\sigpricoBO.prg

Backup criado: C:\4c\projeto\app\classes\sigpricoBO.prg.bak
Linhas originais: 101

Aplicando correcoes...
[458/612] SIGPRIBLBO.prg                                   1,5s  -> sem correcoes

Correcoes aplicadas: 0


=== CORRECAO CONCLUIDA ===
Nenhuma correcao necessaria.
=== CORRETOR AUTOMATICO ===

Arquivo: C:\4c\projeto\app\classes\SigPrIctBO.prg

Backup criado: C:\4c\projeto\app\classes\SigPrIctBO.prg.bak
Linhas originais: 1416

Aplicando correcoes...
[459/612] SigPrHprBO.prg                                   3,3s  -> sem correcoes
  Schema BIT columns carregadas: 202 colunas
  Schema BIT columns carregadas: 202 colunas

Correcoes aplicadas: 0


=== CORRECAO CONCLUIDA ===
Nenhuma correcao necessaria.
=== CORRETOR AUTOMATICO ===

[460/612] sigpricoBO.prg                                   0,8s  -> sem correcoes
Arquivo: C:\4c\projeto\app\classes\SIGPRIFFBO.prg

Backup criado: C:\4c\projeto\app\classes\SIGPRIFFBO.prg.bak
Linhas originais: 171

Aplicando correcoes...

Correcoes aplicadas: 0


=== CORRECAO CONCLUIDA ===
Nenhuma correcao necessaria.
[461/612] SigPrIbbBO.prg                                   2,8s  -> sem correcoes
=== CORRETOR AUTOMATICO ===

Arquivo: C:\4c\projeto\app\classes\sigprilaBO.prg

Backup criado: C:\4c\projeto\app\classes\sigprilaBO.prg.bak
Linhas originais: 2315

Aplicando correcoes...
  Schema BIT columns carregadas: 202 colunas

Correcoes aplicadas: 0


=== CORRECAO CONCLUIDA ===
Nenhuma correcao necessaria.
=== CORRETOR AUTOMATICO ===

[462/612] SIGPRIFFBO.prg                                   1,1s  -> sem correcoes
Arquivo: C:\4c\projeto\app\classes\sigprimaBO.prg

Backup criado: C:\4c\projeto\app\classes\sigprimaBO.prg.bak
Linhas originais: 609

Aplicando correcoes...
  Schema BIT columns carregadas: 202 colunas

Correcoes aplicadas: 0


=== CORRECAO CONCLUIDA ===
Nenhuma correcao necessaria.
=== CORRETOR AUTOMATICO ===

Arquivo: C:\4c\projeto\app\classes\SIGPRIMPBO.prg

Backup criado: C:\4c\projeto\app\classes\SIGPRIMPBO.prg.bak
Linhas originais: 709

Aplicando correcoes...
[463/612] sigprimaBO.prg                                   3,3s  -> sem correcoes
  Schema BIT columns carregadas: 202 colunas
  Schema BIT columns carregadas: 202 colunas

Correcoes aplicadas: 0


=== CORRECAO CONCLUIDA ===
Nenhuma correcao necessaria.
=== CORRETOR AUTOMATICO ===

Arquivo: C:\4c\projeto\app\classes\SigPrInsBO.prg

Backup criado: C:\4c\projeto\app\classes\SigPrInsBO.prg.bak
Linhas originais: 232

Aplicando correcoes...
[464/612] SIGPRIMPBO.prg                                   3,5s  -> sem correcoes

Correcoes aplicadas: 0


=== CORRECAO CONCLUIDA ===
Nenhuma correcao necessaria.
=== CORRETOR AUTOMATICO ===

Arquivo: C:\4c\projeto\app\classes\SIGPRINTBO.prg

Backup criado: C:\4c\projeto\app\classes\SIGPRINTBO.prg.bak
Linhas originais: 244

Aplicando correcoes...
[465/612] SigPrIctBO.prg                                   9,2s  -> sem correcoes
  Schema BIT columns carregadas: 202 colunas

Correcoes aplicadas: 0


=== CORRECAO CONCLUIDA ===
Nenhuma correcao necessaria.
=== CORRETOR AUTOMATICO ===

Arquivo: C:\4c\projeto\app\classes\SigPrItbBO.prg

Backup criado: C:\4c\projeto\app\classes\SigPrItbBO.prg.bak
Linhas originais: 510

Aplicando correcoes...
[466/612] SigPrInsBO.prg                                   1,1s  -> sem correcoes
  Schema BIT columns carregadas: 202 colunas

Correcoes aplicadas: 0


=== CORRECAO CONCLUIDA ===
Nenhuma correcao necessaria.
=== CORRETOR AUTOMATICO ===

Arquivo: C:\4c\projeto\app\classes\sigpriteBO.prg

Backup criado: C:\4c\projeto\app\classes\sigpriteBO.prg.bak
Linhas originais: 436

Aplicando correcoes...
[467/612] SIGPRINTBO.prg                                   1,1s  -> sem correcoes
  Schema BIT columns carregadas: 202 colunas
  Schema BIT columns carregadas: 202 colunas

Correcoes aplicadas: 0


=== CORRECAO CONCLUIDA ===
Nenhuma correcao necessaria.
=== CORRETOR AUTOMATICO ===

Arquivo: C:\4c\projeto\app\classes\SIGPRLNCBO.prg

Backup criado: C:\4c\projeto\app\classes\SIGPRLNCBO.prg.bak
Linhas originais: 386

Aplicando correcoes...
[468/612] SigPrItbBO.prg                                   2,0s  -> sem correcoes

Correcoes aplicadas: 0


=== CORRECAO CONCLUIDA ===
Nenhuma correcao necessaria.
=== CORRETOR AUTOMATICO ===

Arquivo: C:\4c\projeto\app\classes\SigPrMdcBO.prg

Backup criado: C:\4c\projeto\app\classes\SigPrMdcBO.prg.bak
Linhas originais: 907

Aplicando correcoes...
[469/612] sigpriteBO.prg                                   1,5s  -> sem correcoes
  Schema BIT columns carregadas: 202 colunas

Correcoes aplicadas: 0



Correcoes aplicadas: 0

=== CORRECAO CONCLUIDA ===

Nenhuma correcao necessaria.
=== CORRECAO CONCLUIDA ===
=== CORRETOR AUTOMATICO ===

Nenhuma correcao necessaria.
Arquivo: C:\4c\projeto\app\classes\sigprmdpBO.prg

=== CORRETOR AUTOMATICO ===

Backup criado: C:\4c\projeto\app\classes\sigprmdpBO.prg.bak
Arquivo: C:\4c\projeto\app\classes\SIGPRMEIBO.prg

Linhas originais: 451

Backup criado: C:\4c\projeto\app\classes\SIGPRMEIBO.prg.bak
Aplicando correcoes...
Linhas originais: 1002

[470/612] Formsigrepes.prg                               178,5s  -> sem correcoes
Aplicando correcoes...
[471/612] SIGPRLNCBO.prg                                   1,6s  -> sem correcoes
  Schema BIT columns carregadas: 202 colunas
  Schema BIT columns carregadas: 202 colunas
  Schema BIT columns carregadas: 202 colunas

Correcoes aplicadas: 0


=== CORRECAO CONCLUIDA ===
Nenhuma correcao necessaria.
=== CORRETOR AUTOMATICO ===

Arquivo: C:\4c\projeto\app\classes\SigPrMluBO.prg

Backup criado: C:\4c\projeto\app\classes\SigPrMluBO.prg.bak
Linhas originais: 462

Aplicando correcoes...
[472/612] sigprmdpBO.prg                                   2,8s  -> sem correcoes

Correcoes aplicadas: 0


=== CORRECAO CONCLUIDA ===
Nenhuma correcao necessaria.
=== CORRETOR AUTOMATICO ===

Arquivo: C:\4c\projeto\app\classes\sigprnfeBO.prg

Backup criado: C:\4c\projeto\app\classes\sigprnfeBO.prg.bak
Linhas originais: 1509

Aplicando correcoes...
[473/612] SigPrMdcBO.prg                                   4,6s  -> sem correcoes
  Schema BIT columns carregadas: 202 colunas

Correcoes aplicadas: 0


=== CORRECAO CONCLUIDA ===
Nenhuma correcao necessaria.
=== CORRETOR AUTOMATICO ===

Arquivo: C:\4c\projeto\app\classes\SIGPRNSEBO.prg

Backup criado: C:\4c\projeto\app\classes\SIGPRNSEBO.prg.bak
Linhas originais: 1144

Aplicando correcoes...
[474/612] SigPrMluBO.prg                                   2,0s  -> sem correcoes
  Schema BIT columns carregadas: 202 colunas

Correcoes aplicadas: 7

Detalhes:
  Linha 681: [NVL_BIT_FIELD_WARN]
    Original:  IF !EOF("crSigCdGrp") AND NVL(crSigCdGrp.AtuPreTam, 0) = 1
    Corrigido: (revisar manualmente)

  Linha 866: [NVL_BIT_FIELD_WARN]
    Original:  IF NVL(crSigCdPro.ForaLinha, 0) = 1
    Corrigido: (revisar manualmente)

  Linha 1176: [NVL_BIT_FIELD_WARN]
    Original:  loc_cOpers   = IIF(NVL(crSigCdOpe.Opers, 0) = 1, "E", "S")
    Corrigido: (revisar manualmente)

  Linha 1285: [NVL_BIT_FIELD_WARN]
    Original:  IF NVL(crSigCdPro.ForaLinha, 0) = 1
    Corrigido: (revisar manualmente)

  Linha 1655: [NVL_BIT_FIELD_WARN]
    Original:  loc_cOpers      = IIF(NVL(crSigCdOpe.Opers, 0) = 1, "E", "S")
    Corrigido: (revisar manualmente)

  Linha 2193: [NVL_BIT_FIELD_WARN]
    Original:  IF NVL(crSigCdGcr2.LimCres, 0) = 1
    Corrigido: (revisar manualmente)

  Linha 2286: [NVL_BIT_FIELD_WARN]
    Original:  IF NVL(TmpCot.Valos, 0) = 0
    Corrigido: (revisar manualmente)


=== CORRECAO CONCLUIDA ===
7 correcao(oes) aplicada(s).
=== CORRETOR AUTOMATICO ===

Arquivo: C:\4c\projeto\app\classes\sigproefBO.prg

Backup criado: C:\4c\projeto\app\classes\sigproefBO.prg.bak
Linhas originais: 556

Aplicando correcoes...
[475/612] sigprilaBO.prg                                  18,1s  -> sem correcoes

Correcoes aplicadas: 1

Detalhes:
  Linha 634: [NVL_BIT_FIELD_WARN]
    Original:  IF NVL(cursor_4c_CliExiste.nExiste, 0) = 0
    Corrigido: (revisar manualmente)


=== CORRECAO CONCLUIDA ===
1 correcao(oes) aplicada(s).
[476/612] SIGPRMEIBO.prg                                   6,4s  -> sem correcoes
=== CORRETOR AUTOMATICO ===

Arquivo: C:\4c\projeto\app\classes\sigproerBO.prg

Backup criado: C:\4c\projeto\app\classes\sigproerBO.prg.bak
Linhas originais: 573

Aplicando correcoes...
  Schema BIT columns carregadas: 202 colunas

Correcoes aplicadas: 0


=== CORRECAO CONCLUIDA ===
Nenhuma correcao necessaria.
=== CORRETOR AUTOMATICO ===

Arquivo: C:\4c\projeto\app\classes\SigPrPcpBO.prg

Backup criado: C:\4c\projeto\app\classes\SigPrPcpBO.prg.bak
Linhas originais: 487

Aplicando correcoes...
[477/612] sigproefBO.prg                                   2,0s  -> sem correcoes
  Schema BIT columns carregadas: 202 colunas

Correcoes aplicadas: 0


=== CORRECAO CONCLUIDA ===
Nenhuma correcao necessaria.
=== CORRETOR AUTOMATICO ===

Arquivo: C:\4c\projeto\app\classes\sigprpdfBO.prg

Backup criado: C:\4c\projeto\app\classes\sigprpdfBO.prg.bak
Linhas originais: 298

Aplicando correcoes...
  Schema BIT columns carregadas: 202 colunas
[478/612] sigproerBO.prg                                   2,2s  -> sem correcoes
  Schema BIT columns carregadas: 202 colunas
  Schema BIT columns carregadas: 202 colunas
  Schema BIT columns carregadas: 202 colunas


Correcoes aplicadas: 0

Correcoes aplicadas: 4


Detalhes:
=== CORRECAO CONCLUIDA ===
  Linha 234: [NVL_BIT_FIELD_WARN]
Nenhuma correcao necessaria.
    Original:  NVL(cursor_4c_SigCdOpd.ChkDests, 0) = 1)
    Corrigido: (revisar manualmente)

  Linha 273: [NVL_BIT_FIELD_WARN]
    Original:  IF NVL(cursor_4c_TmpOpi.Globalizas, 0) = 1 OR ;
    Corrigido: (revisar manualmente)

  Linha 274: [NVL_BIT_FIELD_WARN]
    Original:  NVL(cursor_4c_TmpOpi.Servicos, 0) = 1
    Corrigido: (revisar manualmente)

  Linha 410: [NVL_BIT_FIELD_WARN]
    Original:  IF NVL(Priors, 0) = 0 AND NVL(aPriors, 0) = 0
    Corrigido: (revisar manualmente)
=== CORRETOR AUTOMATICO ===



Arquivo: C:\4c\projeto\app\classes\SigPrPpcBO.prg
=== CORRECAO CONCLUIDA ===

4 correcao(oes) aplicada(s).
Backup criado: C:\4c\projeto\app\classes\SigPrPpcBO.prg.bak
Linhas originais: 362

Aplicando correcoes...
=== CORRETOR AUTOMATICO ===

[479/612] SigPrPcpBO.prg                                   2,0s  -> sem correcoes
Arquivo: C:\4c\projeto\app\classes\SIGPRPPPBO.prg

[480/612] sigprpdfBO.prg                                   1,2s  -> sem correcoes
Backup criado: C:\4c\projeto\app\classes\SIGPRPPPBO.prg.bak
Linhas originais: 324

Aplicando correcoes...

Correcoes aplicadas: 7

Detalhes:
  Linha 691: [NVL_BIT_FIELD_WARN]
    Original:  loc_lnAlq = IIF(NVL(LocalNfS.TotProds, 0) = 0, 0, ;
    Corrigido: (revisar manualmente)

  Linha 705: [NVL_BIT_FIELD_WARN]
    Original:  loc_lcRtd = IIF(NVL(LocalNfS.ISSRetidos, 0) = 1, "1", "0")
    Corrigido: (revisar manualmente)

  Linha 811: [NVL_BIT_FIELD_WARN]
    Original:  loc_lnAlq = IIF(NVL(LocalNfE.TotProds, 0) = 0, 0, ;
    Corrigido: (revisar manualmente)

  Linha 817: [NVL_BIT_FIELD_WARN]
    Original:  loc_lcRtd = IIF(NVL(LocalNfE.ISSRetidos, 0) = 1, "1", "0")
    Corrigido: (revisar manualmente)

  Linha 1002: [NVL_BIT_FIELD_WARN]
    Original:  CASE NVL(LocalNfS.TpTribSers, 0) = 1
    Corrigido: (revisar manualmente)

  Linha 1023: [NVL_BIT_FIELD_WARN]
    Original:  loc_lnAlq = IIF(NVL(LocalNfS.TotProds, 0) = 0, 0, ;
    Corrigido: (revisar manualmente)

  Linha 1026: [NVL_BIT_FIELD_WARN]
    Original:  loc_lcRtd = PADR(IIF(NVL(LocalNfS.ISSRetidos, 0) = 1, "2", "1"), 1)
    Corrigido: (revisar manualmente)


=== CORRECAO CONCLUIDA ===
7 correcao(oes) aplicada(s).
=== CORRETOR AUTOMATICO ===

Arquivo: C:\4c\projeto\app\classes\sigprpreBO.prg

Backup criado: C:\4c\projeto\app\classes\sigprpreBO.prg.bak
Linhas originais: 284

Aplicando correcoes...
[481/612] SIGPRNSEBO.prg                                   5,6s  -> sem correcoes
  Schema BIT columns carregadas: 202 colunas
  Schema BIT columns carregadas: 202 colunas

Correcoes aplicadas: 0


=== CORRECAO CONCLUIDA ===
Nenhuma correcao necessaria.

=== CORRETOR AUTOMATICO ===

Correcoes aplicadas: 0
Arquivo: C:\4c\projeto\app\classes\SIGPRPROBO.prg



=== CORRECAO CONCLUIDA ===
Nenhuma correcao necessaria.
Backup criado: C:\4c\projeto\app\classes\SIGPRPROBO.prg.bak
Linhas originais: 280

Aplicando correcoes...
=== CORRETOR AUTOMATICO ===

Arquivo: C:\4c\projeto\app\classes\sigprrcuBO.prg

Backup criado: C:\4c\projeto\app\classes\sigprrcuBO.prg.bak
Linhas originais: 270

Aplicando correcoes...

Correcoes aplicadas: 0


=== CORRECAO CONCLUIDA ===
Nenhuma correcao necessaria.
=== CORRETOR AUTOMATICO ===

Arquivo: C:\4c\projeto\app\classes\SigPrRetBO.prg

Backup criado: C:\4c\projeto\app\classes\SigPrRetBO.prg.bak
Linhas originais: 320

Aplicando correcoes...
  Schema BIT columns carregadas: 202 colunas
[482/612] sigprnfeBO.prg                                   8,0s  -> sem correcoes
[483/612] SigPrPpcBO.prg                                   1,3s  -> sem correcoes

[484/612] SIGPRPPPBO.prg                                   1,3s  -> sem correcoes
Correcoes aplicadas: 0


=== CORRECAO CONCLUIDA ===
Nenhuma correcao necessaria.
=== CORRETOR AUTOMATICO ===

Arquivo: C:\4c\projeto\app\classes\SigPrRsaBO.prg

Backup criado: C:\4c\projeto\app\classes\SigPrRsaBO.prg.bak
Linhas originais: 394

Aplicando correcoes...
[485/612] sigprpreBO.prg                                   1,2s  -> sem correcoes
  Schema BIT columns carregadas: 202 colunas
  Schema BIT columns carregadas: 202 colunas
  Schema BIT columns carregadas: 202 colunas


Correcoes aplicadas: 0
Correcoes aplicadas: 0




=== CORRECAO CONCLUIDA ===
=== CORRECAO CONCLUIDA ===
Nenhuma correcao necessaria.
Nenhuma correcao necessaria.
=== CORRETOR AUTOMATICO ===
=== CORRETOR AUTOMATICO ===


Arquivo: C:\4c\projeto\app\classes\SigPrRssBO.prg
Arquivo: C:\4c\projeto\app\classes\SigPrScnBO.prg


Backup criado: C:\4c\projeto\app\classes\SigPrRssBO.prg.bak
Backup criado: C:\4c\projeto\app\classes\SigPrScnBO.prg.bak
Linhas originais: 341

Linhas originais: 298

Aplicando correcoes...
Aplicando correcoes...

Correcoes aplicadas: 0


=== CORRECAO CONCLUIDA ===
Nenhuma correcao necessaria.
=== CORRETOR AUTOMATICO ===

Arquivo: C:\4c\projeto\app\classes\SigPrSddBO.prg

Backup criado: C:\4c\projeto\app\classes\SigPrSddBO.prg.bak
Linhas originais: 391

Aplicando correcoes...
[486/612] SIGPRPROBO.prg                                   1,1s  -> sem correcoes
[487/612] sigprrcuBO.prg                                   1,1s  -> sem correcoes
  Schema BIT columns carregadas: 202 colunas
[488/612] SigPrRetBO.prg                                   1,1s  -> sem correcoes

Correcoes aplicadas: 0


=== CORRECAO CONCLUIDA ===
Nenhuma correcao necessaria.
=== CORRETOR AUTOMATICO ===

Arquivo: C:\4c\projeto\app\classes\sigprsenBO.prg

Backup criado: C:\4c\projeto\app\classes\sigprsenBO.prg.bak
Linhas originais: 275

Aplicando correcoes...
  Schema BIT columns carregadas: 202 colunas
[489/612] SigPrRsaBO.prg                                   1,4s  -> sem correcoes
  Schema BIT columns carregadas: 202 colunas

Correcoes aplicadas: 0


=== CORRECAO CONCLUIDA ===
Nenhuma correcao necessaria.
=== CORRETOR AUTOMATICO ===

Arquivo: C:\4c\projeto\app\classes\SigPrSerBO.prg

Backup criado: C:\4c\projeto\app\classes\SigPrSerBO.prg.bak
Linhas originais: 414

Aplicando correcoes...

Correcoes aplicadas: 0


=== CORRECAO CONCLUIDA ===
Nenhuma correcao necessaria.
=== CORRETOR AUTOMATICO ===

Arquivo: C:\4c\projeto\app\classes\SigPrSlpBO.prg

Backup criado: C:\4c\projeto\app\classes\SigPrSlpBO.prg.bak
[490/612] SigPrRssBO.prg                                   1,2s  -> sem correcoes
Linhas originais: 394

[491/612] SigPrScnBO.prg                                   1,0s  -> sem correcoes
  Schema BIT columns carregadas: 202 colunas
Aplicando correcoes...

Correcoes aplicadas: 0


=== CORRECAO CONCLUIDA ===
Nenhuma correcao necessaria.
=== CORRETOR AUTOMATICO ===

Arquivo: C:\4c\projeto\app\classes\SigPrSndBO.prg

Backup criado: C:\4c\projeto\app\classes\SigPrSndBO.prg.bak
Linhas originais: 340

Aplicando correcoes...
  Schema BIT columns carregadas: 202 colunas

Correcoes aplicadas: 0


=== CORRECAO CONCLUIDA ===
Nenhuma correcao necessaria.
[492/612] SigPrSddBO.prg                                   1,4s  -> sem correcoes
=== CORRETOR AUTOMATICO ===

[493/612] sigprsenBO.prg                                   1,0s  -> sem correcoes
Arquivo: C:\4c\projeto\app\classes\SIGPRSTFBO.prg

Backup criado: C:\4c\projeto\app\classes\SIGPRSTFBO.prg.bak
Linhas originais: 102

Aplicando correcoes...
  Schema BIT columns carregadas: 202 colunas
  Schema BIT columns carregadas: 202 colunas
  Schema BIT columns carregadas: 202 colunas

Correcoes aplicadas: 0


=== CORRECAO CONCLUIDA ===
Nenhuma correcao necessaria.
=== CORRETOR AUTOMATICO ===

Arquivo: C:\4c\projeto\app\classes\sigprtamBO.prg

Backup criado: C:\4c\projeto\app\classes\sigprtamBO.prg.bak
Linhas originais: 476

Aplicando correcoes...

Correcoes aplicadas: 0


=== CORRECAO CONCLUIDA ===
Nenhuma correcao necessaria.
=== CORRETOR AUTOMATICO ===

Arquivo: C:\4c\projeto\app\classes\SigPrTarBO.prg

Backup criado: C:\4c\projeto\app\classes\SigPrTarBO.prg.bak
Linhas originais: 105
  Schema BIT columns carregadas: 202 colunas

Aplicando correcoes...
[494/612] SigPrSerBO.prg                                   1,5s  -> sem correcoes

Correcoes aplicadas: 0


[495/612] SIGPRSTFBO.prg                                   0,8s  -> sem correcoes
=== CORRECAO CONCLUIDA ===
Nenhuma correcao necessaria.
=== CORRETOR AUTOMATICO ===

Arquivo: C:\4c\projeto\app\classes\sigprtefBO.prg

Backup criado: C:\4c\projeto\app\classes\sigprtefBO.prg.bak
Linhas originais: 313

Aplicando correcoes...

Correcoes aplicadas: 0


=== CORRECAO CONCLUIDA ===
Nenhuma correcao necessaria.
=== CORRETOR AUTOMATICO ===

Arquivo: C:\4c\projeto\app\classes\SIGPRTFHBO.prg

Backup criado: C:\4c\projeto\app\classes\SIGPRTFHBO.prg.bak
Linhas originais: 938

Aplicando correcoes...
[496/612] SigPrSlpBO.prg                                   1,6s  -> sem correcoes
[497/612] SigPrSndBO.prg                                   1,3s  -> sem correcoes
  Schema BIT columns carregadas: 202 colunas

Correcoes aplicadas: 0


=== CORRECAO CONCLUIDA ===
Nenhuma correcao necessaria.
=== CORRETOR AUTOMATICO ===

Arquivo: C:\4c\projeto\app\classes\SIGPRTRFBO.prg

Backup criado: C:\4c\projeto\app\classes\SIGPRTRFBO.prg.bak
Linhas originais: 173

Aplicando correcoes...
[498/612] SigPrTarBO.prg                                   0,7s  -> sem correcoes
  Schema BIT columns carregadas: 202 colunas
  Schema BIT columns carregadas: 202 colunas

Correcoes aplicadas: 0


=== CORRECAO CONCLUIDA ===
Nenhuma correcao necessaria.
=== CORRETOR AUTOMATICO ===

Arquivo: C:\4c\projeto\app\classes\SIGPRVTXBO.prg

Backup criado: C:\4c\projeto\app\classes\SIGPRVTXBO.prg.bak
Linhas originais: 323

Aplicando correcoes...
  Schema BIT columns carregadas: 202 colunas

Correcoes aplicadas: 0


=== CORRECAO CONCLUIDA ===
Nenhuma correcao necessaria.
=== CORRETOR AUTOMATICO ===

Arquivo: C:\4c\projeto\app\classes\SigReAacBO.prg

Backup criado: C:\4c\projeto\app\classes\SigReAacBO.prg.bak
Linhas originais: 495

Aplicando correcoes...

Correcoes aplicadas: 0


=== CORRECAO CONCLUIDA ===
Nenhuma correcao necessaria.
[499/612] sigprtamBO.prg                                   1,6s  -> sem correcoes
=== CORRETOR AUTOMATICO ===

[500/612] sigprtefBO.prg                                   1,2s  -> sem correcoes
Arquivo: C:\4c\projeto\app\classes\SIGREADSBO.prg

[501/612] SIGPRTRFBO.prg                                   0,8s  -> sem correcoes
Backup criado: C:\4c\projeto\app\classes\SIGREADSBO.prg.bak
Linhas originais: 1082

Aplicando correcoes...
  Schema BIT columns carregadas: 202 colunas

Correcoes aplicadas: 0


=== CORRECAO CONCLUIDA ===
Nenhuma correcao necessaria.
=== CORRETOR AUTOMATICO ===

Arquivo: C:\4c\projeto\app\classes\SIGREAEGBO.prg

Backup criado: C:\4c\projeto\app\classes\SIGREAEGBO.prg.bak
Linhas originais: 1479

Aplicando correcoes...
[502/612] SIGPRVTXBO.prg                                   1,4s  -> sem correcoes
  Schema BIT columns carregadas: 202 colunas
  Schema BIT columns carregadas: 202 colunas

Correcoes aplicadas: 0


=== CORRECAO CONCLUIDA ===
Nenhuma correcao necessaria.
=== CORRETOR AUTOMATICO ===

Arquivo: C:\4c\projeto\app\classes\SIGREAGVBO.prg

Backup criado: C:\4c\projeto\app\classes\SIGREAGVBO.prg.bak
Linhas originais: 606

Aplicando correcoes...
[503/612] SigReAacBO.prg                                   2,3s  -> sem correcoes

Correcoes aplicadas: 0


=== CORRECAO CONCLUIDA ===
Nenhuma correcao necessaria.
=== CORRETOR AUTOMATICO ===

Arquivo: C:\4c\projeto\app\classes\SigReAivBO.prg

Backup criado: C:\4c\projeto\app\classes\SigReAivBO.prg.bak
Linhas originais: 338

Aplicando correcoes...
[504/612] SIGPRTFHBO.prg                                   4,4s  -> sem correcoes
  Schema BIT columns carregadas: 202 colunas
  Schema BIT columns carregadas: 202 colunas
  Schema BIT columns carregadas: 202 colunas

Correcoes aplicadas: 0


=== CORRECAO CONCLUIDA ===
Nenhuma correcao necessaria.
=== CORRETOR AUTOMATICO ===

Arquivo: C:\4c\projeto\app\classes\sigreaniBO.prg

Backup criado: C:\4c\projeto\app\classes\sigreaniBO.prg.bak
Linhas originais: 438

Aplicando correcoes...
[505/612] SigReAivBO.prg                                   1,3s  -> sem correcoes
[Pattern #143] Linha 289: INDEX ON com 3 componentes (TAG Colecoes) - REVISAR (risco Invalid key length sob COLLATE GENERAL)

Correcoes aplicadas: 3

Detalhes:
  Linha 192: [SQL_COLUNA_LEGADA]
    Original:  DataAlts (na linha: loc_lcQuery = "SELECT Moevs, MIN(DataAlts) AS DataAlts " + ;)
    Corrigido: (WARNING) Usar 'dtalts' em vez de 'DataAlts'

  Linha 197: [SQL_COLUNA_LEGADA]
    Original:  DataAlts (na linha: "ORDER BY DataAlts, Moevs")
    Corrigido: (WARNING) Usar 'dtalts' em vez de 'DataAlts'

  Linha 289: [WARN-INDEX-ON-COLLATE-GENERAL]
    Original:  INDEX ON Colecoes + DTOS(DtIncs) + Ordem TAG Colecoes
    Corrigido: (REVISAR MANUAL) SELECT-SQL com ORDER BY em vez de INDEX ON


=== CORRECAO CONCLUIDA ===
3 correcao(oes) aplicada(s).
=== CORRETOR AUTOMATICO ===

Arquivo: C:\4c\projeto\app\classes\sigreanrBO.prg

Backup criado: C:\4c\projeto\app\classes\sigreanrBO.prg.bak
Linhas originais: 674

Aplicando correcoes...
[506/612] SIGREAGVBO.prg                                   2,6s  -> sem correcoes
[Pattern #143] Linha 512: INDEX ON com 3 componentes (TAG EmpDopNum) - REVISAR (risco Invalid key length sob COLLATE GENERAL)
[Pattern #143] Linha 513: INDEX ON com 5 componentes (TAG VdDpNmTp) - REVISAR (risco Invalid key length sob COLLATE GENERAL)
[Pattern #143] Linha 584: INDEX ON com 3 componentes (TAG EmpDopNum) - REVISAR (risco Invalid key length sob COLLATE GENERAL)
[Pattern #143] Linha 585: INDEX ON com 3 componentes (TAG EmpVenNum) - REVISAR (risco Invalid key length sob COLLATE GENERAL)

Correcoes aplicadas: 4

Detalhes:
  Linha 512: [WARN-INDEX-ON-COLLATE-GENERAL]
    Original:  INDEX ON Emps + Dopes + STR(Numes, 6) TAG EmpDopNum
    Corrigido: (REVISAR MANUAL) SELECT-SQL com ORDER BY em vez de INDEX ON

  Linha 513: [WARN-INDEX-ON-COLLATE-GENERAL]
    Original:  INDEX ON Emps + Vends + Dopes + STR(Numes, 6) + Tp TAG VdDpNmTp
    Corrigido: (REVISAR MANUAL) SELECT-SQL com ORDER BY em vez de INDEX ON

  Linha 584: [WARN-INDEX-ON-COLLATE-GENERAL]
    Original:  INDEX ON Emps + Dopes + STR(Numes, 6) TAG EmpDopNum
    Corrigido: (REVISAR MANUAL) SELECT-SQL com ORDER BY em vez de INDEX ON

  Linha 585: [WARN-INDEX-ON-COLLATE-GENERAL]
    Original:  INDEX ON Emps + Vends + STR(Numes, 6) TAG EmpVenNum
    Corrigido: (REVISAR MANUAL) SELECT-SQL com ORDER BY em vez de INDEX ON


=== CORRECAO CONCLUIDA ===
4 correcao(oes) aplicada(s).
=== CORRETOR AUTOMATICO ===

Arquivo: C:\4c\projeto\app\classes\sigreappBO.prg

Backup criado: C:\4c\projeto\app\classes\sigreappBO.prg.bak
Linhas originais: 1178

[507/612] SIGREADSBO.prg                                   5,6s  -> sem correcoes
Aplicando correcoes...
  Schema BIT columns carregadas: 202 colunas
[Pattern #143] Linha 144: INDEX ON com 3 componentes (TAG Impressao) - REVISAR (risco Invalid key length sob COLLATE GENERAL)

Correcoes aplicadas: 1

Detalhes:
  Linha 144: [WARN-INDEX-ON-COLLATE-GENERAL]
    Original:  INDEX ON PADL(TRANSFORM(mes),2,"0") + PADL(TRANSFORM(dia),2,"0") + Iclis TAG Impressao
    Corrigido: (REVISAR MANUAL) SELECT-SQL com ORDER BY em vez de INDEX ON


=== CORRECAO CONCLUIDA ===
1 correcao(oes) aplicada(s).
[508/612] sigreaniBO.prg                                   2,0s  -> sem correcoes
=== CORRETOR AUTOMATICO ===

Arquivo: C:\4c\projeto\app\classes\SIGREAPRBO.prg

Backup criado: C:\4c\projeto\app\classes\SIGREAPRBO.prg.bak
Linhas originais: 332

Aplicando correcoes...
  Schema BIT columns carregadas: 202 colunas
  Schema BIT columns carregadas: 202 colunas
[Pattern #143] Linha 219: INDEX ON com 4 componentes (TAG EmpDopCon) - REVISAR (risco Invalid key length sob COLLATE GENERAL)
[Pattern #143] Linha 306: INDEX ON com 4 componentes (TAG EmpConDat) - REVISAR (risco Invalid key length sob COLLATE GENERAL)

Correcoes aplicadas: 4

Detalhes:
  Linha 163: [NVL_BIT_FIELD_WARN]
    Original:  IF NVL(loc_nCOpers, 0) = 1
    Corrigido: (revisar manualmente)

  Linha 184: [NVL_BIT_FIELD_WARN]
    Original:  loc_nValor = crSigMvPar.Valos * IIF(NVL(loc_nCOpers, 0) = 1, 1, -1)
    Corrigido: (revisar manualmente)

  Linha 219: [WARN-INDEX-ON-COLLATE-GENERAL]
    Original:  INDEX ON Emps + Grupo + Conta + TipoOper TAG EmpDopCon
    Corrigido: (REVISAR MANUAL) SELECT-SQL com ORDER BY em vez de INDEX ON

  Linha 306: [WARN-INDEX-ON-COLLATE-GENERAL]
    Original:  INDEX ON Emps + Grupo + Conta + DTOS(Datas) TAG EmpConDat
    Corrigido: (REVISAR MANUAL) SELECT-SQL com ORDER BY em vez de INDEX ON


=== CORRECAO CONCLUIDA ===
4 correcao(oes) aplicada(s).
[509/612] sigreanrBO.prg                                   2,9s  -> sem correcoes
=== CORRETOR AUTOMATICO ===

Arquivo: C:\4c\projeto\app\classes\SigReAtmBO.prg

  Schema BIT columns carregadas: 202 colunas
Backup criado: C:\4c\projeto\app\classes\SigReAtmBO.prg.bak
Linhas originais: 1055

Aplicando correcoes...

Correcoes aplicadas: 0


=== CORRECAO CONCLUIDA ===
Nenhuma correcao necessaria.
=== CORRETOR AUTOMATICO ===

Arquivo: C:\4c\projeto\app\classes\sigreatoBO.prg

Backup criado: C:\4c\projeto\app\classes\sigreatoBO.prg.bak
Linhas originais: 973

Aplicando correcoes...
[510/612] SIGREAPRBO.prg                                   1,9s  -> sem correcoes
[Pattern #143] Linha 199: INDEX ON com 3 componentes (TAG EmpDopNums) - REVISAR (risco Invalid key length sob COLLATE GENERAL)
[Pattern #143] Linha 305: INDEX ON com 3 componentes (TAG EmpGruEsts) - REVISAR (risco Invalid key length sob COLLATE GENERAL)
[Pattern #143] Linha 358: INDEX ON com 5 componentes (TAG EmpProGG) - REVISAR (risco Invalid key length sob COLLATE GENERAL)
[Pattern #143] Linha 393: INDEX ON com 3 componentes (TAG EmpEstPro) - REVISAR (risco Invalid key length sob COLLATE GENERAL)

Correcoes aplicadas: 4

Detalhes:
  Linha 199: [WARN-INDEX-ON-COLLATE-GENERAL]
    Original:  INDEX ON emps + dopes + STR(numes) TAG EmpDopNums
    Corrigido: (REVISAR MANUAL) SELECT-SQL com ORDER BY em vez de INDEX ON

  Linha 305: [WARN-INDEX-ON-COLLATE-GENERAL]
    Original:  INDEX ON Emps + Grupos + Estos TAG EmpGruEsts
    Corrigido: (REVISAR MANUAL) SELECT-SQL com ORDER BY em vez de INDEX ON

  Linha 358: [WARN-INDEX-ON-COLLATE-GENERAL]
    Original:  INDEX ON Emps + Grupos + Estos + CPros + GGrupo TAG EmpProGG
    Corrigido: (REVISAR MANUAL) SELECT-SQL com ORDER BY em vez de INDEX ON

  Linha 393: [WARN-INDEX-ON-COLLATE-GENERAL]
    Original:  INDEX ON EmpGruEsts + CPros + CIdChaves TAG EmpEstPro
    Corrigido: (REVISAR MANUAL) SELECT-SQL com ORDER BY em vez de INDEX ON


=== CORRECAO CONCLUIDA ===
4 correcao(oes) aplicada(s).
=== CORRETOR AUTOMATICO ===

Arquivo: C:\4c\projeto\app\classes\SIGREAUPBO.prg

Backup criado: C:\4c\projeto\app\classes\SIGREAUPBO.prg.bak
Linhas originais: 494

Aplicando correcoes...
[511/612] SIGREAEGBO.prg                                   8,6s  -> sem correcoes
  Schema BIT columns carregadas: 202 colunas
  Schema BIT columns carregadas: 202 colunas
  Schema BIT columns carregadas: 202 colunas
  Schema BIT columns carregadas: 202 colunas

Correcoes aplicadas: 0


=== CORRECAO CONCLUIDA ===
Nenhuma correcao necessaria.
=== CORRETOR AUTOMATICO ===

Arquivo: C:\4c\projeto\app\classes\sigrebalBO.prg

Backup criado: C:\4c\projeto\app\classes\sigrebalBO.prg.bak
Linhas originais: 862

Aplicando correcoes...
[512/612] SIGREAUPBO.prg                                   1,8s  -> sem correcoes

Correcoes aplicadas: 0


=== CORRECAO CONCLUIDA ===
Nenhuma correcao necessaria.
=== CORRETOR AUTOMATICO ===

Arquivo: C:\4c\projeto\app\classes\sigrebctBO.prg

Backup criado: C:\4c\projeto\app\classes\sigrebctBO.prg.bak
Linhas originais: 57

Aplicando correcoes...
[513/612] sigreappBO.prg                                   6,3s  -> sem correcoes

Correcoes aplicadas: 0


=== CORRECAO CONCLUIDA ===
Nenhuma correcao necessaria.
=== CORRETOR AUTOMATICO ===

Arquivo: C:\4c\projeto\app\classes\SigReCgcBO.prg

Backup criado: C:\4c\projeto\app\classes\SigReCgcBO.prg.bak
Linhas originais: 421

Aplicando correcoes...
  Schema BIT columns carregadas: 202 colunas
[Pattern #143] Linha 294: INDEX ON com 4 componentes (TAG Operacao) - REVISAR (risco Invalid key length sob COLLATE GENERAL)
[Pattern #143] Linha 295: INDEX ON com 3 componentes (TAG TpCodFin) - REVISAR (risco Invalid key length sob COLLATE GENERAL)

Correcoes aplicadas: 0


=== CORRECAO CONCLUIDA ===
Nenhuma correcao necessaria.
=== CORRETOR AUTOMATICO ===

Arquivo: C:\4c\projeto\app\classes\sigrecgpBO.prg

Backup criado: C:\4c\projeto\app\classes\sigrecgpBO.prg.bak
Linhas originais: 1205

Aplicando correcoes...

[514/612] sigreatoBO.prg                                   4,2s  -> sem correcoes
Correcoes aplicadas: 2

[515/612] sigrebctBO.prg                                   0,7s  -> sem correcoes
Detalhes:
  Linha 294: [WARN-INDEX-ON-COLLATE-GENERAL]
    Original:  INDEX ON DTOS(Datas) + Operacaos + STR(Nenvs,10) + CMats TAG Operacao
    Corrigido: (REVISAR MANUAL) SELECT-SQL com ORDER BY em vez de INDEX ON

  Linha 295: [WARN-INDEX-ON-COLLATE-GENERAL]
    Original:  INDEX ON TpOps + CodFinP + STR(Qtde,12,3) TAG TpCodFin
    Corrigido: (REVISAR MANUAL) SELECT-SQL com ORDER BY em vez de INDEX ON


=== CORRECAO CONCLUIDA ===
2 correcao(oes) aplicada(s).
=== CORRETOR AUTOMATICO ===

Arquivo: C:\4c\projeto\app\classes\sigrecgrBO.prg

Backup criado: C:\4c\projeto\app\classes\sigrecgrBO.prg.bak
Linhas originais: 936

Aplicando correcoes...
[516/612] SigReAtmBO.prg                                   4,9s  -> sem correcoes
  Schema BIT columns carregadas: 202 colunas

Correcoes aplicadas: 0


=== CORRECAO CONCLUIDA ===
Nenhuma correcao necessaria.
=== CORRETOR AUTOMATICO ===

Arquivo: C:\4c\projeto\app\classes\sigrecheBO.prg

Backup criado: C:\4c\projeto\app\classes\sigrecheBO.prg.bak
Linhas originais: 805

Aplicando correcoes...
[517/612] SigReCgcBO.prg                                   1,5s  -> sem correcoes
  Schema BIT columns carregadas: 202 colunas

Correcoes aplicadas: 0


=== CORRECAO CONCLUIDA ===
Nenhuma correcao necessaria.
=== CORRETOR AUTOMATICO ===

Arquivo: C:\4c\projeto\app\classes\sigrechpBO.prg

Backup criado: C:\4c\projeto\app\classes\sigrechpBO.prg.bak
Linhas originais: 793

Aplicando correcoes...
[518/612] sigrebalBO.prg                                   3,9s  -> sem correcoes
  Schema BIT columns carregadas: 202 colunas
  Schema BIT columns carregadas: 202 colunas
  Schema BIT columns carregadas: 202 colunas
[Pattern #143] Linha 380: INDEX ON com 4 componentes (TAG lote) - REVISAR (risco Invalid key length sob COLLATE GENERAL)
[Pattern #144] Linha 179: REPORT FORM (loc_cFrx) fora do helper canonico - REVISAR e refatorar para THIS.ExecutarReportForm
[Pattern #144] Linha 181: REPORT FORM (loc_cFrx) fora do helper canonico - REVISAR e refatorar para THIS.ExecutarReportForm

Correcoes aplicadas: 3

Detalhes:
  Linha 380: [WARN-INDEX-ON-COLLATE-GENERAL]
    Original:  INDEX ON Tipos + STR(Numes,10) + Cpros + STR(Citens,4) TAG lote
    Corrigido: (REVISAR MANUAL) SELECT-SQL com ORDER BY em vez de INDEX ON

  Linha 179: [WARN-REPORT-FORM-LOCVAR-IIF]
    Original:  REPORT FORM (loc_cFrx) TO PRINTER PROMPT NOCONSOLE
    Corrigido: (REVISAR MANUAL) THIS.ExecutarReportForm(<expr>, "PRINTER_PROMPT", "<cursor>")

  Linha 181: [WARN-REPORT-FORM-LOCVAR-IIF]
    Original:  REPORT FORM (loc_cFrx) TO PRINTER NOCONSOLE
    Corrigido: (REVISAR MANUAL) THIS.ExecutarReportForm(<expr>, "PRINTER", "<cursor>")


=== CORRECAO CONCLUIDA ===
3 correcao(oes) aplicada(s).
=== CORRETOR AUTOMATICO ===

Arquivo: C:\4c\projeto\app\classes\sigrecmcBO.prg

Backup criado: C:\4c\projeto\app\classes\sigrecmcBO.prg.bak
Linhas originais: 1592

Aplicando correcoes...

Correcoes aplicadas: 0


=== CORRECAO CONCLUIDA ===
Nenhuma correcao necessaria.
=== CORRETOR AUTOMATICO ===

Arquivo: C:\4c\projeto\app\classes\SigReCmgBO.prg

Backup criado: C:\4c\projeto\app\classes\SigReCmgBO.prg.bak
Linhas originais: 269

Aplicando correcoes...
[519/612] sigrecgrBO.prg                                   4,3s  -> sem correcoes
[520/612] sigrecheBO.prg                                   3,1s  -> sem correcoes
  Schema BIT columns carregadas: 202 colunas
  Schema BIT columns carregadas: 202 colunas

Correcoes aplicadas: 0


=== CORRECAO CONCLUIDA ===
Nenhuma correcao necessaria.
[Pattern #143] Linha 427: INDEX ON com 3 componentes (TAG Ordem) - REVISAR (risco Invalid key length sob COLLATE GENERAL)
=== CORRETOR AUTOMATICO ===

Arquivo: C:\4c\projeto\app\classes\sigrecmmBO.prg

Backup criado: C:\4c\projeto\app\classes\sigrecmmBO.prg.bak
Linhas originais: 1099

Aplicando correcoes...

Correcoes aplicadas: 1

Detalhes:
  Linha 427: [WARN-INDEX-ON-COLLATE-GENERAL]
    Original:  INDEX ON RefFor + Grupos + STR(Quadro, 6) TAG Ordem
    Corrigido: (REVISAR MANUAL) SELECT-SQL com ORDER BY em vez de INDEX ON
[521/612] SigReCmgBO.prg                                   1,2s  -> sem correcoes


=== CORRECAO CONCLUIDA ===
1 correcao(oes) aplicada(s).
=== CORRETOR AUTOMATICO ===

Arquivo: C:\4c\projeto\app\classes\SigReCmpBO.prg

Backup criado: C:\4c\projeto\app\classes\SigReCmpBO.prg.bak
Linhas originais: 948

Aplicando correcoes...
[522/612] sigrecgpBO.prg                                   5,9s  -> sem correcoes

Correcoes aplicadas: 0


=== CORRECAO CONCLUIDA ===
Nenhuma correcao necessaria.
=== CORRETOR AUTOMATICO ===

Arquivo: C:\4c\projeto\app\classes\SIGRECMVBO.prg

Backup criado: C:\4c\projeto\app\classes\SIGRECMVBO.prg.bak
Linhas originais: 825

Aplicando correcoes...
[523/612] sigrechpBO.prg                                   3,3s  -> sem correcoes
  Schema BIT columns carregadas: 202 colunas
  Schema BIT columns carregadas: 202 colunas
  Schema BIT columns carregadas: 202 colunas

Correcoes aplicadas: 1

Detalhes:
  Linha 374: [NVL_BIT_FIELD_WARN]
    Original:  IF NVL(cursor_4c_TotItens.TotPeso, 0) = 0 OR loc_nTotCusto = 0
    Corrigido: (revisar manualmente)


=== CORRECAO CONCLUIDA ===
1 correcao(oes) aplicada(s).
=== CORRETOR AUTOMATICO ===

Arquivo: C:\4c\projeto\app\classes\SIGRECNDBO.prg

Backup criado: C:\4c\projeto\app\classes\SIGRECNDBO.prg.bak
Linhas originais: 508

Aplicando correcoes...
[524/612] SIGRECMVBO.prg                                   3,6s  -> sem correcoes
[Pattern #143] Linha 319: INDEX ON com 4 componentes (TAG EmpCPro) - REVISAR (risco Invalid key length sob COLLATE GENERAL)
[Pattern #143] Linha 320: INDEX ON com 6 componentes (TAG EmpCGruPro) - REVISAR (risco Invalid key length sob COLLATE GENERAL)
[Pattern #143] Linha 321: INDEX ON com 6 componentes (TAG EGP) - REVISAR (risco Invalid key length sob COLLATE GENERAL)
[Pattern #143] Linha 322: INDEX ON com 3 componentes (TAG MatRef) - REVISAR (risco Invalid key length sob COLLATE GENERAL)
[Pattern #143] Linha 323: INDEX ON com 4 componentes (TAG CproMatRef) - REVISAR (risco Invalid key length sob COLLATE GENERAL)
[Pattern #143] Linha 588: INDEX ON com 3 componentes (TAG Ordem) - REVISAR (risco Invalid key length sob COLLATE GENERAL)
[Pattern #143] Linha 613: INDEX ON com 3 componentes (TAG CproNop) - REVISAR (risco Invalid key length sob COLLATE GENERAL)
[Pattern #144] Linha 798: REPORT FORM (loc_cFrx) fora do helper canonico - REVISAR e refatorar para THIS.ExecutarReportForm
[Pattern #144] Linha 819: REPORT FORM (loc_cFrx) fora do helper canonico - REVISAR e refatorar para THIS.ExecutarReportForm
[Pattern #144] Linha 840: REPORT FORM (loc_cFrx) fora do helper canonico - REVISAR e refatorar para THIS.ExecutarReportForm

Correcoes aplicadas: 10

Detalhes:
  Linha 319: [WARN-INDEX-ON-COLLATE-GENERAL]
    Original:  INDEX ON Grupo + Conta + Emps + CPros TAG EmpCPro
    Corrigido: (REVISAR MANUAL) SELECT-SQL com ORDER BY em vez de INDEX ON

  Linha 320: [WARN-INDEX-ON-COLLATE-GENERAL]
    Original:  INDEX ON Grupo + Conta + Emps + Tps + CGrus + CPros TAG EmpCGruPro
    Corrigido: (REVISAR MANUAL) SELECT-SQL com ORDER BY em vez de INDEX ON

  Linha 321: [WARN-INDEX-ON-COLLATE-GENERAL]
    Original:  INDEX ON Grupo + Conta + Emps + Tps + CGrus + CPros TAG EGP
    Corrigido: (REVISAR MANUAL) SELECT-SQL com ORDER BY em vez de INDEX ON

  Linha 322: [WARN-INDEX-ON-COLLATE-GENERAL]
    Original:  INDEX ON Mats + Reffs + CPros TAG MatRef
    Corrigido: (REVISAR MANUAL) SELECT-SQL com ORDER BY em vez de INDEX ON

  Linha 323: [WARN-INDEX-ON-COLLATE-GENERAL]
    Original:  INDEX ON CPros + Nops + Mats + Reffs TAG CproMatRef
    Corrigido: (REVISAR MANUAL) SELECT-SQL com ORDER BY em vez de INDEX ON

  Linha 588: [WARN-INDEX-ON-COLLATE-GENERAL]
    Original:  INDEX ON CPros + STR(Pesos, 12, 3) + STR(Qtds, 12, 3) TAG Ordem
    Corrigido: (REVISAR MANUAL) SELECT-SQL com ORDER BY em vez de INDEX ON

  Linha 613: [WARN-INDEX-ON-COLLATE-GENERAL]
    Original:  INDEX ON STR(Citens, 4) + Cpros + STR(Nops, 10) TAG CproNop
    Corrigido: (REVISAR MANUAL) SELECT-SQL com ORDER BY em vez de INDEX ON

  Linha 798: [WARN-REPORT-FORM-LOCVAR-IIF]
    Original:  REPORT FORM (loc_cFrx) PREVIEW NOCONSOLE
    Corrigido: (REVISAR MANUAL) THIS.ExecutarReportForm(<expr>, "PREVIEW", "<cursor>")

  Linha 819: [WARN-REPORT-FORM-LOCVAR-IIF]
    Original:  REPORT FORM (loc_cFrx) TO PRINTER PROMPT NOCONSOLE
    Corrigido: (REVISAR MANUAL) THIS.ExecutarReportForm(<expr>, "PRINTER_PROMPT", "<cursor>")

  Linha 840: [WARN-REPORT-FORM-LOCVAR-IIF]
    Original:  REPORT FORM (loc_cFrx) TO PRINTER NOCONSOLE
    Corrigido: (REVISAR MANUAL) THIS.ExecutarReportForm(<expr>, "PRINTER", "<cursor>")


=== CORRECAO CONCLUIDA ===
10 correcao(oes) aplicada(s).
=== CORRETOR AUTOMATICO ===

Arquivo: C:\4c\projeto\app\classes\sigrecntBO.prg

Backup criado: C:\4c\projeto\app\classes\sigrecntBO.prg.bak
Linhas originais: 551

Aplicando correcoes...
[525/612] SigReCmpBO.prg                                   4,5s  -> sem correcoes

Correcoes aplicadas: 0


=== CORRECAO CONCLUIDA ===
Nenhuma correcao necessaria.
=== CORRETOR AUTOMATICO ===

Arquivo: C:\4c\projeto\app\classes\sigrecogBO.prg

Backup criado: C:\4c\projeto\app\classes\sigrecogBO.prg.bak
Linhas originais: 523

Aplicando correcoes...
[526/612] sigrecmmBO.prg                                   5,0s  -> sem correcoes
  Schema BIT columns carregadas: 202 colunas
  Schema BIT columns carregadas: 202 colunas
[Pattern #143] Linha 115: INDEX ON com 3 componentes (TAG ContData) - REVISAR (risco Invalid key length sob COLLATE GENERAL)

Correcoes aplicadas: 1

Detalhes:
  Linha 115: [WARN-INDEX-ON-COLLATE-GENERAL]
    Original:  INDEX ON Grupos + Contas + cIdChaves TAG ContData
    Corrigido: (REVISAR MANUAL) SELECT-SQL com ORDER BY em vez de INDEX ON


=== CORRECAO CONCLUIDA ===
1 correcao(oes) aplicada(s).
=== CORRETOR AUTOMATICO ===

Arquivo: C:\4c\projeto\app\classes\sigrecomBO.prg

Backup criado: C:\4c\projeto\app\classes\sigrecomBO.prg.bak
Linhas originais: 1583

Aplicando correcoes...
[527/612] SIGRECNDBO.prg                                   2,0s  -> sem correcoes
  Schema BIT columns carregadas: 202 colunas
  Schema BIT columns carregadas: 202 colunas

Correcoes aplicadas: 1

Detalhes:
  Linha 308: [NVL_BIT_FIELD_WARN]
    Original:  WHERE NVL(a.Qtds, 0) = 0 ;
    Corrigido: (revisar manualmente)


=== CORRECAO CONCLUIDA ===
1 correcao(oes) aplicada(s).
=== CORRETOR AUTOMATICO ===

Arquivo: C:\4c\projeto\app\classes\sigrecopBO.prg

Backup criado: C:\4c\projeto\app\classes\sigrecopBO.prg.bak
Linhas originais: 1387

Aplicando correcoes...
[528/612] sigrecntBO.prg                                   2,3s  -> sem correcoes
[Pattern #143] Linha 298: INDEX ON com 3 componentes (TAG relchave) - REVISAR (risco Invalid key length sob COLLATE GENERAL)

Correcoes aplicadas: 1

Detalhes:
  Linha 298: [WARN-INDEX-ON-COLLATE-GENERAL]
    Original:  INDEX ON PADR(Emps,3) + PADR(Vends,10) + PADR(Cgrus,3) TAG relchave
    Corrigido: (REVISAR MANUAL) SELECT-SQL com ORDER BY em vez de INDEX ON


=== CORRECAO CONCLUIDA ===
1 correcao(oes) aplicada(s).
=== CORRETOR AUTOMATICO ===

Arquivo: C:\4c\projeto\app\classes\sigrecorBO.prg

Backup criado: C:\4c\projeto\app\classes\sigrecorBO.prg.bak
Linhas originais: 752

Aplicando correcoes...
[529/612] sigrecogBO.prg                                   2,2s  -> sem correcoes
[Pattern #144] Linha 1361: REPORT FORM (loc_cFRX) fora do helper canonico - REVISAR e refatorar para THIS.ExecutarReportForm
[Pattern #144] Linha 1402: REPORT FORM (loc_cFRX) fora do helper canonico - REVISAR e refatorar para THIS.ExecutarReportForm

Correcoes aplicadas: 11

Detalhes:
  Linha 602: [NVL_BIT_FIELD_WARN]
    Original:  CASE NVL(CrSigMvCab.copers, 0) = 1
    Corrigido: (revisar manualmente)

  Linha 612: [NVL_BIT_FIELD_WARN]
    Original:  CASE NVL(CrSigMvCab.opers, 0) = 1
    Corrigido: (revisar manualmente)

  Linha 678: [NVL_BIT_FIELD_WARN]
    Original:  CASE NVL(CrSigMvCab.caixas,0)=1 AND NVL(CrSigMvCab.copers,0)=1
    Corrigido: (revisar manualmente)

  Linha 680: [NVL_BIT_FIELD_WARN]
    Original:  CASE NVL(CrSigMvCab.caixas,0)=1 AND NVL(CrSigMvCab.copers,0)=2
    Corrigido: (revisar manualmente)

  Linha 682: [NVL_BIT_FIELD_WARN]
    Original:  CASE NVL(CrSigMvCab.destinos, 0) = 1
    Corrigido: (revisar manualmente)

  Linha 684: [NVL_BIT_FIELD_WARN]
    Original:  CASE NVL(CrSigMvCab.origems, 0) = 1
    Corrigido: (revisar manualmente)

  Linha 983: [NVL_BIT_FIELD_WARN]
    Original:  CASE TmpQuant.caixas=1 AND NVL(TmpQuant.copers,0)=1
    Corrigido: (revisar manualmente)

  Linha 987: [NVL_BIT_FIELD_WARN]
    Original:  CASE NVL(TmpQuant.destinos, 0) = 1
    Corrigido: (revisar manualmente)

  Linha 989: [NVL_BIT_FIELD_WARN]
    Original:  CASE NVL(TmpQuant.origems, 0) = 1
    Corrigido: (revisar manualmente)

  Linha 1361: [WARN-REPORT-FORM-LOCVAR-IIF]
    Original:  REPORT FORM (loc_cFRX) TO PRINTER PROMPT NOCONSOLE
    Corrigido: (REVISAR MANUAL) THIS.ExecutarReportForm(<expr>, "PRINTER_PROMPT", "<cursor>")

  Linha 1402: [WARN-REPORT-FORM-LOCVAR-IIF]
    Original:  REPORT FORM (loc_cFRX) PREVIEW NOCONSOLE
    Corrigido: (REVISAR MANUAL) THIS.ExecutarReportForm(<expr>, "PREVIEW", "<cursor>")


=== CORRECAO CONCLUIDA ===
11 correcao(oes) aplicada(s).
=== CORRETOR AUTOMATICO ===

Arquivo: C:\4c\projeto\app\classes\sigrecpeBO.prg

Backup criado: C:\4c\projeto\app\classes\sigrecpeBO.prg.bak
Linhas originais: 623

Aplicando correcoes...
[530/612] sigrecmcBO.prg                                   9,6s  -> sem correcoes
  Schema BIT columns carregadas: 202 colunas
  Schema BIT columns carregadas: 202 colunas
[Pattern #143] Linha 280: INDEX ON com 4 componentes (TAG VendDatas) - REVISAR (risco Invalid key length sob COLLATE GENERAL)
[Pattern #143] Linha 282: INDEX ON com 3 componentes (TAG VendDatas) - REVISAR (risco Invalid key length sob COLLATE GENERAL)
[Pattern #143] Linha 287: INDEX ON com 4 componentes (TAG VendDatas) - REVISAR (risco Invalid key length sob COLLATE GENERAL)
[Pattern #144] Linha 642: REPORT FORM (loc_cFrx) fora do helper canonico - REVISAR e refatorar para THIS.ExecutarReportForm
[Pattern #144] Linha 667: REPORT FORM (loc_cFrx) fora do helper canonico - REVISAR e refatorar para THIS.ExecutarReportForm

Correcoes aplicadas: 5

Detalhes:
  Linha 280: [WARN-INDEX-ON-COLLATE-GENERAL]
    Original:  INDEX ON Vends + DTOS(Datas) + EmpDopNums + moedas TAG VendDatas
    Corrigido: (REVISAR MANUAL) SELECT-SQL com ORDER BY em vez de INDEX ON

  Linha 282: [WARN-INDEX-ON-COLLATE-GENERAL]
    Original:  INDEX ON Vends + RClis + moedas TAG VendDatas
    Corrigido: (REVISAR MANUAL) SELECT-SQL com ORDER BY em vez de INDEX ON

  Linha 287: [WARN-INDEX-ON-COLLATE-GENERAL]
    Original:  INDEX ON Vends + DTOS(Datas) + Dopes + moedas TAG VendDatas
    Corrigido: (REVISAR MANUAL) SELECT-SQL com ORDER BY em vez de INDEX ON

  Linha 642: [WARN-REPORT-FORM-LOCVAR-IIF]
    Original:  REPORT FORM (loc_cFrx) TO PRINTER NOCONSOLE
    Corrigido: (REVISAR MANUAL) THIS.ExecutarReportForm(<expr>, "PRINTER", "<cursor>")

  Linha 667: [WARN-REPORT-FORM-LOCVAR-IIF]
    Original:  REPORT FORM (loc_cFrx) PREVIEW NOCONSOLE
    Corrigido: (REVISAR MANUAL) THIS.ExecutarReportForm(<expr>, "PREVIEW", "<cursor>")


=== CORRECAO CONCLUIDA ===
5 correcao(oes) aplicada(s).
=== CORRETOR AUTOMATICO ===

Arquivo: C:\4c\projeto\app\classes\SIGRECPMBO.prg

Backup criado: C:\4c\projeto\app\classes\SIGRECPMBO.prg.bak
Linhas originais: 637

Aplicando correcoes...

Correcoes aplicadas: 0


=== CORRECAO CONCLUIDA ===
Nenhuma correcao necessaria.
=== CORRETOR AUTOMATICO ===

Arquivo: C:\4c\projeto\app\classes\sigrecprBO.prg

[531/612] sigrecorBO.prg                                   3,4s  -> sem correcoes
Backup criado: C:\4c\projeto\app\classes\sigrecprBO.prg.bak
[532/612] sigrecpeBO.prg                                   2,5s  -> sem correcoes
Linhas originais: 446

Aplicando correcoes...
  Schema BIT columns carregadas: 202 colunas
  Schema BIT columns carregadas: 202 colunas
  Schema BIT columns carregadas: 202 colunas

Correcoes aplicadas: 0


=== CORRECAO CONCLUIDA ===
Nenhuma correcao necessaria.
=== CORRETOR AUTOMATICO ===

Arquivo: C:\4c\projeto\app\classes\sigrecrfBO.prg

Backup criado: C:\4c\projeto\app\classes\sigrecrfBO.prg.bak
Linhas originais: 599

Aplicando correcoes...
[533/612] sigrecprBO.prg                                   1,7s  -> sem correcoes
  Schema BIT columns carregadas: 202 colunas
[Pattern #143] Linha 275: INDEX ON com 5 componentes (TAG Mov) - REVISAR (risco Invalid key length sob COLLATE GENERAL)

Correcoes aplicadas: 1

Detalhes:
  Linha 275: [WARN-INDEX-ON-COLLATE-GENERAL]
    Original:  INDEX ON STR(nenvs, 10) + STR(Tipo) + cidchaves + dopps + cmats TAG Mov
    Corrigido: (REVISAR MANUAL) SELECT-SQL com ORDER BY em vez de INDEX ON


=== CORRECAO CONCLUIDA ===
1 correcao(oes) aplicada(s).
=== CORRETOR AUTOMATICO ===

Arquivo: C:\4c\projeto\app\classes\sigrecrpBO.prg

Backup criado: C:\4c\projeto\app\classes\sigrecrpBO.prg.bak
Linhas originais: 673

Aplicando correcoes...
[534/612] SIGRECPMBO.prg                                   2,4s  -> sem correcoes
  Schema BIT columns carregadas: 202 colunas

[Pattern #143] Linha 229: INDEX ON com 3 componentes (TAG VendDatas) - REVISAR (risco Invalid key length sob COLLATE GENERAL)
Correcoes aplicadas: 0

[Pattern #143] Linha 233: INDEX ON com 3 componentes (TAG VendDatas) - REVISAR (risco Invalid key length sob COLLATE GENERAL)

=== CORRECAO CONCLUIDA ===
Nenhuma correcao necessaria.
=== CORRETOR AUTOMATICO ===

Arquivo: C:\4c\projeto\app\classes\sigrecrtBO.prg

Backup criado: C:\4c\projeto\app\classes\sigrecrtBO.prg.bak
Linhas originais: 715

Aplicando correcoes...
[535/612] sigrecopBO.prg                                   7,7s  -> sem correcoes

Correcoes aplicadas: 2

Detalhes:
  Linha 229: [WARN-INDEX-ON-COLLATE-GENERAL]
    Original:  INDEX ON Vends + DTOS(Datas) + EmpDopNums TAG VendDatas
    Corrigido: (REVISAR MANUAL) SELECT-SQL com ORDER BY em vez de INDEX ON

  Linha 233: [WARN-INDEX-ON-COLLATE-GENERAL]
    Original:  INDEX ON Vends + DTOS(Datas) + Dopes TAG VendDatas
    Corrigido: (REVISAR MANUAL) SELECT-SQL com ORDER BY em vez de INDEX ON


=== CORRECAO CONCLUIDA ===
2 correcao(oes) aplicada(s).
=== CORRETOR AUTOMATICO ===

Arquivo: C:\4c\projeto\app\classes\sigrecsmBO.prg

[Pattern #143] Linha 188: INDEX ON com 4 componentes (TAG Produto) - REVISAR (risco Invalid key length sob COLLATE GENERAL)
[Pattern #143] Linha 246: INDEX ON com 4 componentes (TAG Produtos) - REVISAR (risco Invalid key length sob COLLATE GENERAL)
Backup criado: C:\4c\projeto\app\classes\sigrecsmBO.prg.bak
[Pattern #143] Linha 321: INDEX ON com 5 componentes (TAG Locals) - REVISAR (risco Invalid key length sob COLLATE GENERAL)
Linhas originais: 597

Aplicando correcoes...

Correcoes aplicadas: 4

Detalhes:
  Linha 294: [NVL_BIT_FIELD_WARN]
    Original:  Where NVL(a.Qtds,0) = 0 ;
    Corrigido: (revisar manualmente)

  Linha 188: [WARN-INDEX-ON-COLLATE-GENERAL]
    Original:  INDEX ON Emps + Grupos + Estos + Cpros TAG Produto
    Corrigido: (REVISAR MANUAL) SELECT-SQL com ORDER BY em vez de INDEX ON

  Linha 246: [WARN-INDEX-ON-COLLATE-GENERAL]
    Original:  INDEX ON Emps + Grupos + Estos + Cpros TAG Produtos
    Corrigido: (REVISAR MANUAL) SELECT-SQL com ORDER BY em vez de INDEX ON

  Linha 321: [WARN-INDEX-ON-COLLATE-GENERAL]
    Original:  INDEX ON Vends + Emps + grupos + estos + cpros TAG Locals
    Corrigido: (REVISAR MANUAL) SELECT-SQL com ORDER BY em vez de INDEX ON


=== CORRECAO CONCLUIDA ===
4 correcao(oes) aplicada(s).
=== CORRETOR AUTOMATICO ===

Arquivo: C:\4c\projeto\app\classes\SigReCspBO.prg

Backup criado: C:\4c\projeto\app\classes\SigReCspBO.prg.bak
Linhas originais: 313

Aplicando correcoes...
[536/612] sigrecomBO.prg                                   8,7s  -> sem correcoes
  Schema BIT columns carregadas: 202 colunas
[537/612] sigrecrfBO.prg                                   2,5s  -> sem correcoes
[Pattern #143] Linha 377: INDEX ON com 5 componentes (TAG GruConVec) - REVISAR (risco Invalid key length sob COLLATE GENERAL)

Correcoes aplicadas: 1

Detalhes:
  Linha 377: [WARN-INDEX-ON-COLLATE-GENERAL]
    Original:  INDEX ON STR(Tipo, 1) + Empresa + Grupo + Conta + DTOS(Vecto) TAG GruConVec
    Corrigido: (REVISAR MANUAL) SELECT-SQL com ORDER BY em vez de INDEX ON


=== CORRECAO CONCLUIDA ===
1 correcao(oes) aplicada(s).
=== CORRETOR AUTOMATICO ===

Arquivo: C:\4c\projeto\app\classes\sigrectcBO.prg

Backup criado: C:\4c\projeto\app\classes\sigrectcBO.prg.bak
Linhas originais: 607

Aplicando correcoes...
  Schema BIT columns carregadas: 202 colunas
[538/612] sigrecrpBO.prg                                   2,8s  -> sem correcoes

Correcoes aplicadas: 0


=== CORRECAO CONCLUIDA ===
Nenhuma correcao necessaria.
=== CORRETOR AUTOMATICO ===

Arquivo: C:\4c\projeto\app\classes\SIGRECTLBO.prg

Backup criado: C:\4c\projeto\app\classes\SIGRECTLBO.prg.bak
Linhas originais: 477

Aplicando correcoes...
[539/612] SigReCspBO.prg                                   1,2s  -> sem correcoes
  Schema BIT columns carregadas: 202 colunas
  Schema BIT columns carregadas: 202 colunas

Correcoes aplicadas: 0


=== CORRECAO CONCLUIDA ===
Nenhuma correcao necessaria.
=== CORRETOR AUTOMATICO ===

Arquivo: C:\4c\projeto\app\classes\SIGRECTPBO.prg

Backup criado: C:\4c\projeto\app\classes\SIGRECTPBO.prg.bak
Linhas originais: 401

Aplicando correcoes...
[540/612] sigrecsmBO.prg                                   2,2s  -> sem correcoes

Correcoes aplicadas: 0


=== CORRECAO CONCLUIDA ===
Nenhuma correcao necessaria.
  Schema BIT columns carregadas: 202 colunas
=== CORRETOR AUTOMATICO ===

Arquivo: C:\4c\projeto\app\classes\sigredcoBO.prg

Backup criado: C:\4c\projeto\app\classes\sigredcoBO.prg.bak
Linhas originais: 380

[541/612] sigrecrtBO.prg                                   2,8s  -> sem correcoes
Aplicando correcoes...
  Schema BIT columns carregadas: 202 colunas

Correcoes aplicadas: 0


=== CORRECAO CONCLUIDA ===
Nenhuma correcao necessaria.
=== CORRETOR AUTOMATICO ===

Arquivo: C:\4c\projeto\app\classes\SigReDctBO.prg

Backup criado: C:\4c\projeto\app\classes\SigReDctBO.prg.bak
Linhas originais: 489

Aplicando correcoes...
[542/612] SIGRECTLBO.prg                                   1,7s  -> sem correcoes

Correcoes aplicadas: 0


=== CORRECAO CONCLUIDA ===
Nenhuma correcao necessaria.
=== CORRETOR AUTOMATICO ===

Arquivo: C:\4c\projeto\app\classes\sigredcuBO.prg

Backup criado: C:\4c\projeto\app\classes\sigredcuBO.prg.bak
Linhas originais: 687

Aplicando correcoes...
  Schema BIT columns carregadas: 202 colunas
[543/612] sigrectcBO.prg                                   2,3s  -> sem correcoes

Correcoes aplicadas: 0


=== CORRECAO CONCLUIDA ===
Nenhuma correcao necessaria.
=== CORRETOR AUTOMATICO ===

Arquivo: C:\4c\projeto\app\classes\SigReDdpBO.prg

Backup criado: C:\4c\projeto\app\classes\SigReDdpBO.prg.bak
Linhas originais: 766

Aplicando correcoes...
[544/612] SIGRECTPBO.prg                                   1,4s  -> sem correcoes
  Schema BIT columns carregadas: 202 colunas
[Pattern #144] Linha 228: REPORT FORM (loc_cFRX) fora do helper canonico - REVISAR e refatorar para THIS.ExecutarReportForm
[Pattern #144] Linha 254: REPORT FORM (loc_cFRX) fora do helper canonico - REVISAR e refatorar para THIS.ExecutarReportForm
[Pattern #144] Linha 256: REPORT FORM (loc_cFRX) fora do helper canonico - REVISAR e refatorar para THIS.ExecutarReportForm
[Pattern #144] Linha 282: REPORT FORM (loc_cFRX) fora do helper canonico - REVISAR e refatorar para THIS.ExecutarReportForm

Correcoes aplicadas: 4

Detalhes:
  Linha 228: [WARN-REPORT-FORM-LOCVAR-IIF]
    Original:  REPORT FORM (loc_cFRX) PREVIEW NOCONSOLE
    Corrigido: (REVISAR MANUAL) THIS.ExecutarReportForm(<expr>, "PREVIEW", "<cursor>")

  Linha 254: [WARN-REPORT-FORM-LOCVAR-IIF]
    Original:  REPORT FORM (loc_cFRX) TO PRINTER PROMPT NOCONSOLE
    Corrigido: (REVISAR MANUAL) THIS.ExecutarReportForm(<expr>, "PRINTER_PROMPT", "<cursor>")

  Linha 256: [WARN-REPORT-FORM-LOCVAR-IIF]
    Original:  REPORT FORM (loc_cFRX) TO PRINTER NOCONSOLE
    Corrigido: (REVISAR MANUAL) THIS.ExecutarReportForm(<expr>, "PRINTER", "<cursor>")

  Linha 282: [WARN-REPORT-FORM-LOCVAR-IIF]
    Original:  REPORT FORM (loc_cFRX) TO PRINTER NOCONSOLE
    Corrigido: (REVISAR MANUAL) THIS.ExecutarReportForm(<expr>, "PRINTER", "<cursor>")


=== CORRECAO CONCLUIDA ===
4 correcao(oes) aplicada(s).
=== CORRETOR AUTOMATICO ===

Arquivo: C:\4c\projeto\app\classes\SIGREDESBO.prg

Backup criado: C:\4c\projeto\app\classes\SIGREDESBO.prg.bak
Linhas originais: 915

Aplicando correcoes...
[545/612] sigredcoBO.prg                                   1,5s  -> sem correcoes
  Schema BIT columns carregadas: 202 colunas
[Pattern #143] Linha 72: INDEX ON com 4 componentes (TAG Nops) - REVISAR (risco Invalid key length sob COLLATE GENERAL)

Correcoes aplicadas: 1

Detalhes:
  Linha 72: [WARN-INDEX-ON-COLLATE-GENERAL]
    Original:  INDEX ON STR(Quebras,10) + STR(Nops,10) + STR(Ordem,10) + STR(Cbars,14) TAG Nops
    Corrigido: (REVISAR MANUAL) SELECT-SQL com ORDER BY em vez de INDEX ON


=== CORRECAO CONCLUIDA ===
1 correcao(oes) aplicada(s).
=== CORRETOR AUTOMATICO ===

Arquivo: C:\4c\projeto\app\classes\SigReDifBO.prg

Backup criado: C:\4c\projeto\app\classes\SigReDifBO.prg.bak
Linhas originais: 315

Aplicando correcoes...
[546/612] SigReDctBO.prg                                   1,9s  -> sem correcoes
  Schema BIT columns carregadas: 202 colunas

Correcoes aplicadas: 0


=== CORRECAO CONCLUIDA ===
Nenhuma correcao necessaria.
=== CORRETOR AUTOMATICO ===

Arquivo: C:\4c\projeto\app\classes\SIGREDIRBO.prg

Backup criado: C:\4c\projeto\app\classes\SIGREDIRBO.prg.bak
Linhas originais: 433

Aplicando correcoes...
  Schema BIT columns carregadas: 202 colunas
[547/612] sigredcuBO.prg                                   2,6s  -> sem correcoes
  Schema BIT columns carregadas: 202 colunas

Correcoes aplicadas: 0


=== CORRECAO CONCLUIDA ===
Nenhuma correcao necessaria.
=== CORRETOR AUTOMATICO ===

Arquivo: C:\4c\projeto\app\classes\sigredocBO.prg

Backup criado: C:\4c\projeto\app\classes\sigredocBO.prg.bak
Linhas originais: 2270

Aplicando correcoes...
[548/612] SigReDifBO.prg                                   1,2s  -> sem correcoes
[Pattern #143] Linha 511: INDEX ON com 4 componentes (TAG EmpEstPro) - REVISAR (risco Invalid key length sob COLLATE GENERAL)

Correcoes aplicadas: 1

Detalhes:
  Linha 511: [WARN-INDEX-ON-COLLATE-GENERAL]
    Original:  INDEX ON Emps + Grupos + Estos + CPros TAG EmpEstPro
    Corrigido: (REVISAR MANUAL) SELECT-SQL com ORDER BY em vez de INDEX ON


=== CORRECAO CONCLUIDA ===
1 correcao(oes) aplicada(s).
=== CORRETOR AUTOMATICO ===

Arquivo: C:\4c\projeto\app\classes\SigReDpDBO.prg

Backup criado: C:\4c\projeto\app\classes\SigReDpDBO.prg.bak
Linhas originais: 1082

Aplicando correcoes...
[549/612] SigReDdpBO.prg                                   3,2s  -> sem correcoes
  Schema BIT columns carregadas: 202 colunas
  Schema BIT columns carregadas: 202 colunas

Correcoes aplicadas: 0


=== CORRECAO CONCLUIDA ===
Nenhuma correcao necessaria.
=== CORRETOR AUTOMATICO ===

Arquivo: C:\4c\projeto\app\classes\sigredtvBO.prg

Backup criado: C:\4c\projeto\app\classes\sigredtvBO.prg.bak
Linhas originais: 1938

Aplicando correcoes...
[550/612] SIGREDIRBO.prg                                   1,6s  -> sem correcoes

Correcoes aplicadas: 0


=== CORRECAO CONCLUIDA ===
Nenhuma correcao necessaria.
=== CORRETOR AUTOMATICO ===

Arquivo: C:\4c\projeto\app\classes\SigReEchBO.prg

Backup criado: C:\4c\projeto\app\classes\SigReEchBO.prg.bak
Linhas originais: 400

Aplicando correcoes...
[551/612] SIGREDESBO.prg                                   4,0s  -> sem correcoes
  Schema BIT columns carregadas: 202 colunas

Correcoes aplicadas: 0


=== CORRECAO CONCLUIDA ===
Nenhuma correcao necessaria.
=== CORRETOR AUTOMATICO ===

Arquivo: C:\4c\projeto\app\classes\SIGREEGGBO.prg

Backup criado: C:\4c\projeto\app\classes\SIGREEGGBO.prg.bak
Linhas originais: 848

Aplicando correcoes...
[552/612] SigReEchBO.prg                                   1,8s  -> sem correcoes
  Schema BIT columns carregadas: 202 colunas

Correcoes aplicadas: 0


=== CORRECAO CONCLUIDA ===
Nenhuma correcao necessaria.
=== CORRETOR AUTOMATICO ===

Arquivo: C:\4c\projeto\app\classes\sigreegpBO.prg

Backup criado: C:\4c\projeto\app\classes\sigreegpBO.prg.bak
Linhas originais: 989

Aplicando correcoes...
[553/612] SigReDpDBO.prg                                   5,3s  -> sem correcoes
  Schema BIT columns carregadas: 202 colunas

Correcoes aplicadas: 0


=== CORRECAO CONCLUIDA ===
Nenhuma correcao necessaria.
=== CORRETOR AUTOMATICO ===

Arquivo: C:\4c\projeto\app\classes\sigreeqeBO.prg

Backup criado: C:\4c\projeto\app\classes\sigreeqeBO.prg.bak
Linhas originais: 786

Aplicando correcoes...
[554/612] SIGREEGGBO.prg                                   3,3s  -> sem correcoes
  Schema BIT columns carregadas: 202 colunas
  Schema BIT columns carregadas: 202 colunas
[Pattern #143] Linha 309: INDEX ON com 5 componentes (TAG cgrus) - REVISAR (risco Invalid key length sob COLLATE GENERAL)
[Pattern #143] Linha 311: INDEX ON com 6 componentes (TAG cgrus) - REVISAR (risco Invalid key length sob COLLATE GENERAL)
[Pattern #144] Linha 100: REPORT FORM (loc_cFrx) fora do helper canonico - REVISAR e refatorar para THIS.ExecutarReportForm
[Pattern #144] Linha 128: REPORT FORM (loc_cFrx) fora do helper canonico - REVISAR e refatorar para THIS.ExecutarReportForm

Correcoes aplicadas: 5

Detalhes:
  Linha 519: [NVL_BIT_FIELD_WARN]
    Original:  lnValFat = IIF(NVL(Tempo.fvendas, 0) = 0, 1, ;
    Corrigido: (revisar manualmente)

  Linha 309: [WARN-INDEX-ON-COLLATE-GENERAL]
    Original:  INDEX ON grupos + estos + codigo + codCors + fatvens TAG cgrus
    Corrigido: (REVISAR MANUAL) SELECT-SQL com ORDER BY em vez de INDEX ON

  Linha 311: [WARN-INDEX-ON-COLLATE-GENERAL]
    Original:  INDEX ON grupos + estos + cUnis + codigo + codCors + fatvens TAG cgrus
    Corrigido: (REVISAR MANUAL) SELECT-SQL com ORDER BY em vez de INDEX ON

  Linha 100: [WARN-REPORT-FORM-LOCVAR-IIF]
    Original:  REPORT FORM (loc_cFrx) TO PRINTER PROMPT NOCONSOLE
    Corrigido: (REVISAR MANUAL) THIS.ExecutarReportForm(<expr>, "PRINTER_PROMPT", "<cursor>")

  Linha 128: [WARN-REPORT-FORM-LOCVAR-IIF]
    Original:  REPORT FORM (loc_cFrx) PREVIEW NOCONSOLE
    Corrigido: (REVISAR MANUAL) THIS.ExecutarReportForm(<expr>, "PREVIEW", "<cursor>")


=== CORRECAO CONCLUIDA ===
5 correcao(oes) aplicada(s).
=== CORRETOR AUTOMATICO ===

Arquivo: C:\4c\projeto\app\classes\SIGREEQRBO.prg

Backup criado: C:\4c\projeto\app\classes\SIGREEQRBO.prg.bak
Linhas originais: 790

Aplicando correcoes...
[Pattern #143] Linha 415: INDEX ON com 3 componentes (TAG CodTips) - REVISAR (risco Invalid key length sob COLLATE GENERAL)

  Schema BIT columns carregadas: 202 colunas
Correcoes aplicadas: 1

Detalhes:
  Linha 415: [WARN-INDEX-ON-COLLATE-GENERAL]
    Original:  INDEX ON Codigos + STR(Tipos, 1) + CodTips TAG CodTips
    Corrigido: (REVISAR MANUAL) SELECT-SQL com ORDER BY em vez de INDEX ON


=== CORRECAO CONCLUIDA ===
1 correcao(oes) aplicada(s).
=== CORRETOR AUTOMATICO ===

Arquivo: C:\4c\projeto\app\classes\SigReEqTBO.prg

Backup criado: C:\4c\projeto\app\classes\SigReEqTBO.prg.bak
Linhas originais: 350

Aplicando correcoes...
[555/612] sigreegpBO.prg                                   4,3s  -> sem correcoes
[556/612] sigreeqeBO.prg                                   3,2s  -> sem correcoes
  Schema BIT columns carregadas: 202 colunas
[Pattern #144] Linha 100: REPORT FORM (loc_cPathFrx) fora do helper canonico - REVISAR e refatorar para THIS.ExecutarReportForm
[Pattern #144] Linha 105: REPORT FORM (loc_cPathFrx) fora do helper canonico - REVISAR e refatorar para THIS.ExecutarReportForm
[Pattern #144] Linha 127: REPORT FORM (loc_cPathFrx) fora do helper canonico - REVISAR e refatorar para THIS.ExecutarReportForm
[Pattern #144] Linha 132: REPORT FORM (loc_cPathFrx) fora do helper canonico - REVISAR e refatorar para THIS.ExecutarReportForm
[Pattern #144] Linha 154: REPORT FORM (loc_cPathFrx) fora do helper canonico - REVISAR e refatorar para THIS.ExecutarReportForm
[Pattern #144] Linha 159: REPORT FORM (loc_cPathFrx) fora do helper canonico - REVISAR e refatorar para THIS.ExecutarReportForm

Correcoes aplicadas: 6

Detalhes:
  Linha 100: [WARN-REPORT-FORM-LOCVAR-IIF]
    Original:  REPORT FORM (loc_cPathFrx) TO PRINTER NOCONSOLE
    Corrigido: (REVISAR MANUAL) THIS.ExecutarReportForm(<expr>, "PRINTER", "<cursor>")

  Linha 105: [WARN-REPORT-FORM-LOCVAR-IIF]
    Original:  REPORT FORM (loc_cPathFrx) TO PRINTER NOCONSOLE
    Corrigido: (REVISAR MANUAL) THIS.ExecutarReportForm(<expr>, "PRINTER", "<cursor>")

  Linha 127: [WARN-REPORT-FORM-LOCVAR-IIF]
    Original:  REPORT FORM (loc_cPathFrx) TO PRINTER PROMPT NOCONSOLE
    Corrigido: (REVISAR MANUAL) THIS.ExecutarReportForm(<expr>, "PRINTER_PROMPT", "<cursor>")

  Linha 132: [WARN-REPORT-FORM-LOCVAR-IIF]
    Original:  REPORT FORM (loc_cPathFrx) TO PRINTER PROMPT NOCONSOLE
    Corrigido: (REVISAR MANUAL) THIS.ExecutarReportForm(<expr>, "PRINTER_PROMPT", "<cursor>")

  Linha 154: [WARN-REPORT-FORM-LOCVAR-IIF]
    Original:  REPORT FORM (loc_cPathFrx) PREVIEW NOCONSOLE
    Corrigido: (REVISAR MANUAL) THIS.ExecutarReportForm(<expr>, "PREVIEW", "<cursor>")

  Linha 159: [WARN-REPORT-FORM-LOCVAR-IIF]
    Original:  REPORT FORM (loc_cPathFrx) PREVIEW NOCONSOLE
    Corrigido: (REVISAR MANUAL) THIS.ExecutarReportForm(<expr>, "PREVIEW", "<cursor>")


=== CORRECAO CONCLUIDA ===
6 correcao(oes) aplicada(s).
=== CORRETOR AUTOMATICO ===

Arquivo: C:\4c\projeto\app\classes\SigReEspBO.prg

Backup criado: C:\4c\projeto\app\classes\SigReEspBO.prg.bak
Linhas originais: 1199

Aplicando correcoes...
[557/612] SigReEqTBO.prg                                   1,5s  -> sem correcoes
  Schema BIT columns carregadas: 202 colunas
[Pattern #143] Linha 195: INDEX ON com 6 componentes (TAG Imprimir) - REVISAR (risco Invalid key length sob COLLATE GENERAL)
[Pattern #143] Linha 196: INDEX ON com 4 componentes (TAG visualizar) - REVISAR (risco Invalid key length sob COLLATE GENERAL)

Correcoes aplicadas: 2

Detalhes:
  Linha 195: [WARN-INDEX-ON-COLLATE-GENERAL]
    Original:  INDEX ON Tipos + grupos + contas + Quebra + linhas + cpros TAG Imprimir
    Corrigido: (REVISAR MANUAL) SELECT-SQL com ORDER BY em vez de INDEX ON

  Linha 196: [WARN-INDEX-ON-COLLATE-GENERAL]
    Original:  INDEX ON Grupos + Contas + Linhas + Cpros TAG visualizar
    Corrigido: (REVISAR MANUAL) SELECT-SQL com ORDER BY em vez de INDEX ON


=== CORRECAO CONCLUIDA ===
2 correcao(oes) aplicada(s).
=== CORRETOR AUTOMATICO ===

Arquivo: C:\4c\projeto\app\classes\SigReEtlBO.prg

Backup criado: C:\4c\projeto\app\classes\SigReEtlBO.prg.bak
Linhas originais: 696

Aplicando correcoes...
[Pattern #143] Linha 284: INDEX ON com 3 componentes (TAG Grupos) - REVISAR (risco Invalid key length sob COLLATE GENERAL)
[Pattern #143] Linha 285: INDEX ON com 3 componentes (TAG DescGrps) - REVISAR (risco Invalid key length sob COLLATE GENERAL)
[Pattern #143] Linha 862: INDEX ON com 5 componentes (TAG Classes) - REVISAR (risco Invalid key length sob COLLATE GENERAL)
[Pattern #143] Linha 863: INDEX ON com 7 componentes (TAG Classes2) - REVISAR (risco Invalid key length sob COLLATE GENERAL)
[Pattern #143] Linha 864: INDEX ON com 5 componentes (TAG dRecno) - REVISAR (risco Invalid key length sob COLLATE GENERAL)
[Pattern #143] Linha 1258: INDEX ON com 5 componentes (TAG Classes) - REVISAR (risco Invalid key length sob COLLATE GENERAL)
[Pattern #143] Linha 1259: INDEX ON com 7 componentes (TAG Classes2) - REVISAR (risco Invalid key length sob COLLATE GENERAL)
[Pattern #143] Linha 1260: INDEX ON com 5 componentes (TAG dRecno) - REVISAR (risco Invalid key length sob COLLATE GENERAL)
[Pattern #143] Linha 1264: INDEX ON com 4 componentes (TAG skGroup) - REVISAR (risco Invalid key length sob COLLATE GENERAL)
[Pattern #143] Linha 1673: INDEX ON com 5 componentes (TAG Classes) - REVISAR (risco Invalid key length sob COLLATE GENERAL)
[Pattern #143] Linha 1674: INDEX ON com 7 componentes (TAG Classes2) - REVISAR (risco Invalid key length sob COLLATE GENERAL)
[Pattern #143] Linha 1675: INDEX ON com 5 componentes (TAG dRecno) - REVISAR (risco Invalid key length sob COLLATE GENERAL)
[Pattern #144] Linha 1843: REPORT FORM (loc_cFRX) fora do helper canonico - REVISAR e refatorar para THIS.ExecutarReportForm
[Pattern #144] Linha 1868: REPORT FORM (loc_cFRX) fora do helper canonico - REVISAR e refatorar para THIS.ExecutarReportForm
[Pattern #144] Linha 1892: REPORT FORM (loc_cFRX) fora do helper canonico - REVISAR e refatorar para THIS.ExecutarReportForm
[558/612] SIGREEQRBO.prg                                   3,3s  -> sem correcoes

Correcoes aplicadas: 15

Detalhes:
  Linha 284: [WARN-INDEX-ON-COLLATE-GENERAL]
    Original:  INDEX ON Balancos + Grupos + STR(Ordems, 3)   TAG Grupos
    Corrigido: (REVISAR MANUAL) SELECT-SQL com ORDER BY em vez de INDEX ON

  Linha 285: [WARN-INDEX-ON-COLLATE-GENERAL]
    Original:  INDEX ON Balancos + DescGrps + STR(Ordems, 3) TAG DescGrps
    Corrigido: (REVISAR MANUAL) SELECT-SQL com ORDER BY em vez de INDEX ON

  Linha 862: [WARN-INDEX-ON-COLLATE-GENERAL]
    Original:  INDEX ON PADR(ALLTRIM(Classes),10,"0")+Grupos+Ps+Contas+sContas TAG Classes
    Corrigido: (REVISAR MANUAL) SELECT-SQL com ORDER BY em vez de INDEX ON

  Linha 863: [WARN-INDEX-ON-COLLATE-GENERAL]
    Original:  INDEX ON STR(Ordems,3)+PADR(ALLTRIM(Classes),10,"0")+cOrdBals+Grupos+Ps+Contas+SContas TAG Classes2
    Corrigido: (REVISAR MANUAL) SELECT-SQL com ORDER BY em vez de INDEX ON

  Linha 864: [WARN-INDEX-ON-COLLATE-GENERAL]
    Original:  INDEX ON STR(Ordems, 3) + Ps + Grupos + Contas + SContas    TAG dRecno
    Corrigido: (REVISAR MANUAL) SELECT-SQL com ORDER BY em vez de INDEX ON

  Linha 1258: [WARN-INDEX-ON-COLLATE-GENERAL]
    Original:  INDEX ON PADR(ALLTRIM(Classes),10,"0")+Grupos+Ps+Contas+sContas TAG Classes
    Corrigido: (REVISAR MANUAL) SELECT-SQL com ORDER BY em vez de INDEX ON

  Linha 1259: [WARN-INDEX-ON-COLLATE-GENERAL]
    Original:  INDEX ON STR(Ordems,3)+PADR(ALLTRIM(Classes),10,"0")+cOrdBals+Grupos+Ps+Contas+SContas TAG Classes2
    Corrigido: (REVISAR MANUAL) SELECT-SQL com ORDER BY em vez de INDEX ON

  Linha 1260: [WARN-INDEX-ON-COLLATE-GENERAL]
    Original:  INDEX ON STR(Ordems,3)+Ps+Grupos+Contas+SContas             TAG dRecno
    Corrigido: (REVISAR MANUAL) SELECT-SQL com ORDER BY em vez de INDEX ON

  Linha 1264: [WARN-INDEX-ON-COLLATE-GENERAL]
    Original:  INDEX ON Classes + Grupos + ds_Grupos + Contas TAG skGroup
    Corrigido: (REVISAR MANUAL) SELECT-SQL com ORDER BY em vez de INDEX ON

  Linha 1673: [WARN-INDEX-ON-COLLATE-GENERAL]
    Original:  INDEX ON PADR(ALLTRIM(Classes),10,"0")+Grupos+Ps+Contas+sContas TAG Classes
    Corrigido: (REVISAR MANUAL) SELECT-SQL com ORDER BY em vez de INDEX ON

  Linha 1674: [WARN-INDEX-ON-COLLATE-GENERAL]
    Original:  INDEX ON STR(Ordems,3)+PADR(ALLTRIM(Classes),10,"0")+cOrdBals+Grupos+Ps+Contas+SContas TAG Classes2
    Corrigido: (REVISAR MANUAL) SELECT-SQL com ORDER BY em vez de INDEX ON

  Linha 1675: [WARN-INDEX-ON-COLLATE-GENERAL]
    Original:  INDEX ON STR(Ordems,3)+Ps+Grupos+Contas+SContas             TAG dRecno
    Corrigido: (REVISAR MANUAL) SELECT-SQL com ORDER BY em vez de INDEX ON

  Linha 1843: [WARN-REPORT-FORM-LOCVAR-IIF]
    Original:  REPORT FORM (loc_cFRX) PREVIEW NOCONSOLE
    Corrigido: (REVISAR MANUAL) THIS.ExecutarReportForm(<expr>, "PREVIEW", "<cursor>")

  Linha 1868: [WARN-REPORT-FORM-LOCVAR-IIF]
    Original:  REPORT FORM (loc_cFRX) TO PRINTER PROMPT NOCONSOLE
    Corrigido: (REVISAR MANUAL) THIS.ExecutarReportForm(<expr>, "PRINTER_PROMPT", "<cursor>")

  Linha 1892: [WARN-REPORT-FORM-LOCVAR-IIF]
    Original:  REPORT FORM (loc_cFRX) TO PRINTER NOCONSOLE
    Corrigido: (REVISAR MANUAL) THIS.ExecutarReportForm(<expr>, "PRINTER", "<cursor>")


=== CORRECAO CONCLUIDA ===
15 correcao(oes) aplicada(s).
=== CORRETOR AUTOMATICO ===

Arquivo: C:\4c\projeto\app\classes\SigReEtpBO.prg

Backup criado: C:\4c\projeto\app\classes\SigReEtpBO.prg.bak
Linhas originais: 616

Aplicando correcoes...
[559/612] sigredtvBO.prg                                  12,6s  -> sem correcoes
  Schema BIT columns carregadas: 202 colunas
  Schema BIT columns carregadas: 202 colunas
[Pattern #143] Linha 366: INDEX ON com 3 componentes (TAG idxLGS) - REVISAR (risco Invalid key length sob COLLATE GENERAL)

[Pattern #144] Linha 516: REPORT FORM (loc_cFRX) fora do helper canonico - REVISAR e refatorar para THIS.ExecutarReportForm
Correcoes aplicadas: 0

[Pattern #144] Linha 536: REPORT FORM (loc_cFRX) fora do helper canonico - REVISAR e refatorar para THIS.ExecutarReportForm

[Pattern #144] Linha 556: REPORT FORM (loc_cFRX) fora do helper canonico - REVISAR e refatorar para THIS.ExecutarReportForm
=== CORRECAO CONCLUIDA ===
Nenhuma correcao necessaria.
  Schema BIT columns carregadas: 202 colunas
=== CORRETOR AUTOMATICO ===

Arquivo: C:\4c\projeto\app\classes\sigreeunBO.prg

Backup criado: C:\4c\projeto\app\classes\sigreeunBO.prg.bak
Linhas originais: 777


Aplicando correcoes...
Correcoes aplicadas: 4

Detalhes:
  Linha 366: [WARN-INDEX-ON-COLLATE-GENERAL]
    Original:  INDEX ON localizas + cgrus + sgrus TAG idxLGS
    Corrigido: (REVISAR MANUAL) SELECT-SQL com ORDER BY em vez de INDEX ON

  Linha 516: [WARN-REPORT-FORM-LOCVAR-IIF]
    Original:  REPORT FORM (loc_cFRX) TO PRINTER PROMPT NOCONSOLE
    Corrigido: (REVISAR MANUAL) THIS.ExecutarReportForm(<expr>, "PRINTER_PROMPT", "<cursor>")

  Linha 536: [WARN-REPORT-FORM-LOCVAR-IIF]
    Original:  REPORT FORM (loc_cFRX) PREVIEW NOCONSOLE
    Corrigido: (REVISAR MANUAL) THIS.ExecutarReportForm(<expr>, "PREVIEW", "<cursor>")

  Linha 556: [WARN-REPORT-FORM-LOCVAR-IIF]
    Original:  REPORT FORM (loc_cFRX) TO PRINTER NOCONSOLE
    Corrigido: (REVISAR MANUAL) THIS.ExecutarReportForm(<expr>, "PRINTER", "<cursor>")


=== CORRECAO CONCLUIDA ===
4 correcao(oes) aplicada(s).
=== CORRETOR AUTOMATICO ===

Arquivo: C:\4c\projeto\app\classes\SigReEvdBO.prg

Backup criado: C:\4c\projeto\app\classes\SigReEvdBO.prg.bak
[560/612] SigReEtlBO.prg                                   4,0s  -> sem correcoes
[561/612] SigReEtpBO.prg                                   3,6s  -> sem correcoes
Linhas originais: 492

Aplicando correcoes...
  Schema BIT columns carregadas: 202 colunas
  Schema BIT columns carregadas: 202 colunas
[Pattern #143] Linha 311: INDEX ON com 3 componentes (TAG EmpDopNum) - REVISAR (risco Invalid key length sob COLLATE GENERAL)
[Pattern #143] Linha 379: INDEX ON com 5 componentes (TAG Pedido) - REVISAR (risco Invalid key length sob COLLATE GENERAL)

Correcoes aplicadas: 0


=== CORRECAO CONCLUIDA ===
Nenhuma correcao necessaria.
=== CORRETOR AUTOMATICO ===

Arquivo: C:\4c\projeto\app\classes\SIGREEVVBO.prg

Backup criado: C:\4c\projeto\app\classes\SIGREEVVBO.prg.bak
Linhas originais: 667

Aplicando correcoes...

Correcoes aplicadas: 2

Detalhes:
  Linha 311: [WARN-INDEX-ON-COLLATE-GENERAL]
    Original:  INDEX ON Emps + Dopes + STR(Numes, 6) TAG EmpDopNum
    Corrigido: (REVISAR MANUAL) SELECT-SQL com ORDER BY em vez de INDEX ON

  Linha 379: [WARN-INDEX-ON-COLLATE-GENERAL]
    Original:  INDEX ON &loc_lnOrdeBy_Expr. + Emps + Dopes + STR(Numes,6) + Tipos TAG Pedido
    Corrigido: (REVISAR MANUAL) SELECT-SQL com ORDER BY em vez de INDEX ON


=== CORRECAO CONCLUIDA ===
2 correcao(oes) aplicada(s).
=== CORRETOR AUTOMATICO ===

Arquivo: C:\4c\projeto\app\classes\sigrefc1BO.prg

Backup criado: C:\4c\projeto\app\classes\sigrefc1BO.prg.bak
Linhas originais: 1345

Aplicando correcoes...
[562/612] SigReEspBO.prg                                   7,8s  -> sem correcoes
[563/612] SigReEvdBO.prg                                   2,1s  -> sem correcoes
  Schema BIT columns carregadas: 202 colunas

Correcoes aplicadas: 0


=== CORRECAO CONCLUIDA ===
Nenhuma correcao necessaria.
=== CORRETOR AUTOMATICO ===

Arquivo: C:\4c\projeto\app\classes\sigrefc2BO.prg

Backup criado: C:\4c\projeto\app\classes\sigrefc2BO.prg.bak
Linhas originais: 1318

Aplicando correcoes...
[564/612] sigreeunBO.prg                                   3,4s  -> sem correcoes
  Schema BIT columns carregadas: 202 colunas
[Pattern #143] Linha 317: INDEX ON com 4 componentes (TAG cItens) - REVISAR (risco Invalid key length sob COLLATE GENERAL)
[Pattern #143] Linha 371: INDEX ON com 8 componentes (TAG IdxTmpRelP) - REVISAR (risco Invalid key length sob COLLATE GENERAL)
[Pattern #143] Linha 394: INDEX ON com 4 componentes (TAG CItens) - REVISAR (risco Invalid key length sob COLLATE GENERAL)
[Pattern #143] Linha 419: INDEX ON com 4 componentes (TAG Cmats) - REVISAR (risco Invalid key length sob COLLATE GENERAL)

Correcoes aplicadas: 0


=== CORRECAO CONCLUIDA ===
Nenhuma correcao necessaria.
=== CORRETOR AUTOMATICO ===

Arquivo: C:\4c\projeto\app\classes\sigrefcdBO.prg

Backup criado: C:\4c\projeto\app\classes\sigrefcdBO.prg.bak
Linhas originais: 519

Aplicando correcoes...
[565/612] SIGREEVVBO.prg                                   2,6s  -> sem correcoes

Correcoes aplicadas: 4

Detalhes:
  Linha 317: [WARN-INDEX-ON-COLLATE-GENERAL]
    Original:  INDEX ON STR(cItens,4)+CodCors+CodTams+CodEmbs TAG cItens
    Corrigido: (REVISAR MANUAL) SELECT-SQL com ORDER BY em vez de INDEX ON

  Linha 371: [WARN-INDEX-ON-COLLATE-GENERAL]
    Original:  INDEX ON Emps+Dopes+STR(Numes,6)+Opers+Cpros+STR(Units,15,6)+Moedas+CodCors TAG IdxTmpRelP
    Corrigido: (REVISAR MANUAL) SELECT-SQL com ORDER BY em vez de INDEX ON

  Linha 394: [WARN-INDEX-ON-COLLATE-GENERAL]
    Original:  INDEX ON STR(CItens,4)+CodCors+CodTams+CodEmbs TAG CItens
    Corrigido: (REVISAR MANUAL) SELECT-SQL com ORDER BY em vez de INDEX ON

  Linha 419: [WARN-INDEX-ON-COLLATE-GENERAL]
    Original:  INDEX ON STR(Numes,6) + Cpros + Cmats + STR(cItens,4) TAG Cmats
    Corrigido: (REVISAR MANUAL) SELECT-SQL com ORDER BY em vez de INDEX ON


=== CORRECAO CONCLUIDA ===
4 correcao(oes) aplicada(s).
=== CORRETOR AUTOMATICO ===

Arquivo: C:\4c\projeto\app\classes\sigrefcxBO.prg

Backup criado: C:\4c\projeto\app\classes\sigrefcxBO.prg.bak
Linhas originais: 2923

Aplicando correcoes...
[566/612] sigredocBO.prg                                  22,5s  -> sem correcoes
  Schema BIT columns carregadas: 202 colunas

Correcoes aplicadas: 0


=== CORRECAO CONCLUIDA ===
Nenhuma correcao necessaria.
=== CORRETOR AUTOMATICO ===

Arquivo: C:\4c\projeto\app\classes\sigrefecBO.prg

Backup criado: C:\4c\projeto\app\classes\sigrefecBO.prg.bak
Linhas originais: 865

Aplicando correcoes...
[567/612] sigrefcdBO.prg                                   2,1s  -> sem correcoes
  Schema BIT columns carregadas: 202 colunas
  Schema BIT columns carregadas: 202 colunas

Correcoes aplicadas: 0


=== CORRECAO CONCLUIDA ===
Nenhuma correcao necessaria.
=== CORRETOR AUTOMATICO ===

Arquivo: C:\4c\projeto\app\classes\sigreffiBO.prg

Backup criado: C:\4c\projeto\app\classes\sigreffiBO.prg.bak
Linhas originais: 1194

Aplicando correcoes...
[568/612] sigrefc1BO.prg                                   7,1s  -> sem correcoes
  Schema BIT columns carregadas: 202 colunas

Correcoes aplicadas: 0


=== CORRECAO CONCLUIDA ===
Nenhuma correcao necessaria.
=== CORRETOR AUTOMATICO ===

Arquivo: C:\4c\projeto\app\classes\sigreffnBO.prg

Backup criado: C:\4c\projeto\app\classes\sigreffnBO.prg.bak
Linhas originais: 1476

Aplicando correcoes...
[569/612] sigrefc2BO.prg                                   6,8s  -> sem correcoes

Correcoes aplicadas: 0


=== CORRECAO CONCLUIDA ===
Nenhuma correcao necessaria.
=== CORRETOR AUTOMATICO ===

Arquivo: C:\4c\projeto\app\classes\SigReFtpBO.prg

Backup criado: C:\4c\projeto\app\classes\SigReFtpBO.prg.bak
BOM UTF-8 detectado e removido!
Linhas originais: 291

Aplicando correcoes...
[570/612] sigrefecBO.prg                                   4,1s  -> sem correcoes
  Schema BIT columns carregadas: 202 colunas

Correcoes aplicadas: 1

Detalhes:
  Linha 1: [BOM_UTF8]
    Original:  (BOM UTF-8: EF BB BF)
    Corrigido: (removido)


=== CORRECAO CONCLUIDA ===
1 correcao(oes) aplicada(s).
[571/612] SigReFtpBO.prg                                   1,3s  -> sem correcoes
=== CORRETOR AUTOMATICO ===

Arquivo: C:\4c\projeto\app\classes\SIGREFUNBO.prg

Backup criado: C:\4c\projeto\app\classes\SIGREFUNBO.prg.bak
Linhas originais: 275

Aplicando correcoes...
  Schema BIT columns carregadas: 202 colunas
  Schema BIT columns carregadas: 202 colunas
[Pattern #143] Linha 88: INDEX ON com 3 componentes (TAG Impressao) - REVISAR (risco Invalid key length sob COLLATE GENERAL)

Correcoes aplicadas: 1

Detalhes:
  Linha 88: [WARN-INDEX-ON-COLLATE-GENERAL]
    Original:  INDEX ON STR(Codigos, 6) + CodCors + STR(Tubos, 2) TAG Impressao
    Corrigido: (REVISAR MANUAL) SELECT-SQL com ORDER BY em vez de INDEX ON


=== CORRECAO CONCLUIDA ===
1 correcao(oes) aplicada(s).
=== CORRETOR AUTOMATICO ===

Arquivo: C:\4c\projeto\app\classes\SIGREFXVBO.prg

Backup criado: C:\4c\projeto\app\classes\SIGREFXVBO.prg.bak
Linhas originais: 504

Aplicando correcoes...
[572/612] SIGREFUNBO.prg                                   1,4s  -> sem correcoes

Correcoes aplicadas: 0


=== CORRECAO CONCLUIDA ===
Nenhuma correcao necessaria.
=== CORRETOR AUTOMATICO ===

Arquivo: C:\4c\projeto\app\classes\SIGREGDPBO.prg

Backup criado: C:\4c\projeto\app\classes\SIGREGDPBO.prg.bak
Linhas originais: 404

Aplicando correcoes...
[573/612] sigreffiBO.prg                                   5,9s  -> sem correcoes
  Schema BIT columns carregadas: 202 colunas
[Pattern #143] Linha 159: INDEX ON com 3 componentes (TAG Codigos) - REVISAR (risco Invalid key length sob COLLATE GENERAL)

Correcoes aplicadas: 1

Detalhes:
  Linha 159: [WARN-INDEX-ON-COLLATE-GENERAL]
    Original:  INDEX ON Codigos + STR(Faixais,12,2) + STR(FaixaFs,12,2) TAG Codigos
    Corrigido: (REVISAR MANUAL) SELECT-SQL com ORDER BY em vez de INDEX ON


=== CORRECAO CONCLUIDA ===
1 correcao(oes) aplicada(s).
=== CORRETOR AUTOMATICO ===

Arquivo: C:\4c\projeto\app\classes\SigReGlaBO.prg

Backup criado: C:\4c\projeto\app\classes\SigReGlaBO.prg.bak
Linhas originais: 80

Aplicando correcoes...
  Schema BIT columns carregadas: 202 colunas
[574/612] SIGREFXVBO.prg                                   2,4s  -> sem correcoes
  Schema BIT columns carregadas: 202 colunas

Correcoes aplicadas: 0


  Schema BIT columns carregadas: 202 colunas
=== CORRECAO CONCLUIDA ===

Nenhuma correcao necessaria.
Correcoes aplicadas: 0


=== CORRETOR AUTOMATICO ===

Arquivo: C:\4c\projeto\app\classes\sigregliBO.prg

=== CORRECAO CONCLUIDA ===
Backup criado: C:\4c\projeto\app\classes\sigregliBO.prg.bak
Nenhuma correcao necessaria.
Linhas originais: 2760

Aplicando correcoes...
=== CORRETOR AUTOMATICO ===

Arquivo: C:\4c\projeto\app\classes\sigregnfBO.prg

Backup criado: C:\4c\projeto\app\classes\sigregnfBO.prg.bak
Linhas originais: 712

Aplicando correcoes...
[575/612] SIGREGDPBO.prg                                   1,9s  -> sem correcoes
[576/612] SigReGlaBO.prg                                   0,9s  -> sem correcoes
[Pattern #143] Linha 162: INDEX ON com 3 componentes (TAG ImpDisps) - REVISAR (risco Invalid key length sob COLLATE GENERAL)
[Pattern #143] Linha 339: INDEX ON com 3 componentes (TAG Fase) - REVISAR (risco Invalid key length sob COLLATE GENERAL)

Correcoes aplicadas: 2

Detalhes:
  Linha 162: [WARN-INDEX-ON-COLLATE-GENERAL]
    Original:  INDEX ON TRANSFORM(ImpDisps, "@!") + Grupos + Contas TAG ImpDisps
    Corrigido: (REVISAR MANUAL) SELECT-SQL com ORDER BY em vez de INDEX ON

  Linha 339: [WARN-INDEX-ON-COLLATE-GENERAL]
    Original:  INDEX ON STR(Fase, 1) + Grupos + Contas TAG Fase
    Corrigido: (REVISAR MANUAL) SELECT-SQL com ORDER BY em vez de INDEX ON


=== CORRECAO CONCLUIDA ===
2 correcao(oes) aplicada(s).
=== CORRETOR AUTOMATICO ===

Arquivo: C:\4c\projeto\app\classes\sigrehbrBO.prg

Backup criado: C:\4c\projeto\app\classes\sigrehbrBO.prg.bak
[577/612] sigreffnBO.prg                                   8,6s  -> sem correcoes
Linhas originais: 521

Aplicando correcoes...
  Schema BIT columns carregadas: 202 colunas
  Schema BIT columns carregadas: 202 colunas

Correcoes aplicadas: 0


=== CORRECAO CONCLUIDA ===
Nenhuma correcao necessaria.
=== CORRETOR AUTOMATICO ===

Arquivo: C:\4c\projeto\app\classes\SIGREHCPBO.prg

Backup criado: C:\4c\projeto\app\classes\SIGREHCPBO.prg.bak
Linhas originais: 222

Aplicando correcoes...
[578/612] sigregnfBO.prg                                   3,4s  -> sem correcoes

Correcoes aplicadas: 0


=== CORRECAO CONCLUIDA ===
Nenhuma correcao necessaria.
=== CORRETOR AUTOMATICO ===

Arquivo: C:\4c\projeto\app\classes\SigReHevBO.prg

Backup criado: C:\4c\projeto\app\classes\SigReHevBO.prg.bak
Linhas originais: 348

Aplicando correcoes...
[579/612] sigrehbrBO.prg                                   2,1s  -> sem correcoes
  Schema BIT columns carregadas: 202 colunas
[Pattern #144] Linha 174: REPORT FORM (loc_cArquivo) fora do helper canonico - REVISAR e refatorar para THIS.ExecutarReportForm
[Pattern #144] Linha 202: REPORT FORM (loc_cArquivo) fora do helper canonico - REVISAR e refatorar para THIS.ExecutarReportForm

Correcoes aplicadas: 2

Detalhes:
  Linha 174: [WARN-REPORT-FORM-LOCVAR-IIF]
    Original:  REPORT FORM (loc_cArquivo) TO PRINTER PROMPT NOCONSOLE
    Corrigido: (REVISAR MANUAL) THIS.ExecutarReportForm(<expr>, "PRINTER_PROMPT", "<cursor>")

  Linha 202: [WARN-REPORT-FORM-LOCVAR-IIF]
    Original:  REPORT FORM (loc_cArquivo) PREVIEW NOCONSOLE
    Corrigido: (REVISAR MANUAL) THIS.ExecutarReportForm(<expr>, "PREVIEW", "<cursor>")


=== CORRECAO CONCLUIDA ===
2 correcao(oes) aplicada(s).
=== CORRETOR AUTOMATICO ===

Arquivo: C:\4c\projeto\app\classes\SIGREHPEBO.prg

Backup criado: C:\4c\projeto\app\classes\SIGREHPEBO.prg.bak
Linhas originais: 299

Aplicando correcoes...
[580/612] SIGREHCPBO.prg                                   1,1s  -> sem correcoes
  Schema BIT columns carregadas: 202 colunas

Correcoes aplicadas: 0


=== CORRECAO CONCLUIDA ===
Nenhuma correcao necessaria.
=== CORRETOR AUTOMATICO ===

Arquivo: C:\4c\projeto\app\classes\sigrehprBO.prg

Backup criado: C:\4c\projeto\app\classes\sigrehprBO.prg.bak
Linhas originais: 971

Aplicando correcoes...
[581/612] SigReHevBO.prg                                   1,6s  -> sem correcoes
  Schema BIT columns carregadas: 202 colunas

Correcoes aplicadas: 0


=== CORRECAO CONCLUIDA ===
Nenhuma correcao necessaria.
=== CORRETOR AUTOMATICO ===

Arquivo: C:\4c\projeto\app\classes\sigrehtcBO.prg

Backup criado: C:\4c\projeto\app\classes\sigrehtcBO.prg.bak
Linhas originais: 613

Aplicando correcoes...
[582/612] SIGREHPEBO.prg                                   1,3s  -> sem correcoes
  Schema BIT columns carregadas: 202 colunas
  Schema BIT columns carregadas: 202 colunas

Correcoes aplicadas: 0


=== CORRECAO CONCLUIDA ===
Nenhuma correcao necessaria.
=== CORRETOR AUTOMATICO ===

Arquivo: C:\4c\projeto\app\classes\SIGREIDCBO.prg

Backup criado: C:\4c\projeto\app\classes\SIGREIDCBO.prg.bak
Linhas originais: 399

Aplicando correcoes...
  Schema BIT columns carregadas: 202 colunas
[583/612] sigrehtcBO.prg                                   2,6s  -> sem correcoes

Correcoes aplicadas: 0


=== CORRECAO CONCLUIDA ===
Nenhuma correcao necessaria.
  Schema BIT columns carregadas: 202 colunas
=== CORRETOR AUTOMATICO ===

Arquivo: C:\4c\projeto\app\classes\SigReIdtBO.prg

Backup criado: C:\4c\projeto\app\classes\SigReIdtBO.prg.bak
Linhas originais: 603

Aplicando correcoes...
[584/612] sigrehprBO.prg                                   4,2s  -> sem correcoes

Correcoes aplicadas: 0


=== CORRECAO CONCLUIDA ===
Nenhuma correcao necessaria.
=== CORRETOR AUTOMATICO ===

Arquivo: C:\4c\projeto\app\classes\SigReIfpBO.prg

Backup criado: C:\4c\projeto\app\classes\SigReIfpBO.prg.bak
Linhas originais: 716

Aplicando correcoes...
[585/612] SIGREIDCBO.prg                                   1,5s  -> sem correcoes
  Schema BIT columns carregadas: 202 colunas
[Pattern #144] Linha 545: REPORT FORM (loc_cFrx) fora do helper canonico - REVISAR e refatorar para THIS.ExecutarReportForm
[Pattern #144] Linha 560: REPORT FORM (loc_cFrx) fora do helper canonico - REVISAR e refatorar para THIS.ExecutarReportForm
[Pattern #144] Linha 575: REPORT FORM (loc_cFrx) fora do helper canonico - REVISAR e refatorar para THIS.ExecutarReportForm

Correcoes aplicadas: 3

Detalhes:
  Linha 545: [WARN-REPORT-FORM-LOCVAR-IIF]
    Original:  REPORT FORM (loc_cFrx) PREVIEW NOCONSOLE
    Corrigido: (REVISAR MANUAL) THIS.ExecutarReportForm(<expr>, "PREVIEW", "<cursor>")

  Linha 560: [WARN-REPORT-FORM-LOCVAR-IIF]
    Original:  REPORT FORM (loc_cFrx) TO PRINTER PROMPT NOCONSOLE
    Corrigido: (REVISAR MANUAL) THIS.ExecutarReportForm(<expr>, "PRINTER_PROMPT", "<cursor>")

  Linha 575: [WARN-REPORT-FORM-LOCVAR-IIF]
    Original:  REPORT FORM (loc_cFrx) TO PRINTER NOCONSOLE
    Corrigido: (REVISAR MANUAL) THIS.ExecutarReportForm(<expr>, "PRINTER", "<cursor>")


=== CORRECAO CONCLUIDA ===
3 correcao(oes) aplicada(s).
=== CORRETOR AUTOMATICO ===

Arquivo: C:\4c\projeto\app\classes\SigReIfvBO.prg

Backup criado: C:\4c\projeto\app\classes\SigReIfvBO.prg.bak
Linhas originais: 762

Aplicando correcoes...
[586/612] SigReIdtBO.prg                                   2,8s  -> sem correcoes
  Schema BIT columns carregadas: 202 colunas
[Pattern #143] Linha 162: INDEX ON com 4 componentes (TAG TpGruCond) - REVISAR (risco Invalid key length sob COLLATE GENERAL)
[Pattern #144] Linha 621: REPORT FORM (loc_cFrx) fora do helper canonico - REVISAR e refatorar para THIS.ExecutarReportForm
[Pattern #144] Linha 648: REPORT FORM (loc_cFrx) fora do helper canonico - REVISAR e refatorar para THIS.ExecutarReportForm

Correcoes aplicadas: 3

Detalhes:
  Linha 162: [WARN-INDEX-ON-COLLATE-GENERAL]
    Original:  INDEX ON TpOps + Grupos + Contas + DTOS(Datas) TAG TpGruCond
    Corrigido: (REVISAR MANUAL) SELECT-SQL com ORDER BY em vez de INDEX ON

  Linha 621: [WARN-REPORT-FORM-LOCVAR-IIF]
    Original:  REPORT FORM (loc_cFrx) TO PRINTER PROMPT NOCONSOLE
    Corrigido: (REVISAR MANUAL) THIS.ExecutarReportForm(<expr>, "PRINTER_PROMPT", "<cursor>")

  Linha 648: [WARN-REPORT-FORM-LOCVAR-IIF]
    Original:  REPORT FORM (loc_cFrx) PREVIEW NOCONSOLE
    Corrigido: (REVISAR MANUAL) THIS.ExecutarReportForm(<expr>, "PREVIEW", "<cursor>")


=== CORRECAO CONCLUIDA ===
3 correcao(oes) aplicada(s).
=== CORRETOR AUTOMATICO ===

Arquivo: C:\4c\projeto\app\classes\sigreifxBO.prg

Backup criado: C:\4c\projeto\app\classes\sigreifxBO.prg.bak
Linhas originais: 2160

[587/612] SigReIfpBO.prg                                   3,4s  -> sem correcoes
Aplicando correcoes...
[Pattern #143] Linha 553: INDEX ON com 4 componentes (TAG UsDop) - REVISAR (risco Invalid key length sob COLLATE GENERAL)
[Pattern #143] Linha 557: INDEX ON com 3 componentes (TAG IdCart) - REVISAR (risco Invalid key length sob COLLATE GENERAL)
[Pattern #143] Linha 582: INDEX ON com 3 componentes (TAG Tipo) - REVISAR (risco Invalid key length sob COLLATE GENERAL)
[Pattern #143] Linha 588: INDEX ON com 3 componentes (TAG DopPag) - REVISAR (risco Invalid key length sob COLLATE GENERAL)
[Pattern #143] Linha 624: INDEX ON com 3 componentes (TAG iTipoOps) - REVISAR (risco Invalid key length sob COLLATE GENERAL)
[Pattern #143] Linha 629: INDEX ON com 3 componentes (TAG iTipoOps) - REVISAR (risco Invalid key length sob COLLATE GENERAL)
[Pattern #143] Linha 985: INDEX ON com 3 componentes (TAG ITipoOps) - REVISAR (risco Invalid key length sob COLLATE GENERAL)
[Pattern #143] Linha 990: INDEX ON com 3 componentes (TAG ITipoOps) - REVISAR (risco Invalid key length sob COLLATE GENERAL)
[Pattern #143] Linha 1237: INDEX ON com 3 componentes (TAG ITipoOps) - REVISAR (risco Invalid key length sob COLLATE GENERAL)
[Pattern #143] Linha 1242: INDEX ON com 3 componentes (TAG ITipoOps) - REVISAR (risco Invalid key length sob COLLATE GENERAL)
[Pattern #143] Linha 1489: INDEX ON com 3 componentes (TAG ITipoOps) - REVISAR (risco Invalid key length sob COLLATE GENERAL)
[Pattern #143] Linha 1494: INDEX ON com 3 componentes (TAG ITipoOps) - REVISAR (risco Invalid key length sob COLLATE GENERAL)
[Pattern #144] Linha 2661: REPORT FORM (loc_cFrx) fora do helper canonico - REVISAR e refatorar para THIS.ExecutarReportForm
[Pattern #144] Linha 2809: REPORT FORM (loc_cFrx) fora do helper canonico - REVISAR e refatorar para THIS.ExecutarReportForm

Correcoes aplicadas: 15

Detalhes:
  Linha 130: [NVL_BIT_FIELD_WARN]
    Original:  THIS.this_nResVDets = IIF(NVL(ResvDets, 0) = 0, 1, NVL(ResvDets, 1))
    Corrigido: (revisar manualmente)

  Linha 553: [WARN-INDEX-ON-COLLATE-GENERAL]
    Original:  INDEX ON usuars + dopes + DTOS(datas) + STR(numes, 6) TAG UsDop
    Corrigido: (REVISAR MANUAL) SELECT-SQL com ORDER BY em vez de INDEX ON

  Linha 557: [WARN-INDEX-ON-COLLATE-GENERAL]
    Original:  INDEX ON cusuarios + cdcarts + cnIdTefs TAG IdCart
    Corrigido: (REVISAR MANUAL) SELECT-SQL com ORDER BY em vez de INDEX ON

  Linha 582: [WARN-INDEX-ON-COLLATE-GENERAL]
    Original:  INDEX ON usuars + tipo + fpags TAG Tipo
    Corrigido: (REVISAR MANUAL) SELECT-SQL com ORDER BY em vez de INDEX ON

  Linha 588: [WARN-INDEX-ON-COLLATE-GENERAL]
    Original:  INDEX ON usuars + dopes + Forma TAG DopPag
    Corrigido: (REVISAR MANUAL) SELECT-SQL com ORDER BY em vez de INDEX ON

  Linha 624: [WARN-INDEX-ON-COLLATE-GENERAL]
    Original:  INDEX ON usuars + STR(tipoops, 2) + dopes TAG iTipoOps
    Corrigido: (REVISAR MANUAL) SELECT-SQL com ORDER BY em vez de INDEX ON

  Linha 629: [WARN-INDEX-ON-COLLATE-GENERAL]
    Original:  INDEX ON usuars + STR(tipoops, 2) + dopes TAG iTipoOps
    Corrigido: (REVISAR MANUAL) SELECT-SQL com ORDER BY em vez de INDEX ON

  Linha 985: [WARN-INDEX-ON-COLLATE-GENERAL]
    Original:  INDEX ON usuars + STR(tipoops, 2) + dopes TAG ITipoOps
    Corrigido: (REVISAR MANUAL) SELECT-SQL com ORDER BY em vez de INDEX ON

  Linha 990: [WARN-INDEX-ON-COLLATE-GENERAL]
    Original:  INDEX ON usuars + STR(tipoops, 2) + dopes TAG ITipoOps
    Corrigido: (REVISAR MANUAL) SELECT-SQL com ORDER BY em vez de INDEX ON

  Linha 1237: [WARN-INDEX-ON-COLLATE-GENERAL]
    Original:  INDEX ON usuars + STR(tipoops, 2) + dopes TAG ITipoOps
    Corrigido: (REVISAR MANUAL) SELECT-SQL com ORDER BY em vez de INDEX ON

  Linha 1242: [WARN-INDEX-ON-COLLATE-GENERAL]
    Original:  INDEX ON usuars + STR(tipoops, 2) + dopes TAG ITipoOps
    Corrigido: (REVISAR MANUAL) SELECT-SQL com ORDER BY em vez de INDEX ON

  Linha 1489: [WARN-INDEX-ON-COLLATE-GENERAL]
    Original:  INDEX ON usuars + STR(tipoops, 2) + dopes TAG ITipoOps
    Corrigido: (REVISAR MANUAL) SELECT-SQL com ORDER BY em vez de INDEX ON

  Linha 1494: [WARN-INDEX-ON-COLLATE-GENERAL]
    Original:  INDEX ON usuars + STR(tipoops, 2) + dopes TAG ITipoOps
    Corrigido: (REVISAR MANUAL) SELECT-SQL com ORDER BY em vez de INDEX ON

  Linha 2661: [WARN-REPORT-FORM-LOCVAR-IIF]
    Original:  REPORT FORM (loc_cFrx) PREVIEW NOCONSOLE
    Corrigido: (REVISAR MANUAL) THIS.ExecutarReportForm(<expr>, "PREVIEW", "<cursor>")

  Linha 2809: [WARN-REPORT-FORM-LOCVAR-IIF]
    Original:  REPORT FORM (loc_cFrx) TO PRINTER PROMPT NOCONSOLE
    Corrigido: (REVISAR MANUAL) THIS.ExecutarReportForm(<expr>, "PRINTER_PROMPT", "<cursor>")


=== CORRECAO CONCLUIDA ===
15 correcao(oes) aplicada(s).
=== CORRETOR AUTOMATICO ===

Arquivo: C:\4c\projeto\app\classes\SigReIivBO.prg

Backup criado: C:\4c\projeto\app\classes\SigReIivBO.prg.bak
Linhas originais: 1069

Aplicando correcoes...
  Schema BIT columns carregadas: 202 colunas
[588/612] sigrefcxBO.prg                                  26,8s  -> sem correcoes
[Pattern #144] Linha 311: REPORT FORM (loc_cFrx) fora do helper canonico - REVISAR e refatorar para THIS.ExecutarReportForm
[Pattern #144] Linha 330: REPORT FORM (loc_cFrx) fora do helper canonico - REVISAR e refatorar para THIS.ExecutarReportForm

Correcoes aplicadas: 2

Detalhes:
  Linha 311: [WARN-REPORT-FORM-LOCVAR-IIF]
    Original:  REPORT FORM (loc_cFrx) PREVIEW NOCONSOLE
    Corrigido: (REVISAR MANUAL) THIS.ExecutarReportForm(<expr>, "PREVIEW", "<cursor>")

  Linha 330: [WARN-REPORT-FORM-LOCVAR-IIF]
    Original:  REPORT FORM (loc_cFrx) TO PRINTER PROMPT NOCONSOLE
    Corrigido: (REVISAR MANUAL) THIS.ExecutarReportForm(<expr>, "PRINTER_PROMPT", "<cursor>")


=== CORRECAO CONCLUIDA ===
2 correcao(oes) aplicada(s).
=== CORRETOR AUTOMATICO ===

[589/612] SigReIfvBO.prg                                   3,3s  -> sem correcoes
Arquivo: C:\4c\projeto\app\classes\sigreimcBO.prg

Backup criado: C:\4c\projeto\app\classes\sigreimcBO.prg.bak
Linhas originais: 335

Aplicando correcoes...
  Schema BIT columns carregadas: 202 colunas
[Pattern #143] Linha 189: INDEX ON com 4 componentes (TAG XCorNfIdx) - REVISAR (risco Invalid key length sob COLLATE GENERAL)
  Schema BIT columns carregadas: 202 colunas

Correcoes aplicadas: 1

Detalhes:
  Linha 189: [WARN-INDEX-ON-COLLATE-GENERAL]
    Original:  INDEX ON cemps + cseries + cnfis + STR(numvias, 8) TAG XCorNfIdx
    Corrigido: (REVISAR MANUAL) SELECT-SQL com ORDER BY em vez de INDEX ON


=== CORRECAO CONCLUIDA ===
1 correcao(oes) aplicada(s).
=== CORRETOR AUTOMATICO ===

Arquivo: C:\4c\projeto\app\classes\sigreimpBO.prg

Backup criado: C:\4c\projeto\app\classes\sigreimpBO.prg.bak
Linhas originais: 581

Aplicando correcoes...
[590/612] sigreimcBO.prg                                   1,3s  -> sem correcoes
  Schema BIT columns carregadas: 202 colunas
  Schema BIT columns carregadas: 202 colunas

Correcoes aplicadas: 0


=== CORRECAO CONCLUIDA ===
Nenhuma correcao necessaria.
=== CORRETOR AUTOMATICO ===

Arquivo: C:\4c\projeto\app\classes\SigReInfBO.prg

Backup criado: C:\4c\projeto\app\classes\SigReInfBO.prg.bak
Linhas originais: 188

Aplicando correcoes...
[591/612] sigreimpBO.prg                                   2,2s  -> sem correcoes
  Schema BIT columns carregadas: 202 colunas

Correcoes aplicadas: 0


=== CORRECAO CONCLUIDA ===
Nenhuma correcao necessaria.
=== CORRETOR AUTOMATICO ===

Arquivo: C:\4c\projeto\app\classes\sigreinrBO.prg

Backup criado: C:\4c\projeto\app\classes\sigreinrBO.prg.bak
Linhas originais: 1578

Aplicando correcoes...

Correcoes aplicadas: 0


=== CORRECAO CONCLUIDA ===
Nenhuma correcao necessaria.
=== CORRETOR AUTOMATICO ===

Arquivo: C:\4c\projeto\app\classes\SigReInvBO.prg

Backup criado: C:\4c\projeto\app\classes\SigReInvBO.prg.bak
Linhas originais: 1433

Aplicando correcoes...
[592/612] SigReIivBO.prg                                   5,6s  -> sem correcoes
[593/612] SigReInfBO.prg                                   1,0s  -> sem correcoes

Correcoes aplicadas: 0


=== CORRECAO CONCLUIDA ===
Nenhuma correcao necessaria.
=== CORRETOR AUTOMATICO ===

Arquivo: C:\4c\projeto\app\classes\SigReIpcBO.prg

Backup criado: C:\4c\projeto\app\classes\SigReIpcBO.prg.bak
Linhas originais: 216

Aplicando correcoes...
[594/612] sigregliBO.prg                                  23,4s  -> sem correcoes
  Schema BIT columns carregadas: 202 colunas

Correcoes aplicadas: 0


=== CORRECAO CONCLUIDA ===
Nenhuma correcao necessaria.
=== CORRETOR AUTOMATICO ===

Arquivo: C:\4c\projeto\app\classes\sigreipeBO.prg

Backup criado: C:\4c\projeto\app\classes\sigreipeBO.prg.bak
Linhas originais: 287

Aplicando correcoes...
[595/612] SigReIpcBO.prg                                   0,9s  -> sem correcoes
  Schema BIT columns carregadas: 202 colunas
  Schema BIT columns carregadas: 202 colunas

Correcoes aplicadas: 0


=== CORRECAO CONCLUIDA ===
Nenhuma correcao necessaria.
=== CORRETOR AUTOMATICO ===

Arquivo: C:\4c\projeto\app\classes\SigReIprBO.prg

Backup criado: C:\4c\projeto\app\classes\SigReIprBO.prg.bak
Linhas originais: 295

Aplicando correcoes...
[596/612] sigreipeBO.prg                                   1,3s  -> sem correcoes
  Schema BIT columns carregadas: 202 colunas
  Schema BIT columns carregadas: 202 colunas
[Pattern #143] Linha 173: INDEX ON com 3 componentes (TAG RClis) - REVISAR (risco Invalid key length sob COLLATE GENERAL)
[Pattern #143] Linha 175: INDEX ON com 3 componentes (TAG RClis) - REVISAR (risco Invalid key length sob COLLATE GENERAL)
[Pattern #143] Linha 179: INDEX ON com 3 componentes (TAG Ceps) - REVISAR (risco Invalid key length sob COLLATE GENERAL)
[Pattern #143] Linha 181: INDEX ON com 3 componentes (TAG Ceps) - REVISAR (risco Invalid key length sob COLLATE GENERAL)
[Pattern #143] Linha 185: INDEX ON com 3 componentes (TAG Nascs) - REVISAR (risco Invalid key length sob COLLATE GENERAL)
[Pattern #143] Linha 187: INDEX ON com 3 componentes (TAG Nascs) - REVISAR (risco Invalid key length sob COLLATE GENERAL)
[Pattern #143] Linha 191: INDEX ON com 3 componentes (TAG Nascs) - REVISAR (risco Invalid key length sob COLLATE GENERAL)
[Pattern #143] Linha 193: INDEX ON com 3 componentes (TAG Nascs) - REVISAR (risco Invalid key length sob COLLATE GENERAL)
[Pattern #143] Linha 197: INDEX ON com 3 componentes (TAG Nascs) - REVISAR (risco Invalid key length sob COLLATE GENERAL)
[Pattern #143] Linha 199: INDEX ON com 3 componentes (TAG Nascs) - REVISAR (risco Invalid key length sob COLLATE GENERAL)
[Pattern #143] Linha 203: INDEX ON com 3 componentes (TAG Nascs) - REVISAR (risco Invalid key length sob COLLATE GENERAL)
[Pattern #143] Linha 205: INDEX ON com 3 componentes (TAG Nascs) - REVISAR (risco Invalid key length sob COLLATE GENERAL)

Correcoes aplicadas: 12

Detalhes:
  Linha 173: [WARN-INDEX-ON-COLLATE-GENERAL]
    Original:  INDEX ON Quebras + RClis + IClis DESCENDING TAG RClis
    Corrigido: (REVISAR MANUAL) SELECT-SQL com ORDER BY em vez de INDEX ON

  Linha 175: [WARN-INDEX-ON-COLLATE-GENERAL]
    Original:  INDEX ON Quebras + RClis + IClis TAG RClis
    Corrigido: (REVISAR MANUAL) SELECT-SQL com ORDER BY em vez de INDEX ON

  Linha 179: [WARN-INDEX-ON-COLLATE-GENERAL]
    Original:  INDEX ON Quebras + Ceps + IClis DESCENDING TAG Ceps
    Corrigido: (REVISAR MANUAL) SELECT-SQL com ORDER BY em vez de INDEX ON

  Linha 181: [WARN-INDEX-ON-COLLATE-GENERAL]
    Original:  INDEX ON Quebras + Ceps + IClis TAG Ceps
    Corrigido: (REVISAR MANUAL) SELECT-SQL com ORDER BY em vez de INDEX ON

  Linha 185: [WARN-INDEX-ON-COLLATE-GENERAL]
    Original:  INDEX ON Quebras + SUBSTR(DTOS(Nascs), 5) + IClis DESCENDING TAG Nascs
    Corrigido: (REVISAR MANUAL) SELECT-SQL com ORDER BY em vez de INDEX ON

  Linha 187: [WARN-INDEX-ON-COLLATE-GENERAL]
    Original:  INDEX ON Quebras + SUBSTR(DTOS(Nascs), 5) + IClis TAG Nascs
    Corrigido: (REVISAR MANUAL) SELECT-SQL com ORDER BY em vez de INDEX ON

  Linha 191: [WARN-INDEX-ON-COLLATE-GENERAL]
    Original:  INDEX ON Quebras + SUBSTR(DTOS(DtCasas), 5) + IClis DESCENDING TAG Nascs
    Corrigido: (REVISAR MANUAL) SELECT-SQL com ORDER BY em vez de INDEX ON

  Linha 193: [WARN-INDEX-ON-COLLATE-GENERAL]
    Original:  INDEX ON Quebras + SUBSTR(DTOS(DtCasas), 5) + IClis TAG Nascs
    Corrigido: (REVISAR MANUAL) SELECT-SQL com ORDER BY em vez de INDEX ON

  Linha 197: [WARN-INDEX-ON-COLLATE-GENERAL]
    Original:  INDEX ON Quebras + SUBSTR(DTOS(DtnCons), 5) + IClis DESCENDING TAG Nascs
    Corrigido: (REVISAR MANUAL) SELECT-SQL com ORDER BY em vez de INDEX ON

  Linha 199: [WARN-INDEX-ON-COLLATE-GENERAL]
    Original:  INDEX ON Quebras + SUBSTR(DTOS(DtnCons), 5) + IClis TAG Nascs
    Corrigido: (REVISAR MANUAL) SELECT-SQL com ORDER BY em vez de INDEX ON

  Linha 203: [WARN-INDEX-ON-COLLATE-GENERAL]
    Original:  INDEX ON Quebras + SUBSTR(DTOS(DatDtCom), 5) + IClis DESCENDING TAG Nascs
    Corrigido: (REVISAR MANUAL) SELECT-SQL com ORDER BY em vez de INDEX ON

  Linha 205: [WARN-INDEX-ON-COLLATE-GENERAL]
    Original:  INDEX ON Quebras + SUBSTR(DTOS(DatDtCom), 5) + IClis TAG Nascs
    Corrigido: (REVISAR MANUAL) SELECT-SQL com ORDER BY em vez de INDEX ON


=== CORRECAO CONCLUIDA ===
12 correcao(oes) aplicada(s).
=== CORRETOR AUTOMATICO ===

[597/612] SigReIprBO.prg                                   1,8s  -> sem correcoes
Arquivo: C:\4c\projeto\app\classes\SIGREIPSBO.prg

Backup criado: C:\4c\projeto\app\classes\SIGREIPSBO.prg.bak
Linhas originais: 216

Aplicando correcoes...
  Schema BIT columns carregadas: 202 colunas
[Pattern #143] Linha 263: INDEX ON com 3 componentes (TAG TpGruMoe) - REVISAR (risco Invalid key length sob COLLATE GENERAL)
[Pattern #143] Linha 437: INDEX ON com 7 componentes (TAG Imprimir2) - REVISAR (risco Invalid key length sob COLLATE GENERAL)
[Pattern #143] Linha 538: INDEX ON com 4 componentes (TAG EmpGrEsCp) - REVISAR (risco Invalid key length sob COLLATE GENERAL)
[Pattern #143] Linha 539: INDEX ON com 6 componentes (TAG chvCorTam) - REVISAR (risco Invalid key length sob COLLATE GENERAL)
[Pattern #143] Linha 587: INDEX ON com 4 componentes (TAG EGEPs) - REVISAR (risco Invalid key length sob COLLATE GENERAL)
[Pattern #143] Linha 588: INDEX ON com 5 componentes (TAG EGEPCs) - REVISAR (risco Invalid key length sob COLLATE GENERAL)
[Pattern #143] Linha 589: INDEX ON com 5 componentes (TAG EGEPTs) - REVISAR (risco Invalid key length sob COLLATE GENERAL)
[Pattern #143] Linha 590: INDEX ON com 6 componentes (TAG EGEPCTs) - REVISAR (risco Invalid key length sob COLLATE GENERAL)
[Pattern #143] Linha 658: INDEX ON com 3 componentes (TAG EmpPro1) - REVISAR (risco Invalid key length sob COLLATE GENERAL)
[Pattern #143] Linha 659: INDEX ON com 5 componentes (TAG EmpPro2) - REVISAR (risco Invalid key length sob COLLATE GENERAL)
[Pattern #143] Linha 660: INDEX ON com 3 componentes (TAG EmpPro3) - REVISAR (risco Invalid key length sob COLLATE GENERAL)
[Pattern #143] Linha 726: INDEX ON com 6 componentes (TAG EstCorTam) - REVISAR (risco Invalid key length sob COLLATE GENERAL)
[Pattern #143] Linha 780: INDEX ON com 3 componentes (TAG EmpPro1) - REVISAR (risco Invalid key length sob COLLATE GENERAL)
[Pattern #143] Linha 781: INDEX ON com 3 componentes (TAG EmpPro2) - REVISAR (risco Invalid key length sob COLLATE GENERAL)
[Pattern #143] Linha 782: INDEX ON com 3 componentes (TAG EmpPro3) - REVISAR (risco Invalid key length sob COLLATE GENERAL)
[Pattern #144] Linha 1358: REPORT FORM (loc_cFrx3) fora do helper canonico - REVISAR e refatorar para THIS.ExecutarReportForm

Correcoes aplicadas: 0


=== CORRECAO CONCLUIDA ===
Nenhuma correcao necessaria.
=== CORRETOR AUTOMATICO ===

Arquivo: C:\4c\projeto\app\classes\SigReIr1BO.prg

Backup criado: C:\4c\projeto\app\classes\SigReIr1BO.prg.bak
Linhas originais: 1851

[598/612] SIGREIPSBO.prg                                   1,4s  -> sem correcoes
Aplicando correcoes...

Correcoes aplicadas: 16

Detalhes:
  Linha 263: [WARN-INDEX-ON-COLLATE-GENERAL]
    Original:  INDEX ON Tipo + CGrus + Moedas TAG TpGruMoe
    Corrigido: (REVISAR MANUAL) SELECT-SQL com ORDER BY em vez de INDEX ON

  Linha 437: [WARN-INDEX-ON-COLLATE-GENERAL]
    Original:  INDEX ON GGrupo + STR(Ps, 1) + CPros + Emps + Grupos + Estos + STR(Ps2, 1) TAG Imprimir2
    Corrigido: (REVISAR MANUAL) SELECT-SQL com ORDER BY em vez de INDEX ON

  Linha 538: [WARN-INDEX-ON-COLLATE-GENERAL]
    Original:  INDEX ON Emps + Grupos + Estos + CPros TAG EmpGrEsCp
    Corrigido: (REVISAR MANUAL) SELECT-SQL com ORDER BY em vez de INDEX ON

  Linha 539: [WARN-INDEX-ON-COLLATE-GENERAL]
    Original:  INDEX ON Emps + Grupos + Estos + CPros + CodCors + CodTams TAG chvCorTam
    Corrigido: (REVISAR MANUAL) SELECT-SQL com ORDER BY em vez de INDEX ON

  Linha 587: [WARN-INDEX-ON-COLLATE-GENERAL]
    Original:  INDEX ON Emps + Grupos + Estos + CPros TAG EGEPs
    Corrigido: (REVISAR MANUAL) SELECT-SQL com ORDER BY em vez de INDEX ON

  Linha 588: [WARN-INDEX-ON-COLLATE-GENERAL]
    Original:  INDEX ON Emps + Grupos + Estos + CPros + CodCors TAG EGEPCs
    Corrigido: (REVISAR MANUAL) SELECT-SQL com ORDER BY em vez de INDEX ON

  Linha 589: [WARN-INDEX-ON-COLLATE-GENERAL]
    Original:  INDEX ON Emps + Grupos + Estos + CPros + CodTams TAG EGEPTs
    Corrigido: (REVISAR MANUAL) SELECT-SQL com ORDER BY em vez de INDEX ON

  Linha 590: [WARN-INDEX-ON-COLLATE-GENERAL]
    Original:  INDEX ON Emps + Grupos + Estos + CPros + CodCors + CodTams TAG EGEPCTs
    Corrigido: (REVISAR MANUAL) SELECT-SQL com ORDER BY em vez de INDEX ON

  Linha 658: [WARN-INDEX-ON-COLLATE-GENERAL]
    Original:  INDEX ON EmpGruEsts + CPros + cIdChaves TAG EmpPro1
    Corrigido: (REVISAR MANUAL) SELECT-SQL com ORDER BY em vez de INDEX ON

  Linha 659: [WARN-INDEX-ON-COLLATE-GENERAL]
    Original:  INDEX ON EmpGruEsts + CPros + CodCors + CodTams + cIdChaves DESCENDING TAG EmpPro2
    Corrigido: (REVISAR MANUAL) SELECT-SQL com ORDER BY em vez de INDEX ON

  Linha 660: [WARN-INDEX-ON-COLLATE-GENERAL]
    Original:  INDEX ON Emps + CPros + cIdChaves DESCENDING TAG EmpPro3
    Corrigido: (REVISAR MANUAL) SELECT-SQL com ORDER BY em vez de INDEX ON

  Linha 726: [WARN-INDEX-ON-COLLATE-GENERAL]
    Original:  INDEX ON Emps + Grupos + Estos + CPros + CodCors + CodTams TAG EstCorTam
    Corrigido: (REVISAR MANUAL) SELECT-SQL com ORDER BY em vez de INDEX ON

  Linha 780: [WARN-INDEX-ON-COLLATE-GENERAL]
    Original:  INDEX ON EmpGruEsts + CPros + cIdChaves TAG EmpPro1
    Corrigido: (REVISAR MANUAL) SELECT-SQL com ORDER BY em vez de INDEX ON

  Linha 781: [WARN-INDEX-ON-COLLATE-GENERAL]
    Original:  INDEX ON EmpGruEsts + CPros + cIdChaves DESCENDING TAG EmpPro2
    Corrigido: (REVISAR MANUAL) SELECT-SQL com ORDER BY em vez de INDEX ON

  Linha 782: [WARN-INDEX-ON-COLLATE-GENERAL]
    Original:  INDEX ON Emps + CPros + cIdChaves DESCENDING TAG EmpPro3
    Corrigido: (REVISAR MANUAL) SELECT-SQL com ORDER BY em vez de INDEX ON

  Linha 1358: [WARN-REPORT-FORM-LOCVAR-IIF]
    Original:  REPORT FORM (loc_cFrx3) TO PRINTER PROMPT NOCONSOLE
    Corrigido: (REVISAR MANUAL) THIS.ExecutarReportForm(<expr>, "PRINTER_PROMPT", "<cursor>")


=== CORRECAO CONCLUIDA ===
16 correcao(oes) aplicada(s).
=== CORRETOR AUTOMATICO ===

Arquivo: C:\4c\projeto\app\classes\SigReJobBO.prg

Backup criado: C:\4c\projeto\app\classes\SigReJobBO.prg.bak
Linhas originais: 1104

Aplicando correcoes...
  Schema BIT columns carregadas: 202 colunas
[599/612] SigReInvBO.prg                                   8,7s  -> sem correcoes
[Pattern #143] Linha 397: INDEX ON com 3 componentes (TAG CodTips) - REVISAR (risco Invalid key length sob COLLATE GENERAL)
[Pattern #143] Linha 418: INDEX ON com 3 componentes (TAG Ordem) - REVISAR (risco Invalid key length sob COLLATE GENERAL)
[Pattern #143] Linha 1477: INDEX ON com 4 componentes (TAG cItens) - REVISAR (risco Invalid key length sob COLLATE GENERAL)
[Pattern #144] Linha 1986: REPORT FORM (loc_cFrx) fora do helper canonico - REVISAR e refatorar para THIS.ExecutarReportForm

Correcoes aplicadas: 4

Detalhes:
  Linha 397: [WARN-INDEX-ON-COLLATE-GENERAL]
    Original:  INDEX ON Codigos + STR(Tipos, 1) + CodTips TAG CodTips
    Corrigido: (REVISAR MANUAL) SELECT-SQL com ORDER BY em vez de INDEX ON

  Linha 418: [WARN-INDEX-ON-COLLATE-GENERAL]
    Original:  INDEX ON Fator + CPros + STR(CItens, 10) TAG Ordem
    Corrigido: (REVISAR MANUAL) SELECT-SQL com ORDER BY em vez de INDEX ON

  Linha 1477: [WARN-INDEX-ON-COLLATE-GENERAL]
    Original:  INDEX ON STR(CItens, 4) + CodCors + CodTams + CodEmbs TAG cItens
    Corrigido: (REVISAR MANUAL) SELECT-SQL com ORDER BY em vez de INDEX ON

  Linha 1986: [WARN-REPORT-FORM-LOCVAR-IIF]
    Original:  REPORT FORM (loc_cFrx) PREVIEW NOCONSOLE
    Corrigido: (REVISAR MANUAL) THIS.ExecutarReportForm(<expr>, "PREVIEW", "<cursor>")


=== CORRECAO CONCLUIDA ===
4 correcao(oes) aplicada(s).
=== CORRETOR AUTOMATICO ===

Arquivo: C:\4c\projeto\app\classes\SigReJurBO.prg

Backup criado: C:\4c\projeto\app\classes\SigReJurBO.prg.bak
Linhas originais: 540

Aplicando correcoes...
[600/612] sigreifxBO.prg                                  16,3s  -> sem correcoes
[Pattern #143] Linha 468: INDEX ON com 4 componentes (TAG CPros) - REVISAR (risco Invalid key length sob COLLATE GENERAL)
[Pattern #143] Linha 637: INDEX ON com 5 componentes (TAG Chave1) - REVISAR (risco Invalid key length sob COLLATE GENERAL)
[Pattern #143] Linha 909: INDEX ON com 4 componentes (TAG TpProBar) - REVISAR (risco Invalid key length sob COLLATE GENERAL)
[Pattern #143] Linha 1094: INDEX ON com 3 componentes (TAG Produto) - REVISAR (risco Invalid key length sob COLLATE GENERAL)

Correcoes aplicadas: 4

Detalhes:
  Linha 468: [WARN-INDEX-ON-COLLATE-GENERAL]
    Original:  INDEX ON CPros + CodCors + CodTams + Contas TAG CPros
    Corrigido: (REVISAR MANUAL) SELECT-SQL com ORDER BY em vez de INDEX ON

  Linha 637: [WARN-INDEX-ON-COLLATE-GENERAL]
    Original:  INDEX ON Ps + Contas + CPros + CodCors + CodTams TAG Chave1
    Corrigido: (REVISAR MANUAL) SELECT-SQL com ORDER BY em vez de INDEX ON

  Linha 909: [WARN-INDEX-ON-COLLATE-GENERAL]
    Original:  INDEX ON Tipos + Contas + CPros + STR(CBars, 14) TAG TpProBar
    Corrigido: (REVISAR MANUAL) SELECT-SQL com ORDER BY em vez de INDEX ON

  Linha 1094: [WARN-INDEX-ON-COLLATE-GENERAL]
    Original:  INDEX ON Cpros + STR(CBars) + cGrus TAG Produto
    Corrigido: (REVISAR MANUAL) SELECT-SQL com ORDER BY em vez de INDEX ON


=== CORRECAO CONCLUIDA ===
4 correcao(oes) aplicada(s).
=== CORRETOR AUTOMATICO ===

Arquivo: C:\4c\projeto\app\classes\sigrepesBO.prg

Backup criado: C:\4c\projeto\app\classes\sigrepesBO.prg.bak
Linhas originais: 36

Aplicando correcoes...
[601/612] sigreinrBO.prg                                  11,7s  -> sem correcoes
  Schema BIT columns carregadas: 202 colunas

Correcoes aplicadas: 0


=== CORRECAO CONCLUIDA ===
Nenhuma correcao necessaria.
=== CORRETOR AUTOMATICO ===

Arquivo: C:\4c\projeto\app\classes\SigRePlcBO.prg

Backup criado: C:\4c\projeto\app\classes\SigRePlcBO.prg.bak
Linhas originais: 460

Aplicando correcoes...
[602/612] sigrepesBO.prg                                   1,0s  -> sem correcoes
  Schema BIT columns carregadas: 202 colunas

  Schema BIT columns carregadas: 202 colunas
Correcoes aplicadas: 0


=== CORRECAO CONCLUIDA ===
Nenhuma correcao necessaria.
=== CORRETOR AUTOMATICO ===

Arquivo: C:\4c\projeto\app\classes\SIGREVISBO.prg

Backup criado: C:\4c\projeto\app\classes\SIGREVISBO.prg.bak
Linhas originais: 322

Aplicando correcoes...
[603/612] SigReJurBO.prg                                   3,9s  -> sem correcoes
  Schema BIT columns carregadas: 202 colunas
  Schema BIT columns carregadas: 202 colunas

Correcoes aplicadas: 0


=== CORRECAO CONCLUIDA ===
Nenhuma correcao necessaria.
=== CORRETOR AUTOMATICO ===

Arquivo: C:\4c\projeto\app\classes\sigrevtoBO.prg

Backup criado: C:\4c\projeto\app\classes\sigrevtoBO.prg.bak
Linhas originais: 515

Aplicando correcoes...


[604/612] SigRePlcBO.prg                                   1,8s  -> sem correcoes
Correcoes aplicadas: 0


Correcoes aplicadas: 23
=== CORRECAO CONCLUIDA ===

Nenhuma correcao necessaria.
Detalhes:
  Linha 402: [NVL_BIT_FIELD_WARN]
    Original:  loc_lcExt = loc_lcExt + IIF(NVL(crSigMvJbC.Jb_072, 0) = 1, "Sim", "N" + CHR(227) + "o")
    Corrigido: (revisar manualmente)

  Linha 803: [NVL_BIT_FIELD_WARN]
    Original:  loc_lcVal = PADR("( " + IIF(NVL(crSigMvJbC.Jb_038, 0) = 1, "X", " ") + " )" + ;
    Corrigido: (revisar manualmente)

  Linha 807: [NVL_BIT_FIELD_WARN]
    Original:  PADR("( " + IIF(NVL(crSigMvJbC.Jb_039, 0) = 1, "X", " ") + " )" + ;
    Corrigido: (revisar manualmente)
=== CORRETOR AUTOMATICO ===


  Linha 811: [NVL_BIT_FIELD_WARN]
Arquivo: C:\4c\projeto\app\classes\sigtosenBO.prg

    Original:  PADR("( " + IIF(NVL(crSigMvJbC.Jb_040, 0) = 1, "X", " ") + " )" + ;
    Corrigido: (revisar manualmente)

  Linha 815: [NVL_BIT_FIELD_WARN]
Backup criado: C:\4c\projeto\app\classes\sigtosenBO.prg.bak
    Original:  PADR("( " + IIF(NVL(crSigMvJbC.Jb_041, 0) = 1, "X", " ") + " )" + ;
    Corrigido: (revisar manualmente)

  Linha 828: [NVL_BIT_FIELD_WARN]
    Original:  loc_lcVal = PADR("( " + IIF(NVL(crSigMvJbC.Jb_042, 0) = 1, "X", " ") + " )" + ;
    Corrigido: (revisar manualmente)

  Linha 832: [NVL_BIT_FIELD_WARN]
Linhas originais: 1467
    Original:  PADR("( " + IIF(NVL(crSigMvJbC.Jb_043, 0) = 1, "X", " ") + " )" + ;

    Corrigido: (revisar manualmente)
Aplicando correcoes...

  Linha 836: [NVL_BIT_FIELD_WARN]
    Original:  PADR("( " + IIF(NVL(crSigMvJbC.Jb_044, 0) = 1, "X", " ") + " )" + ;
    Corrigido: (revisar manualmente)

  Linha 849: [NVL_BIT_FIELD_WARN]
    Original:  loc_lcVal = PADR("( " + IIF(NVL(crSigMvJbC.Jb_049, 0) = 1, "X", " ") + " )" + ;
    Corrigido: (revisar manualmente)

  Linha 853: [NVL_BIT_FIELD_WARN]
    Original:  PADR("( " + IIF(NVL(crSigMvJbC.Jb_050, 0) = 1, "X", " ") + " )" + ;
    Corrigido: (revisar manualmente)

  Linha 866: [NVL_BIT_FIELD_WARN]
    Original:  loc_lcVal = PADR("( " + IIF(NVL(crSigMvJbC.Jb_051, 0) = 1, "X", " ") + " )" + ;
    Corrigido: (revisar manualmente)

  Linha 870: [NVL_BIT_FIELD_WARN]
    Original:  PADR("( " + IIF(NVL(crSigMvJbC.Jb_052, 0) = 1, "X", " ") + " )" + ;
    Corrigido: (revisar manualmente)

  Linha 874: [NVL_BIT_FIELD_WARN]
    Original:  "( " + IIF(NVL(crSigMvJbC.Jb_053, 0) = 1, "X", " ") + " )" + ;
    Corrigido: (revisar manualmente)

  Linha 888: [NVL_BIT_FIELD_WARN]
    Original:  loc_lcVal = PADR("( " + IIF(NVL(crSigMvJbC.Jb_054, 0) = 1, "X", " ") + " )" + ;
    Corrigido: (revisar manualmente)

  Linha 892: [NVL_BIT_FIELD_WARN]
    Original:  PADR("( " + IIF(NVL(crSigMvJbC.Jb_055, 0) = 1, "X", " ") + " )" + ;
    Corrigido: (revisar manualmente)

  Linha 896: [NVL_BIT_FIELD_WARN]
    Original:  "( " + IIF(NVL(crSigMvJbC.Jb_056, 0) = 1, "X", " ") + " )" + ;
    Corrigido: (revisar manualmente)

  Linha 963: [NVL_BIT_FIELD_WARN]
    Original:  PADR("( " + IIF(NVL(crSigMvJbC.Jb_063, 0) = 1, "X", " ") + " )" + ;
    Corrigido: (revisar manualmente)

  Linha 967: [NVL_BIT_FIELD_WARN]
    Original:  PADR("( " + IIF(NVL(crSigMvJbC.Jb_064, 0) = 1, "X", " ") + " )" + ;
    Corrigido: (revisar manualmente)

  Linha 971: [NVL_BIT_FIELD_WARN]
    Original:  PADR("( " + IIF(NVL(crSigMvJbC.Jb_065, 0) = 1, "X", " ") + " )" + ;
    Corrigido: (revisar manualmente)

  Linha 976: [NVL_BIT_FIELD_WARN]
    Original:  PADR("( " + IIF(NVL(crSigMvJbC.Jb_066, 0) = 1, "X", " ") + " )" + ;
    Corrigido: (revisar manualmente)

  Linha 980: [NVL_BIT_FIELD_WARN]
    Original:  PADR("( " + IIF(NVL(crSigMvJbC.Jb_067, 0) = 1, "X", " ") + " )" + ;
    Corrigido: (revisar manualmente)

  Linha 984: [NVL_BIT_FIELD_WARN]
    Original:  PADR("( " + IIF(NVL(crSigMvJbC.Jb_068, 0) = 1, "X", " ") + " )" + ;
    Corrigido: (revisar manualmente)

  Linha 988: [NVL_BIT_FIELD_WARN]
    Original:  PADR("( " + IIF(NVL(crSigMvJbC.Jb_069, 0) = 1, "X", " ") + " )" + ;
    Corrigido: (revisar manualmente)


=== CORRECAO CONCLUIDA ===
23 correcao(oes) aplicada(s).
=== CORRETOR AUTOMATICO ===

Arquivo: C:\4c\projeto\app\classes\SrvBO.prg

Backup criado: C:\4c\projeto\app\classes\SrvBO.prg.bak
Linhas originais: 626

Aplicando correcoes...
[605/612] SigReJobBO.prg                                   5,9s  -> sem correcoes
[606/612] SIGREVISBO.prg                                   1,2s  -> sem correcoes
  Schema BIT columns carregadas: 202 colunas

Correcoes aplicadas: 0


=== CORRECAO CONCLUIDA ===
Nenhuma correcao necessaria.
=== CORRETOR AUTOMATICO ===

Arquivo: C:\4c\projeto\app\classes\TamBO.prg

Backup criado: C:\4c\projeto\app\classes\TamBO.prg.bak
Linhas originais: 207

Aplicando correcoes...
[607/612] sigrevtoBO.prg                                   2,2s  -> sem correcoes
  Schema BIT columns carregadas: 202 colunas
  Schema BIT columns carregadas: 202 colunas

Correcoes aplicadas: 0


=== CORRECAO CONCLUIDA ===
Nenhuma correcao necessaria.
=== CORRETOR AUTOMATICO ===

Arquivo: C:\4c\projeto\app\classes\UfsBO.prg

Backup criado: C:\4c\projeto\app\classes\UfsBO.prg.bak
Linhas originais: 391

Aplicando correcoes...

Correcoes aplicadas: 0


=== CORRECAO CONCLUIDA ===
Nenhuma correcao necessaria.
[608/612] SrvBO.prg                                        3,2s  -> sem correcoes
[609/612] TamBO.prg                                        1,1s  -> sem correcoes
  Schema BIT columns carregadas: 202 colunas

Correcoes aplicadas: 0


=== CORRECAO CONCLUIDA ===
Nenhuma correcao necessaria.
[610/612] UfsBO.prg                                        1,7s  -> sem correcoes
  Schema BIT columns carregadas: 202 colunas
[Pattern #143] Linha 380: INDEX ON com 5 componentes (TAG Ordem) - REVISAR (risco Invalid key length sob COLLATE GENERAL)
[Pattern #143] Linha 618: INDEX ON com 4 componentes (TAG Ord1) - REVISAR (risco Invalid key length sob COLLATE GENERAL)
[Pattern #143] Linha 786: INDEX ON com 4 componentes (TAG CPros) - REVISAR (risco Invalid key length sob COLLATE GENERAL)
[Pattern #143] Linha 908: INDEX ON com 4 componentes (TAG Chave1) - REVISAR (risco Invalid key length sob COLLATE GENERAL)
[Pattern #143] Linha 1398: INDEX ON com 3 componentes (TAG TpProBar) - REVISAR (risco Invalid key length sob COLLATE GENERAL)
[Pattern #143] Linha 1573: INDEX ON com 3 componentes (TAG cmoedata) - REVISAR (risco Invalid key length sob COLLATE GENERAL)

Correcoes aplicadas: 6

Detalhes:
  Linha 380: [WARN-INDEX-ON-COLLATE-GENERAL]
    Original:  INDEX ON Ps + CPros + CodCors + CodTams + STR(Cbars, 14) TAG Ordem
    Corrigido: (REVISAR MANUAL) SELECT-SQL com ORDER BY em vez de INDEX ON

  Linha 618: [WARN-INDEX-ON-COLLATE-GENERAL]
    Original:  INDEX ON CGrus + IFors + CPros + Ps TAG Ord1
    Corrigido: (REVISAR MANUAL) SELECT-SQL com ORDER BY em vez de INDEX ON

  Linha 786: [WARN-INDEX-ON-COLLATE-GENERAL]
    Original:  INDEX ON CPros + CodCors + CodTams + Contas TAG CPros
    Corrigido: (REVISAR MANUAL) SELECT-SQL com ORDER BY em vez de INDEX ON

  Linha 908: [WARN-INDEX-ON-COLLATE-GENERAL]
    Original:  INDEX ON Ps + CGrus + IFors + CPros TAG Chave1
    Corrigido: (REVISAR MANUAL) SELECT-SQL com ORDER BY em vez de INDEX ON

  Linha 1398: [WARN-INDEX-ON-COLLATE-GENERAL]
    Original:  INDEX ON Tipos + CPros + STR(CBars,14) TAG TpProBar
    Corrigido: (REVISAR MANUAL) SELECT-SQL com ORDER BY em vez de INDEX ON

  Linha 1573: [WARN-INDEX-ON-COLLATE-GENERAL]
    Original:  INDEX ON cmoes + DTOS(datas) + horas TAG cmoedata
    Corrigido: (REVISAR MANUAL) SELECT-SQL com ORDER BY em vez de INDEX ON


=== CORRECAO CONCLUIDA ===
6 correcao(oes) aplicada(s).
[611/612] SigReIr1BO.prg                                  15,4s  -> sem correcoes
  Schema BIT columns carregadas: 202 colunas

Correcoes aplicadas: 1

Detalhes:
  Linha 1102: [NVL_BIT_FIELD_WARN]
    Original:  loc_lObrigNova = (NVL(crsigcdusu1.ObrigSenhas, 0) = 1) AND ;
    Corrigido: (revisar manualmente)


=== CORRECAO CONCLUIDA ===
1 correcao(oes) aplicada(s).
[612/612] sigtosenBO.prg                                  10,8s  -> sem correcoes

========================================
  RESUMO
========================================
  Arquivos com correcoes: 0
  Arquivos sem correcoes: 612
  Erros:                  0
  Tempo total:            00:24:56
  Media por arquivo:      2,4s (wall clock, com 4 workers)

Limpando arquivos .FXP...
FXP limpos!

Concluido!
